city,date,season,avg_temperature_c,precipitation_mm,top_soil_moisture,root_zone_moisture,year,month,month_name,temperature_2m_max,temperature_2m_min,temperature_2m_mean,relative_humidity_2m_mean,apparent_temperature_max,precipitation_sum,windspeed_10m_max,max_temp_c,rainfall_mm,water_lost_to_evaporation_mm,net_water_balance_mm,drought_status,max_temperature_c,heat_index_c,aqi_pm25,est_load_shedding_hours,kse100_trade_volume,population_density,electricity_access_pct,clean_water_access_pct,poverty_rate_pct,literacy_rate_pct,water_consumption_lpd,hospital_admissions,reported_deaths,official_deaths,heatstroke_cases,peak_temp_celsius,data_source,primary_labor_sector,reported_heatstroke_admissions,ilo_labor_productivity_loss_percent,healthcare_burden_million_pkr,lost_labor_wages_million_pkr,power_provider,avg_monthly_shortfall_mw,estimated_daily_outage_hours,avg_max_temp_c,est_labor_productivity_loss_percent,est_agri_gdp_loss_bln_pkr,healthcare_burden_status,avg_humidity_pct,heat_stress_level,productivity_loss_percent,est_economic_loss_billion_pkr,methodology_source,peak_summer_shortfall_mw,avg_summer_temp_c,avg_root_moisture,official_yield_tonnes
karachi,2021-01-01,Winter (Dec-Jan),17.55,0.0,0.27,0.46,2021,1,,,,,,,,,,,,,,,,,,,,,,,,,,,,,,,Construction & Transit,0,0.0,0.0,0.0,K-Electric,340,1,19.5,0.0,0.0,Baseline,65,Safe,0.0,0.0,ILO Labor Models (2019/2030); BMJ Global Health (2024),1200,,,
karachi,2021-01-02,Winter (Dec-Jan),18.64,0.0,0.27,0.46,2021,1,,,,,,,,,,,,,,,,,,,,,,,,,,,,,,,Construction & Transit,0,0.0,0.0,0.0,K-Electric,340,1,19.5,0.0,0.0,Baseline,65,Safe,0.0,0.0,ILO Labor Models (2019/2030); BMJ Global Health (2024),1200,,,
karachi,2021-01-03,Winter (Dec-Jan),18.0,0.0,0.27,0.46,2021,1,,,,,,,,,,,,,,,,,,,,,,,,,,,,,,,Construction & Transit,0,0.0,0.0,0.0,K-Electric,340,1,19.5,0.0,0.0,Baseline,65,Safe,0.0,0.0,ILO Labor Models (2019/2030); BMJ Global Health (2024),1200,,,
karachi,2021-01-04,Winter (Dec-Jan),18.12,0.0,0.26,0.46,2021,1,,,,,,,,,,,,,,,,,,,,,,,,,,,,,,,Construction & Transit,0,0.0,0.0,0.0,K-Electric,340,1,19.5,0.0,0.0,Baseline,65,Safe,0.0,0.0,ILO Labor Models (2019/2030); BMJ Global Health (2024),1200,,,
karachi,2021-01-05,Winter (Dec-Jan),18.25,0.0,0.26,0.46,2021,1,,,,,,,,,,,,,,,,,,,,,,,,,,,,,,,Construction & Transit,0,0.0,0.0,0.0,K-Electric,340,1,19.5,0.0,0.0,Baseline,65,Safe,0.0,0.0,ILO Labor Models (2019/2030); BMJ Global Health (2024),1200,,,
karachi,2021-01-06,Winter (Dec-Jan),18.47,0.0,0.25,0.46,2021,1,,,,,,,,,,,,,,,,,,,,,,,,,,,,,,,Construction & Transit,0,0.0,0.0,0.0,K-Electric,340,1,19.5,0.0,0.0,Baseline,65,Safe,0.0,0.0,ILO Labor Models (2019/2030); BMJ Global Health (2024),1200,,,
karachi,2021-01-07,Winter (Dec-Jan),17.95,0.0,0.24,0.46,2021,1,,,,,,,,,,,,,,,,,,,,,,,,,,,,,,,Construction & Transit,0,0.0,0.0,0.0,K-Electric,340,1,19.5,0.0,0.0,Baseline,65,Safe,0.0,0.0,ILO Labor Models (2019/2030); BMJ Global Health (2024),1200,,,
karachi,2021-01-08,Winter (Dec-Jan),16.55,0.0,0.24,0.46,2021,1,,,,,,,,,,,,,,,,,,,,,,,,,,,,,,,Construction & Transit,0,0.0,0.0,0.0,K-Electric,340,1,19.5,0.0,0.0,Baseline,65,Safe,0.0,0.0,ILO Labor Models (2019/2030); BMJ Global Health (2024),1200,,,
karachi,2021-01-09,Winter (Dec-Jan),17.07,0.0,0.23,0.46,2021,1,,,,,,,,,,,,,,,,,,,,,,,,,,,,,,,Construction & Transit,0,0.0,0.0,0.0,K-Electric,340,1,19.5,0.0,0.0,Baseline,65,Safe,0.0,0.0,ILO Labor Models (2019/2030); BMJ Global Health (2024),1200,,,
karachi,2021-01-10,Winter (Dec-Jan),17.67,0.0,0.22,0.46,2021,1,,,,,,,,,,,,,,,,,,,,,,,,,,,,,,,Construction & Transit,0,0.0,0.0,0.0,K-Electric,340,1,19.5,0.0,0.0,Baseline,65,Safe,0.0,0.0,ILO Labor Models (2019/2030); BMJ Global Health (2024),1200,,,
karachi,2021-01-11,Winter (Dec-Jan),18.92,0.0,0.22,0.46,2021,1,,,,,,,,,,,,,,,,,,,,,,,,,,,,,,,Construction & Transit,0,0.0,0.0,0.0,K-Electric,340,1,19.5,0.0,0.0,Baseline,65,Safe,0.0,0.0,ILO Labor Models (2019/2030); BMJ Global Health (2024),1200,,,
karachi,2021-01-12,Winter (Dec-Jan),19.29,0.0,0.21,0.46,2021,1,,,,,,,,,,,,,,,,,,,,,,,,,,,,,,,Construction & Transit,0,0.0,0.0,0.0,K-Electric,340,1,19.5,0.0,0.0,Baseline,65,Safe,0.0,0.0,ILO Labor Models (2019/2030); BMJ Global Health (2024),1200,,,
karachi,2021-01-13,Winter (Dec-Jan),19.65,0.0,0.21,0.46,2021,1,,,,,,,,,,,,,,,,,,,,,,,,,,,,,,,Construction & Transit,0,0.0,0.0,0.0,K-Electric,340,1,19.5,0.0,0.0,Baseline,65,Safe,0.0,0.0,ILO Labor Models (2019/2030); BMJ Global Health (2024),1200,,,
karachi,2021-01-14,Winter (Dec-Jan),20.28,0.0,0.2,0.46,2021,1,,,,,,,,,,,,,,,,,,,,,,,,,,,,,,,Construction & Transit,0,0.0,0.0,0.0,K-Electric,340,1,19.5,0.0,0.0,Baseline,65,Safe,0.0,0.0,ILO Labor Models (2019/2030); BMJ Global Health (2024),1200,,,
karachi,2021-01-15,Winter (Dec-Jan),20.0,0.0,0.2,0.46,2021,1,,,,,,,,,,,,,,,,,,,,,,,,,,,,,,,Construction & Transit,0,0.0,0.0,0.0,K-Electric,340,1,19.5,0.0,0.0,Baseline,65,Safe,0.0,0.0,ILO Labor Models (2019/2030); BMJ Global Health (2024),1200,,,
karachi,2021-01-16,Winter (Dec-Jan),20.0,0.0,0.2,0.46,2021,1,,,,,,,,,,,,,,,,,,,,,,,,,,,,,,,Construction & Transit,0,0.0,0.0,0.0,K-Electric,340,1,19.5,0.0,0.0,Baseline,65,Safe,0.0,0.0,ILO Labor Models (2019/2030); BMJ Global Health (2024),1200,,,
karachi,2021-01-17,Winter (Dec-Jan),19.47,0.0,0.19,0.46,2021,1,,,,,,,,,,,,,,,,,,,,,,,,,,,,,,,Construction & Transit,0,0.0,0.0,0.0,K-Electric,340,1,19.5,0.0,0.0,Baseline,65,Safe,0.0,0.0,ILO Labor Models (2019/2030); BMJ Global Health (2024),1200,,,
karachi,2021-01-18,Winter (Dec-Jan),19.49,0.0,0.19,0.46,2021,1,,,,,,,,,,,,,,,,,,,,,,,,,,,,,,,Construction & Transit,0,0.0,0.0,0.0,K-Electric,340,1,19.5,0.0,0.0,Baseline,65,Safe,0.0,0.0,ILO Labor Models (2019/2030); BMJ Global Health (2024),1200,,,
karachi,2021-01-19,Winter (Dec-Jan),18.95,0.0,0.19,0.46,2021,1,,,,,,,,,,,,,,,,,,,,,,,,,,,,,,,Construction & Transit,0,0.0,0.0,0.0,K-Electric,340,1,19.5,0.0,0.0,Baseline,65,Safe,0.0,0.0,ILO Labor Models (2019/2030); BMJ Global Health (2024),1200,,,
karachi,2021-01-20,Winter (Dec-Jan),20.26,0.0,0.18,0.46,2021,1,,,,,,,,,,,,,,,,,,,,,,,,,,,,,,,Construction & Transit,0,0.0,0.0,0.0,K-Electric,340,1,19.5,0.0,0.0,Baseline,65,Safe,0.0,0.0,ILO Labor Models (2019/2030); BMJ Global Health (2024),1200,,,
karachi,2021-01-21,Winter (Dec-Jan),20.79,0.0,0.18,0.46,2021,1,,,,,,,,,,,,,,,,,,,,,,,,,,,,,,,Construction & Transit,0,0.0,0.0,0.0,K-Electric,340,1,19.5,0.0,0.0,Baseline,65,Safe,0.0,0.0,ILO Labor Models (2019/2030); BMJ Global Health (2024),1200,,,
karachi,2021-01-22,Winter (Dec-Jan),21.41,0.0,0.18,0.46,2021,1,,,,,,,,,,,,,,,,,,,,,,,,,,,,,,,Construction & Transit,0,0.0,0.0,0.0,K-Electric,340,1,19.5,0.0,0.0,Baseline,65,Safe,0.0,0.0,ILO Labor Models (2019/2030); BMJ Global Health (2024),1200,,,
karachi,2021-01-23,Winter (Dec-Jan),20.35,0.0,0.18,0.46,2021,1,,,,,,,,,,,,,,,,,,,,,,,,,,,,,,,Construction & Transit,0,0.0,0.0,0.0,K-Electric,340,1,19.5,0.0,0.0,Baseline,65,Safe,0.0,0.0,ILO Labor Models (2019/2030); BMJ Global Health (2024),1200,,,
karachi,2021-01-24,Winter (Dec-Jan),19.4,0.0,0.18,0.46,2021,1,,,,,,,,,,,,,,,,,,,,,,,,,,,,,,,Construction & Transit,0,0.0,0.0,0.0,K-Electric,340,1,19.5,0.0,0.0,Baseline,65,Safe,0.0,0.0,ILO Labor Models (2019/2030); BMJ Global Health (2024),1200,,,
karachi,2021-01-25,Winter (Dec-Jan),18.46,0.0,0.17,0.46,2021,1,,,,,,,,,,,,,,,,,,,,,,,,,,,,,,,Construction & Transit,0,0.0,0.0,0.0,K-Electric,340,1,19.5,0.0,0.0,Baseline,65,Safe,0.0,0.0,ILO Labor Models (2019/2030); BMJ Global Health (2024),1200,,,
karachi,2021-01-26,Winter (Dec-Jan),18.36,0.0,0.17,0.46,2021,1,,,,,,,,,,,,,,,,,,,,,,,,,,,,,,,Construction & Transit,0,0.0,0.0,0.0,K-Electric,340,1,19.5,0.0,0.0,Baseline,65,Safe,0.0,0.0,ILO Labor Models (2019/2030); BMJ Global Health (2024),1200,,,
karachi,2021-01-27,Winter (Dec-Jan),18.35,0.0,0.17,0.46,2021,1,,,,,,,,,,,,,,,,,,,,,,,,,,,,,,,Construction & Transit,0,0.0,0.0,0.0,K-Electric,340,1,19.5,0.0,0.0,Baseline,65,Safe,0.0,0.0,ILO Labor Models (2019/2030); BMJ Global Health (2024),1200,,,
karachi,2021-01-28,Winter (Dec-Jan),18.49,0.0,0.17,0.46,2021,1,,,,,,,,,,,,,,,,,,,,,,,,,,,,,,,Construction & Transit,0,0.0,0.0,0.0,K-Electric,340,1,19.5,0.0,0.0,Baseline,65,Safe,0.0,0.0,ILO Labor Models (2019/2030); BMJ Global Health (2024),1200,,,
karachi,2021-01-29,Winter (Dec-Jan),18.75,0.0,0.17,0.46,2021,1,,,,,,,,,,,,,,,,,,,,,,,,,,,,,,,Construction & Transit,0,0.0,0.0,0.0,K-Electric,340,1,19.5,0.0,0.0,Baseline,65,Safe,0.0,0.0,ILO Labor Models (2019/2030); BMJ Global Health (2024),1200,,,
karachi,2021-01-30,Winter (Dec-Jan),18.79,0.0,0.16,0.46,2021,1,,,,,,,,,,,,,,,,,,,,,,,,,,,,,,,Construction & Transit,0,0.0,0.0,0.0,K-Electric,340,1,19.5,0.0,0.0,Baseline,65,Safe,0.0,0.0,ILO Labor Models (2019/2030); BMJ Global Health (2024),1200,,,
karachi,2021-01-31,Winter (Dec-Jan),19.78,0.0,0.16,0.46,2021,1,,,,,,,,,,,,,,,,,,,,,,,,,,,,,,,Construction & Transit,0,0.0,0.0,0.0,K-Electric,340,1,19.5,0.0,0.0,Baseline,65,Safe,0.0,0.0,ILO Labor Models (2019/2030); BMJ Global Health (2024),1200,,,
karachi,2021-05-01,Summer (May-Jul),29.16,0.22,0.24,0.46,2021,5,,,,,,,,,31.8,0.22,0.0,0.22,Surplus (Recharging),,,,,,,,,,,,,,,,,,Construction & Transit,1500,2.7,75.0,1215.0,K-Electric,1530,5,39.0,3.62,9.1,Critical (High Er Visits),30,Extreme,5.2,13.5,ILO Labor Models (2019/2030); BMJ Global Health (2024),1200,,,
karachi,2021-05-02,Summer (May-Jul),29.47,0.13,0.24,0.46,2021,5,,,,,,,,,33.58,0.13,0.0,0.13,Surplus (Recharging),,,,,,,,,,,,,,,,,,Construction & Transit,1500,2.7,75.0,1215.0,K-Electric,1530,5,39.0,3.62,9.1,Critical (High Er Visits),30,Extreme,5.2,13.5,ILO Labor Models (2019/2030); BMJ Global Health (2024),1200,,,
karachi,2021-05-03,Summer (May-Jul),28.6,0.21,0.25,0.46,2021,5,,,,,,,,,30.93,0.21,0.0,0.21,Surplus (Recharging),,,,,,,,,,,,,,,,,,Construction & Transit,1500,2.7,75.0,1215.0,K-Electric,1530,5,39.0,3.62,9.1,Critical (High Er Visits),30,Extreme,5.2,13.5,ILO Labor Models (2019/2030); BMJ Global Health (2024),1200,,,
karachi,2021-05-04,Summer (May-Jul),29.54,0.06,0.24,0.46,2021,5,,,,,,,,,34.07,0.06,0.0,0.06,Surplus (Recharging),,,,,,,,,,,,,,,,,,Construction & Transit,1500,2.7,75.0,1215.0,K-Electric,1530,5,39.0,3.62,9.1,Critical (High Er Visits),30,Extreme,5.2,13.5,ILO Labor Models (2019/2030); BMJ Global Health (2024),1200,,,
karachi,2021-05-05,Summer (May-Jul),29.78,0.19,0.24,0.46,2021,5,,,,,,,,,34.7,0.19,0.0,0.19,Surplus (Recharging),,,,,,,,,,,,,,,,,,Construction & Transit,1500,2.7,75.0,1215.0,K-Electric,1530,5,39.0,3.62,9.1,Critical (High Er Visits),30,Extreme,5.2,13.5,ILO Labor Models (2019/2030); BMJ Global Health (2024),1200,,,
karachi,2021-05-06,Summer (May-Jul),30.13,0.93,0.26,0.46,2021,5,,,,,,,,,35.21,0.93,0.0,0.93,Surplus (Recharging),,,,,,,,,,,,,,,,,,Construction & Transit,1500,2.7,75.0,1215.0,K-Electric,1530,5,39.0,3.62,9.1,Critical (High Er Visits),30,Extreme,5.2,13.5,ILO Labor Models (2019/2030); BMJ Global Health (2024),1200,,,
karachi,2021-05-07,Summer (May-Jul),30.45,0.0,0.26,0.46,2021,5,,,,,,,,,35.09,0.0,0.0,0.0,Surplus (Recharging),,,,,,,,,,,,,,,,,,Construction & Transit,1500,2.7,75.0,1215.0,K-Electric,1530,5,39.0,3.62,9.1,Critical (High Er Visits),30,Extreme,5.2,13.5,ILO Labor Models (2019/2030); BMJ Global Health (2024),1200,,,
karachi,2021-05-08,Summer (May-Jul),30.92,0.0,0.25,0.46,2021,5,,,,,,,,,35.92,0.0,0.0,0.0,Surplus (Recharging),,,,,,,,,,,,,,,,,,Construction & Transit,1500,2.7,75.0,1215.0,K-Electric,1530,5,39.0,3.62,9.1,Critical (High Er Visits),30,Extreme,5.2,13.5,ILO Labor Models (2019/2030); BMJ Global Health (2024),1200,,,
karachi,2021-05-09,Summer (May-Jul),30.59,0.0,0.24,0.46,2021,5,,,,,,,,,35.02,0.0,0.0,0.0,Surplus (Recharging),,,,,,,,,,,,,,,,,,Construction & Transit,1500,2.7,75.0,1215.0,K-Electric,1530,5,39.0,3.62,9.1,Critical (High Er Visits),30,Extreme,5.2,13.5,ILO Labor Models (2019/2030); BMJ Global Health (2024),1200,,,
karachi,2021-05-10,Summer (May-Jul),30.08,0.0,0.23,0.46,2021,5,,,,,,,,,34.34,0.0,0.0,0.0,Surplus (Recharging),,,,,,,,,,,,,,,,,,Construction & Transit,1500,2.7,75.0,1215.0,K-Electric,1530,5,39.0,3.62,9.1,Critical (High Er Visits),30,Extreme,5.2,13.5,ILO Labor Models (2019/2030); BMJ Global Health (2024),1200,,,
karachi,2021-05-11,Summer (May-Jul),29.88,0.02,0.22,0.46,2021,5,,,,,,,,,33.77,0.02,0.0,0.02,Surplus (Recharging),,,,,,,,,,,,,,,,,,Construction & Transit,1500,2.7,75.0,1215.0,K-Electric,1530,5,39.0,3.62,9.1,Critical (High Er Visits),30,Extreme,5.2,13.5,ILO Labor Models (2019/2030); BMJ Global Health (2024),1200,,,
karachi,2021-05-12,Summer (May-Jul),29.69,0.01,0.22,0.46,2021,5,,,,,,,,,33.76,0.01,0.0,0.01,Surplus (Recharging),,,,,,,,,,,,,,,,,,Construction & Transit,1500,2.7,75.0,1215.0,K-Electric,1530,5,39.0,3.62,9.1,Critical (High Er Visits),30,Extreme,5.2,13.5,ILO Labor Models (2019/2030); BMJ Global Health (2024),1200,,,
karachi,2021-05-13,Summer (May-Jul),30.09,0.01,0.21,0.46,2021,5,,,,,,,,,35.73,0.01,0.0,0.01,Surplus (Recharging),,,,,,,,,,,,,,,,,,Construction & Transit,1500,2.7,75.0,1215.0,K-Electric,1530,5,39.0,3.62,9.1,Critical (High Er Visits),30,Extreme,5.2,13.5,ILO Labor Models (2019/2030); BMJ Global Health (2024),1200,,,
karachi,2021-05-14,Summer (May-Jul),30.38,0.06,0.21,0.46,2021,5,,,,,,,,,36.45,0.06,0.0,0.06,Surplus (Recharging),,,,,,,,,,,,,,,,,,Construction & Transit,1500,2.7,75.0,1215.0,K-Electric,1530,5,39.0,3.62,9.1,Critical (High Er Visits),30,Extreme,5.2,13.5,ILO Labor Models (2019/2030); BMJ Global Health (2024),1200,,,
karachi,2021-05-15,Summer (May-Jul),30.64,0.08,0.21,0.46,2021,5,,,,,,,,,36.54,0.08,0.0,0.08,Surplus (Recharging),,,,,,,,,,,,,,,,,,Construction & Transit,1500,2.7,75.0,1215.0,K-Electric,1530,5,39.0,3.62,9.1,Critical (High Er Visits),30,Extreme,5.2,13.5,ILO Labor Models (2019/2030); BMJ Global Health (2024),1200,,,
karachi,2021-05-16,Summer (May-Jul),33.14,3.34,0.27,0.46,2021,5,,,,,,,,,39.57,3.34,0.0,3.34,Surplus (Recharging),,,,,,,,,,,,,,,,,,Construction & Transit,1500,2.7,75.0,1215.0,K-Electric,1530,5,39.0,3.62,9.1,Critical (High Er Visits),30,Extreme,5.2,13.5,ILO Labor Models (2019/2030); BMJ Global Health (2024),1200,,,
karachi,2021-05-17,Summer (May-Jul),32.71,17.44,0.47,0.49,2021,5,,,,,,,,,38.12,17.44,0.0,17.44,Surplus (Recharging),,,,,,,,,,,,,,,,,,Construction & Transit,1500,2.7,75.0,1215.0,K-Electric,1530,5,39.0,3.62,9.1,Critical (High Er Visits),30,Extreme,5.2,13.5,ILO Labor Models (2019/2030); BMJ Global Health (2024),1200,,,
karachi,2021-05-18,Summer (May-Jul),32.65,3.57,0.4,0.49,2021,5,,,,,,,,,38.06,3.57,0.0,3.57,Surplus (Recharging),,,,,,,,,,,,,,,,,,Construction & Transit,1500,2.7,75.0,1215.0,K-Electric,1530,5,39.0,3.62,9.1,Critical (High Er Visits),30,Extreme,5.2,13.5,ILO Labor Models (2019/2030); BMJ Global Health (2024),1200,,,
karachi,2021-05-19,Summer (May-Jul),30.89,5.21,0.49,0.49,2021,5,,,,,,,,,35.37,5.21,0.01,5.2,Surplus (Recharging),,,,,,,,,,,,,,,,,,Construction & Transit,1500,2.7,75.0,1215.0,K-Electric,1530,5,39.0,3.62,9.1,Critical (High Er Visits),30,Extreme,5.2,13.5,ILO Labor Models (2019/2030); BMJ Global Health (2024),1200,,,
karachi,2021-05-20,Summer (May-Jul),29.67,9.46,0.52,0.5,2021,5,,,,,,,,,33.82,9.46,0.0,9.46,Surplus (Recharging),,,,,,,,,,,,,,,,,,Construction & Transit,1500,2.7,75.0,1215.0,K-Electric,1530,5,39.0,3.62,9.1,Critical (High Er Visits),30,Extreme,5.2,13.5,ILO Labor Models (2019/2030); BMJ Global Health (2024),1200,,,
karachi,2021-05-21,Summer (May-Jul),30.04,3.69,0.5,0.51,2021,5,,,,,,,,,33.95,3.69,0.01,3.68,Surplus (Recharging),,,,,,,,,,,,,,,,,,Construction & Transit,1500,2.7,75.0,1215.0,K-Electric,1530,5,39.0,3.62,9.1,Critical (High Er Visits),30,Extreme,5.2,13.5,ILO Labor Models (2019/2030); BMJ Global Health (2024),1200,,,
karachi,2021-05-22,Summer (May-Jul),30.05,0.2,0.44,0.51,2021,5,,,,,,,,,33.94,0.2,0.01,0.19,Surplus (Recharging),,,,,,,,,,,,,,,,,,Construction & Transit,1500,2.7,75.0,1215.0,K-Electric,1530,5,39.0,3.62,9.1,Critical (High Er Visits),30,Extreme,5.2,13.5,ILO Labor Models (2019/2030); BMJ Global Health (2024),1200,,,
karachi,2021-05-23,Summer (May-Jul),29.74,0.58,0.44,0.51,2021,5,,,,,,,,,33.95,0.58,0.01,0.57,Surplus (Recharging),,,,,,,,,,,,,,,,,,Construction & Transit,1500,2.7,75.0,1215.0,K-Electric,1530,5,39.0,3.62,9.1,Critical (High Er Visits),30,Extreme,5.2,13.5,ILO Labor Models (2019/2030); BMJ Global Health (2024),1200,,,
karachi,2021-05-24,Summer (May-Jul),29.18,0.07,0.43,0.5,2021,5,,,,,,,,,32.43,0.07,0.01,0.06,Surplus (Recharging),,,,,,,,,,,,,,,,,,Construction & Transit,1500,2.7,75.0,1215.0,K-Electric,1530,5,39.0,3.62,9.1,Critical (High Er Visits),30,Extreme,5.2,13.5,ILO Labor Models (2019/2030); BMJ Global Health (2024),1200,,,
karachi,2021-05-25,Summer (May-Jul),29.97,0.06,0.43,0.5,2021,5,,,,,,,,,33.57,0.06,0.01,0.05,Surplus (Recharging),,,,,,,,,,,,,,,,,,Construction & Transit,1500,2.7,75.0,1215.0,K-Electric,1530,5,39.0,3.62,9.1,Critical (High Er Visits),30,Extreme,5.2,13.5,ILO Labor Models (2019/2030); BMJ Global Health (2024),1200,,,
karachi,2021-05-26,Summer (May-Jul),30.48,0.01,0.42,0.5,2021,5,,,,,,,,,34.09,0.01,0.01,0.0,Surplus (Recharging),,,,,,,,,,,,,,,,,,Construction & Transit,1500,2.7,75.0,1215.0,K-Electric,1530,5,39.0,3.62,9.1,Critical (High Er Visits),30,Extreme,5.2,13.5,ILO Labor Models (2019/2030); BMJ Global Health (2024),1200,,,
karachi,2021-05-27,Summer (May-Jul),31.02,0.0,0.41,0.49,2021,5,,,,,,,,,35.33,0.0,0.01,-0.01,Severe Deficit (Water Loss),,,,,,,,,,,,,,,,,,Construction & Transit,1500,2.7,75.0,1215.0,K-Electric,1530,5,39.0,3.62,9.1,Critical (High Er Visits),30,Extreme,5.2,13.5,ILO Labor Models (2019/2030); BMJ Global Health (2024),1200,,,
karachi,2021-05-28,Summer (May-Jul),30.43,0.0,0.41,0.49,2021,5,,,,,,,,,34.13,0.0,0.01,-0.01,Severe Deficit (Water Loss),,,,,,,,,,,,,,,,,,Construction & Transit,1500,2.7,75.0,1215.0,K-Electric,1530,5,39.0,3.62,9.1,Critical (High Er Visits),30,Extreme,5.2,13.5,ILO Labor Models (2019/2030); BMJ Global Health (2024),1200,,,
karachi,2021-05-29,Summer (May-Jul),30.23,0.0,0.41,0.49,2021,5,,,,,,,,,33.71,0.0,0.01,-0.01,Severe Deficit (Water Loss),,,,,,,,,,,,,,,,,,Construction & Transit,1500,2.7,75.0,1215.0,K-Electric,1530,5,39.0,3.62,9.1,Critical (High Er Visits),30,Extreme,5.2,13.5,ILO Labor Models (2019/2030); BMJ Global Health (2024),1200,,,
karachi,2021-05-30,Summer (May-Jul),30.27,0.0,0.4,0.49,2021,5,,,,,,,,,33.83,0.0,0.01,-0.01,Severe Deficit (Water Loss),,,,,,,,,,,,,,,,,,Construction & Transit,1500,2.7,75.0,1215.0,K-Electric,1530,5,39.0,3.62,9.1,Critical (High Er Visits),30,Extreme,5.2,13.5,ILO Labor Models (2019/2030); BMJ Global Health (2024),1200,,,
karachi,2021-05-31,Summer (May-Jul),30.23,0.0,0.4,0.48,2021,5,,,,,,,,,33.77,0.0,0.01,-0.01,Severe Deficit (Water Loss),,,,,,,,,,,,,,,,,,Construction & Transit,1500,2.7,75.0,1215.0,K-Electric,1530,5,39.0,3.62,9.1,Critical (High Er Visits),30,Extreme,5.2,13.5,ILO Labor Models (2019/2030); BMJ Global Health (2024),1200,,,
karachi,2021-06-01,Summer (May-Jul),30.38,0.0,0.39,0.48,2021,6,June,33.2,28.4,30.3,79.0,38.3,0.0,31.7,33.5,0.0,0.01,-0.01,Severe Deficit (Water Loss),38.2,46.4,147.0,8.0,129116573.0,4300.0,89.2,69.0,23.8,73.1,163.0,327.0,16.0,10.0,933.0,40.8,Pdma Sindh,Construction & Transit,2500,4.5,125.0,3375.0,K-Electric,2040,7,40.5,4.13,10.3,Critical (High Er Visits),40,Extreme,6.8,17.8,ILO Labor Models (2019/2030); BMJ Global Health (2024),1200,,,
karachi,2021-06-02,Summer (May-Jul),30.44,0.0,0.38,0.48,2021,6,June,32.5,28.7,30.3,74.0,36.8,0.0,27.8,33.42,0.0,0.0,0.0,Surplus (Recharging),36.7,40.7,144.0,6.0,144213496.0,4300.0,89.2,69.0,23.8,73.1,163.0,327.0,16.0,10.0,933.0,40.8,Pdma Sindh,Construction & Transit,2500,4.5,125.0,3375.0,K-Electric,2040,7,40.5,4.13,10.3,Critical (High Er Visits),40,Extreme,6.8,17.8,ILO Labor Models (2019/2030); BMJ Global Health (2024),1200,,,
karachi,2021-06-03,Summer (May-Jul),30.45,0.0,0.37,0.48,2021,6,June,32.4,28.7,30.2,74.0,37.1,0.2,23.7,33.16,0.0,0.0,0.0,Surplus (Recharging),38.6,43.6,150.0,6.0,149105680.0,4300.0,89.2,69.0,23.8,73.1,163.0,327.0,16.0,10.0,933.0,40.8,Pdma Sindh,Construction & Transit,2500,4.5,125.0,3375.0,K-Electric,2040,7,40.5,4.13,10.3,Critical (High Er Visits),40,Extreme,6.8,17.8,ILO Labor Models (2019/2030); BMJ Global Health (2024),1200,,,
karachi,2021-06-04,Summer (May-Jul),30.7,0.0,0.36,0.48,2021,6,June,32.0,28.6,30.1,73.0,36.6,0.0,22.2,33.8,0.0,0.0,0.0,Surplus (Recharging),40.8,46.4,169.0,11.0,134644791.0,4300.0,89.2,69.0,23.8,73.1,163.0,327.0,16.0,10.0,933.0,40.8,Pdma Sindh,Construction & Transit,2500,4.5,125.0,3375.0,K-Electric,2040,7,40.5,4.13,10.3,Critical (High Er Visits),40,Extreme,6.8,17.8,ILO Labor Models (2019/2030); BMJ Global Health (2024),1200,,,
karachi,2021-06-05,Summer (May-Jul),30.71,0.3,0.35,0.47,2021,6,June,32.0,28.6,30.0,74.0,37.4,0.1,24.2,33.49,0.3,0.0,0.3,Surplus (Recharging),36.4,42.6,133.0,3.0,145265436.0,4300.0,89.2,69.0,23.8,73.1,163.0,327.0,16.0,10.0,933.0,40.8,Pdma Sindh,Construction & Transit,2500,4.5,125.0,3375.0,K-Electric,2040,7,40.5,4.13,10.3,Critical (High Er Visits),40,Extreme,6.8,17.8,ILO Labor Models (2019/2030); BMJ Global Health (2024),1200,,,
karachi,2021-06-06,Summer (May-Jul),31.02,0.43,0.35,0.47,2021,6,June,31.7,28.2,30.0,72.0,36.0,0.2,21.4,33.79,0.43,0.0,0.43,Surplus (Recharging),36.4,44.2,134.0,14.0,122994992.0,4300.0,89.2,69.0,23.8,73.1,163.0,327.0,16.0,10.0,933.0,40.8,Pdma Sindh,Construction & Transit,2500,4.5,125.0,3375.0,K-Electric,2040,7,40.5,4.13,10.3,Critical (High Er Visits),40,Extreme,6.8,17.8,ILO Labor Models (2019/2030); BMJ Global Health (2024),1200,,,
karachi,2021-06-07,Summer (May-Jul),30.9,0.06,0.34,0.47,2021,6,June,32.5,28.5,30.3,71.0,36.6,0.0,28.6,33.69,0.06,0.0,0.06,Surplus (Recharging),40.9,45.3,145.0,13.0,111095065.0,4300.0,89.2,69.0,23.8,73.1,163.0,327.0,16.0,10.0,933.0,40.8,Pdma Sindh,Construction & Transit,2500,4.5,125.0,3375.0,K-Electric,2040,7,40.5,4.13,10.3,Critical (High Er Visits),40,Extreme,6.8,17.8,ILO Labor Models (2019/2030); BMJ Global Health (2024),1200,,,
karachi,2021-06-08,Summer (May-Jul),30.8,0.08,0.33,0.47,2021,6,June,32.8,29.0,30.4,72.0,35.4,0.5,34.9,33.51,0.08,0.0,0.08,Surplus (Recharging),38.9,46.5,154.0,14.0,116683951.0,4300.0,89.2,69.0,23.8,73.1,163.0,327.0,16.0,10.0,933.0,40.8,Pdma Sindh,Construction & Transit,2500,4.5,125.0,3375.0,K-Electric,2040,7,40.5,4.13,10.3,Critical (High Er Visits),40,Extreme,6.8,17.8,ILO Labor Models (2019/2030); BMJ Global Health (2024),1200,,,
karachi,2021-06-09,Summer (May-Jul),30.62,0.06,0.33,0.47,2021,6,June,31.9,28.6,30.2,75.0,33.7,0.3,37.5,33.02,0.06,0.0,0.06,Surplus (Recharging),35.8,40.1,105.0,5.0,125587098.0,4300.0,89.2,69.0,23.8,73.1,163.0,327.0,16.0,10.0,933.0,40.8,Pdma Sindh,Construction & Transit,2500,4.5,125.0,3375.0,K-Electric,2040,7,40.5,4.13,10.3,Critical (High Er Visits),40,Extreme,6.8,17.8,ILO Labor Models (2019/2030); BMJ Global Health (2024),1200,,,
karachi,2021-06-10,Summer (May-Jul),30.73,0.02,0.32,0.47,2021,6,June,32.6,28.5,30.2,75.0,35.4,0.6,33.5,33.23,0.02,0.0,0.02,Surplus (Recharging),38.4,46.2,151.0,11.0,123126853.0,4300.0,89.2,69.0,23.8,73.1,163.0,327.0,16.0,10.0,933.0,40.8,Pdma Sindh,Construction & Transit,2500,4.5,125.0,3375.0,K-Electric,2040,7,40.5,4.13,10.3,Critical (High Er Visits),40,Extreme,6.8,17.8,ILO Labor Models (2019/2030); BMJ Global Health (2024),1200,,,
karachi,2021-06-11,Summer (May-Jul),30.93,0.0,0.31,0.47,2021,6,June,32.5,28.6,30.3,76.0,35.1,0.0,35.0,33.44,0.0,0.0,0.0,Surplus (Recharging),35.8,40.0,127.0,7.0,133386466.0,4300.0,89.2,69.0,23.8,73.1,163.0,327.0,16.0,10.0,933.0,40.8,Pdma Sindh,Construction & Transit,2500,4.5,125.0,3375.0,K-Electric,2040,7,40.5,4.13,10.3,Critical (High Er Visits),40,Extreme,6.8,17.8,ILO Labor Models (2019/2030); BMJ Global Health (2024),1200,,,
karachi,2021-06-12,Summer (May-Jul),30.89,0.0,0.31,0.47,2021,6,June,31.6,28.8,30.0,78.0,34.1,2.2,36.7,33.18,0.0,0.0,0.0,Surplus (Recharging),35.8,39.9,136.0,6.0,152221286.0,4300.0,89.2,69.0,23.8,73.1,163.0,327.0,16.0,10.0,933.0,40.8,Pdma Sindh,Construction & Transit,2500,4.5,125.0,3375.0,K-Electric,2040,7,40.5,4.13,10.3,Critical (High Er Visits),40,Extreme,6.8,17.8,ILO Labor Models (2019/2030); BMJ Global Health (2024),1200,,,
karachi,2021-06-13,Summer (May-Jul),30.82,0.0,0.3,0.47,2021,6,June,32.3,28.7,30.1,78.0,35.7,0.4,31.3,33.38,0.0,0.0,0.0,Surplus (Recharging),37.6,44.7,126.0,13.0,115210171.0,4300.0,89.2,69.0,23.8,73.1,163.0,327.0,16.0,10.0,933.0,40.8,Pdma Sindh,Construction & Transit,2500,4.5,125.0,3375.0,K-Electric,2040,7,40.5,4.13,10.3,Critical (High Er Visits),40,Extreme,6.8,17.8,ILO Labor Models (2019/2030); BMJ Global Health (2024),1200,,,
karachi,2021-06-14,Summer (May-Jul),30.84,0.0,0.29,0.46,2021,6,June,31.0,28.5,29.6,80.0,34.6,0.6,29.0,33.55,0.0,0.0,0.0,Surplus (Recharging),32.2,40.7,77.0,4.0,140900428.0,4300.0,89.2,69.0,23.8,73.1,163.0,327.0,16.0,10.0,933.0,40.8,Pdma Sindh,Construction & Transit,2500,4.5,125.0,3375.0,K-Electric,2040,7,40.5,4.13,10.3,Critical (High Er Visits),40,Extreme,6.8,17.8,ILO Labor Models (2019/2030); BMJ Global Health (2024),1200,,,
karachi,2021-06-15,Summer (May-Jul),30.91,0.1,0.29,0.46,2021,6,June,31.8,28.1,29.8,79.0,36.4,0.6,29.2,33.82,0.1,0.0,0.1,Surplus (Recharging),32.7,40.7,107.0,3.0,144869614.0,4300.0,89.2,69.0,23.8,73.1,163.0,327.0,16.0,10.0,933.0,40.8,Pdma Sindh,Construction & Transit,2500,4.5,125.0,3375.0,K-Electric,2040,7,40.5,4.13,10.3,Critical (High Er Visits),40,Extreme,6.8,17.8,ILO Labor Models (2019/2030); BMJ Global Health (2024),1200,,,
karachi,2021-06-16,Summer (May-Jul),31.26,0.08,0.28,0.46,2021,6,June,31.8,28.8,30.1,80.0,37.2,0.9,25.0,34.61,0.08,0.0,0.08,Surplus (Recharging),35.6,42.2,114.0,4.0,135451796.0,4300.0,89.2,69.0,23.8,73.1,163.0,327.0,16.0,10.0,933.0,40.8,Pdma Sindh,Construction & Transit,2500,4.5,125.0,3375.0,K-Electric,2040,7,40.5,4.13,10.3,Critical (High Er Visits),40,Extreme,6.8,17.8,ILO Labor Models (2019/2030); BMJ Global Health (2024),1200,,,
karachi,2021-06-17,Summer (May-Jul),30.84,0.11,0.27,0.46,2021,6,June,31.6,28.6,30.0,80.0,37.8,1.2,21.7,34.1,0.11,0.0,0.11,Surplus (Recharging),34.5,42.6,96.0,4.0,131975072.0,4300.0,89.2,69.0,23.8,73.1,163.0,327.0,16.0,10.0,933.0,40.8,Pdma Sindh,Construction & Transit,2500,4.5,125.0,3375.0,K-Electric,2040,7,40.5,4.13,10.3,Critical (High Er Visits),40,Extreme,6.8,17.8,ILO Labor Models (2019/2030); BMJ Global Health (2024),1200,,,
karachi,2021-06-18,Summer (May-Jul),30.81,0.06,0.26,0.46,2021,6,June,32.0,28.2,29.9,76.0,37.4,0.0,23.7,34.38,0.06,0.0,0.06,Surplus (Recharging),37.8,41.8,154.0,3.0,155488113.0,4300.0,89.2,69.0,23.8,73.1,163.0,327.0,16.0,10.0,933.0,40.8,Pdma Sindh,Construction & Transit,2500,4.5,125.0,3375.0,K-Electric,2040,7,40.5,4.13,10.3,Critical (High Er Visits),40,Extreme,6.8,17.8,ILO Labor Models (2019/2030); BMJ Global Health (2024),1200,,,
karachi,2021-06-19,Summer (May-Jul),30.53,0.14,0.25,0.46,2021,6,June,32.2,28.7,30.2,75.0,35.8,0.2,28.6,33.45,0.14,0.0,0.14,Surplus (Recharging),34.7,43.1,148.0,7.0,122690825.0,4300.0,89.2,69.0,23.8,73.1,163.0,327.0,16.0,10.0,933.0,40.8,Pdma Sindh,Construction & Transit,2500,4.5,125.0,3375.0,K-Electric,2040,7,40.5,4.13,10.3,Critical (High Er Visits),40,Extreme,6.8,17.8,ILO Labor Models (2019/2030); BMJ Global Health (2024),1200,,,
karachi,2021-06-20,Summer (May-Jul),30.64,0.11,0.25,0.46,2021,6,June,32.5,28.6,30.3,69.0,35.2,0.0,31.8,33.35,0.11,0.0,0.11,Surplus (Recharging),33.5,39.7,105.0,4.0,126720819.0,4300.0,89.2,69.0,23.8,73.1,163.0,327.0,16.0,10.0,933.0,40.8,Pdma Sindh,Construction & Transit,2500,4.5,125.0,3375.0,K-Electric,2040,7,40.5,4.13,10.3,Critical (High Er Visits),40,Extreme,6.8,17.8,ILO Labor Models (2019/2030); BMJ Global Health (2024),1200,,,
karachi,2021-06-21,Summer (May-Jul),30.42,0.0,0.24,0.46,2021,6,June,32.4,28.9,30.2,72.0,34.5,0.5,32.8,33.11,0.0,0.0,0.0,Surplus (Recharging),40.7,48.0,159.0,12.0,126802653.0,4300.0,89.2,69.0,23.8,73.1,163.0,327.0,16.0,10.0,933.0,40.8,Pdma Sindh,Construction & Transit,2500,4.5,125.0,3375.0,K-Electric,2040,7,40.5,4.13,10.3,Critical (High Er Visits),40,Extreme,6.8,17.8,ILO Labor Models (2019/2030); BMJ Global Health (2024),1200,,,
karachi,2021-06-22,Summer (May-Jul),30.13,0.0,0.24,0.46,2021,6,June,32.3,28.4,29.9,73.0,35.5,0.2,30.9,33.03,0.0,0.0,0.0,Surplus (Recharging),36.4,44.1,130.0,12.0,131578148.0,4300.0,89.2,69.0,23.8,73.1,163.0,327.0,16.0,10.0,933.0,40.8,Pdma Sindh,Construction & Transit,2500,4.5,125.0,3375.0,K-Electric,2040,7,40.5,4.13,10.3,Critical (High Er Visits),40,Extreme,6.8,17.8,ILO Labor Models (2019/2030); BMJ Global Health (2024),1200,,,
karachi,2021-06-23,Summer (May-Jul),29.68,0.0,0.23,0.46,2021,6,June,32.0,28.4,30.0,70.0,34.6,0.0,28.9,32.5,0.0,0.0,0.0,Surplus (Recharging),37.2,44.4,129.0,14.0,110485903.0,4300.0,89.2,69.0,23.8,73.1,163.0,327.0,16.0,10.0,933.0,40.8,Pdma Sindh,Construction & Transit,2500,4.5,125.0,3375.0,K-Electric,2040,7,40.5,4.13,10.3,Critical (High Er Visits),40,Extreme,6.8,17.8,ILO Labor Models (2019/2030); BMJ Global Health (2024),1200,,,
karachi,2021-06-24,Summer (May-Jul),29.84,0.0,0.23,0.46,2021,6,June,31.8,28.3,29.8,71.0,33.7,0.0,32.8,32.55,0.0,0.0,0.0,Surplus (Recharging),33.4,39.8,126.0,7.0,128139465.0,4300.0,89.2,69.0,23.8,73.1,163.0,327.0,16.0,10.0,933.0,40.8,Pdma Sindh,Construction & Transit,2500,4.5,125.0,3375.0,K-Electric,2040,7,40.5,4.13,10.3,Critical (High Er Visits),40,Extreme,6.8,17.8,ILO Labor Models (2019/2030); BMJ Global Health (2024),1200,,,
karachi,2021-06-25,Summer (May-Jul),29.7,0.02,0.22,0.46,2021,6,June,32.2,28.4,29.9,70.0,33.8,0.0,37.7,32.52,0.02,0.0,0.02,Surplus (Recharging),35.6,41.7,145.0,6.0,137825435.0,4300.0,89.2,69.0,23.8,73.1,163.0,327.0,16.0,10.0,933.0,40.8,Pdma Sindh,Construction & Transit,2500,4.5,125.0,3375.0,K-Electric,2040,7,40.5,4.13,10.3,Critical (High Er Visits),40,Extreme,6.8,17.8,ILO Labor Models (2019/2030); BMJ Global Health (2024),1200,,,
karachi,2021-06-26,Summer (May-Jul),29.98,0.02,0.22,0.46,2021,6,June,31.8,28.3,29.9,72.0,33.9,0.2,34.6,32.61,0.02,0.0,0.02,Surplus (Recharging),37.3,45.1,127.0,11.0,115421473.0,4300.0,89.2,69.0,23.8,73.1,163.0,327.0,16.0,10.0,933.0,40.8,Pdma Sindh,Construction & Transit,2500,4.5,125.0,3375.0,K-Electric,2040,7,40.5,4.13,10.3,Critical (High Er Visits),40,Extreme,6.8,17.8,ILO Labor Models (2019/2030); BMJ Global Health (2024),1200,,,
karachi,2021-06-27,Summer (May-Jul),29.98,0.03,0.22,0.46,2021,6,June,32.1,28.1,29.9,71.0,34.3,0.0,30.6,32.75,0.03,0.0,0.03,Surplus (Recharging),34.1,39.0,121.0,5.0,129682874.0,4300.0,89.2,69.0,23.8,73.1,163.0,327.0,16.0,10.0,933.0,40.8,Pdma Sindh,Construction & Transit,2500,4.5,125.0,3375.0,K-Electric,2040,7,40.5,4.13,10.3,Critical (High Er Visits),40,Extreme,6.8,17.8,ILO Labor Models (2019/2030); BMJ Global Health (2024),1200,,,
karachi,2021-06-28,Summer (May-Jul),29.93,0.01,0.22,0.46,2021,6,June,32.2,28.1,29.8,73.0,34.9,0.0,31.7,32.89,0.01,0.0,0.01,Surplus (Recharging),37.9,46.3,163.0,14.0,123795925.0,4300.0,89.2,69.0,23.8,73.1,163.0,327.0,16.0,10.0,933.0,40.8,Pdma Sindh,Construction & Transit,2500,4.5,125.0,3375.0,K-Electric,2040,7,40.5,4.13,10.3,Critical (High Er Visits),40,Extreme,6.8,17.8,ILO Labor Models (2019/2030); BMJ Global Health (2024),1200,,,
karachi,2021-06-29,Summer (May-Jul),29.85,0.01,0.21,0.46,2021,6,June,32.0,28.1,29.8,71.0,34.6,0.0,31.4,33.06,0.01,0.0,0.01,Surplus (Recharging),35.5,42.7,139.0,6.0,141071311.0,4300.0,89.2,69.0,23.8,73.1,163.0,327.0,16.0,10.0,933.0,40.8,Pdma Sindh,Construction & Transit,2500,4.5,125.0,3375.0,K-Electric,2040,7,40.5,4.13,10.3,Critical (High Er Visits),40,Extreme,6.8,17.8,ILO Labor Models (2019/2030); BMJ Global Health (2024),1200,,,
karachi,2021-06-30,Summer (May-Jul),29.98,0.05,0.21,0.46,2021,6,June,32.2,28.1,29.9,73.0,33.8,0.0,35.6,32.96,0.05,0.0,0.05,Surplus (Recharging),36.3,41.2,146.0,4.0,153111588.0,4300.0,89.2,69.0,23.8,73.1,163.0,327.0,16.0,10.0,933.0,40.8,Pdma Sindh,Construction & Transit,2500,4.5,125.0,3375.0,K-Electric,2040,7,40.5,4.13,10.3,Critical (High Er Visits),40,Extreme,6.8,17.8,ILO Labor Models (2019/2030); BMJ Global Health (2024),1200,,,
karachi,2021-07-01,Summer (May-Jul),30.13,0.01,0.21,0.46,2021,7,July,32.4,28.4,29.9,77.0,35.4,0.0,34.4,33.2,0.01,0.0,0.01,Surplus (Recharging),33.5,40.8,138.0,3.0,129974109.0,4300.0,89.2,69.0,23.8,73.1,163.0,327.0,16.0,10.0,933.0,40.8,Pdma Sindh,Construction & Transit,2250,4.05,112.5,2733.75,K-Electric,1785,6,36.5,2.8,7.0,Elevated (Heat Stress),70,Extreme (Humid),6.1,15.9,ILO Labor Models (2019/2030); BMJ Global Health (2024),1200,,,
karachi,2021-07-02,Summer (May-Jul),30.04,0.13,0.21,0.46,2021,7,July,31.4,28.5,29.6,80.0,33.8,0.9,35.4,33.07,0.13,0.0,0.13,Surplus (Recharging),39.6,46.0,174.0,9.0,122475375.0,4300.0,89.2,69.0,23.8,73.1,163.0,327.0,16.0,10.0,933.0,40.8,Pdma Sindh,Construction & Transit,2250,4.05,112.5,2733.75,K-Electric,1785,6,36.5,2.8,7.0,Elevated (Heat Stress),70,Extreme (Humid),6.1,15.9,ILO Labor Models (2019/2030); BMJ Global Health (2024),1200,,,
karachi,2021-07-03,Summer (May-Jul),30.08,0.25,0.22,0.46,2021,7,July,30.7,28.2,29.3,79.0,33.5,1.4,32.7,32.92,0.25,0.0,0.25,Surplus (Recharging),35.0,42.2,141.0,5.0,140311795.0,4300.0,89.2,69.0,23.8,73.1,163.0,327.0,16.0,10.0,933.0,40.8,Pdma Sindh,Construction & Transit,2250,4.05,112.5,2733.75,K-Electric,1785,6,36.5,2.8,7.0,Elevated (Heat Stress),70,Extreme (Humid),6.1,15.9,ILO Labor Models (2019/2030); BMJ Global Health (2024),1200,,,
karachi,2021-07-04,Summer (May-Jul),30.13,0.23,0.22,0.46,2021,7,July,30.6,27.9,29.1,78.0,33.5,1.1,32.3,32.97,0.23,0.0,0.23,Surplus (Recharging),32.4,39.9,113.0,6.0,125743791.0,4300.0,89.2,69.0,23.8,73.1,163.0,327.0,16.0,10.0,933.0,40.8,Pdma Sindh,Construction & Transit,2250,4.05,112.5,2733.75,K-Electric,1785,6,36.5,2.8,7.0,Elevated (Heat Stress),70,Extreme (Humid),6.1,15.9,ILO Labor Models (2019/2030); BMJ Global Health (2024),1200,,,
karachi,2021-07-05,Summer (May-Jul),30.04,0.06,0.22,0.46,2021,7,July,31.1,27.5,29.0,75.0,34.3,0.0,27.6,32.93,0.06,0.0,0.06,Surplus (Recharging),37.1,41.5,133.0,4.0,146416874.0,4300.0,89.2,69.0,23.8,73.1,163.0,327.0,16.0,10.0,933.0,40.8,Pdma Sindh,Construction & Transit,2250,4.05,112.5,2733.75,K-Electric,1785,6,36.5,2.8,7.0,Elevated (Heat Stress),70,Extreme (Humid),6.1,15.9,ILO Labor Models (2019/2030); BMJ Global Health (2024),1200,,,
karachi,2021-07-06,Summer (May-Jul),29.91,0.01,0.22,0.46,2021,7,July,31.2,27.5,28.9,73.0,34.3,0.6,28.5,32.58,0.01,0.0,0.01,Surplus (Recharging),31.9,38.2,109.0,3.0,154746270.0,4300.0,89.2,69.0,23.8,73.1,163.0,327.0,16.0,10.0,933.0,40.8,Pdma Sindh,Construction & Transit,2250,4.05,112.5,2733.75,K-Electric,1785,6,36.5,2.8,7.0,Elevated (Heat Stress),70,Extreme (Humid),6.1,15.9,ILO Labor Models (2019/2030); BMJ Global Health (2024),1200,,,
karachi,2021-07-07,Summer (May-Jul),29.48,0.03,0.21,0.46,2021,7,July,30.8,27.7,29.0,73.0,32.1,0.2,36.1,32.04,0.03,0.0,0.03,Surplus (Recharging),35.5,43.7,121.0,4.0,134166420.0,4300.0,89.2,69.0,23.8,73.1,163.0,327.0,16.0,10.0,933.0,40.8,Pdma Sindh,Construction & Transit,2250,4.05,112.5,2733.75,K-Electric,1785,6,36.5,2.8,7.0,Elevated (Heat Stress),70,Extreme (Humid),6.1,15.9,ILO Labor Models (2019/2030); BMJ Global Health (2024),1200,,,
karachi,2021-07-08,Summer (May-Jul),29.66,0.04,0.21,0.46,2021,7,July,31.0,28.1,29.3,74.0,32.5,0.3,38.6,32.18,0.04,0.0,0.04,Surplus (Recharging),30.1,35.5,75.0,7.0,132885919.0,4300.0,89.2,69.0,23.8,73.1,163.0,327.0,16.0,10.0,933.0,40.8,Pdma Sindh,Construction & Transit,2250,4.05,112.5,2733.75,K-Electric,1785,6,36.5,2.8,7.0,Elevated (Heat Stress),70,Extreme (Humid),6.1,15.9,ILO Labor Models (2019/2030); BMJ Global Health (2024),1200,,,
karachi,2021-07-09,Summer (May-Jul),30.0,0.1,0.21,0.46,2021,7,July,31.2,28.2,29.3,78.0,33.9,0.4,34.5,32.92,0.1,0.0,0.1,Surplus (Recharging),31.7,38.4,102.0,3.0,157056186.0,4300.0,89.2,69.0,23.8,73.1,163.0,327.0,16.0,10.0,933.0,40.8,Pdma Sindh,Construction & Transit,2250,4.05,112.5,2733.75,K-Electric,1785,6,36.5,2.8,7.0,Elevated (Heat Stress),70,Extreme (Humid),6.1,15.9,ILO Labor Models (2019/2030); BMJ Global Health (2024),1200,,,
karachi,2021-07-10,Summer (May-Jul),30.29,0.12,0.21,0.46,2021,7,July,31.0,28.0,29.3,80.0,34.7,0.9,25.6,33.8,0.12,0.0,0.12,Surplus (Recharging),41.3,47.0,169.0,13.0,135492715.0,4300.0,89.2,69.0,23.8,73.1,163.0,327.0,16.0,10.0,933.0,40.8,Pdma Sindh,Construction & Transit,2250,4.05,112.5,2733.75,K-Electric,1785,6,36.5,2.8,7.0,Elevated (Heat Stress),70,Extreme (Humid),6.1,15.9,ILO Labor Models (2019/2030); BMJ Global Health (2024),1200,,,
karachi,2021-07-11,Summer (May-Jul),30.54,0.51,0.21,0.46,2021,7,July,31.7,27.7,29.4,79.0,36.9,0.1,23.3,33.81,0.51,0.0,0.51,Surplus (Recharging),43.09,49.1,166.0,8.0,137458012.0,4300.0,89.2,69.0,23.8,73.1,163.0,327.0,16.0,10.0,933.0,40.8,Pdma Sindh,Construction & Transit,2250,4.05,112.5,2733.75,K-Electric,1785,6,36.5,2.8,7.0,Elevated (Heat Stress),70,Extreme (Humid),6.1,15.9,ILO Labor Models (2019/2030); BMJ Global Health (2024),1200,,,
karachi,2021-07-12,Summer (May-Jul),29.31,15.36,0.47,0.48,2021,7,July,32.1,27.8,29.5,79.0,36.7,0.0,20.5,30.47,15.36,0.0,15.36,Surplus (Recharging),44.45,50.9,180.0,8.0,135934291.0,4300.0,89.2,69.0,23.8,73.1,163.0,327.0,16.0,10.0,933.0,40.8,Pdma Sindh,Construction & Transit,2250,4.05,112.5,2733.75,K-Electric,1785,6,36.5,2.8,7.0,Elevated (Heat Stress),70,Extreme (Humid),6.1,15.9,ILO Labor Models (2019/2030); BMJ Global Health (2024),1200,,,
karachi,2021-07-13,Summer (May-Jul),30.31,21.58,0.63,0.52,2021,7,July,37.5,27.6,31.3,74.0,41.2,3.0,23.1,33.13,21.58,0.0,21.58,Surplus (Recharging),42.88,49.3,171.0,12.0,111462634.0,4300.0,89.2,69.0,23.8,73.1,163.0,327.0,16.0,10.0,933.0,40.8,Pdma Sindh,Construction & Transit,2250,4.05,112.5,2733.75,K-Electric,1785,6,36.5,2.8,7.0,Elevated (Heat Stress),70,Extreme (Humid),6.1,15.9,ILO Labor Models (2019/2030); BMJ Global Health (2024),1200,,,
karachi,2021-07-14,Summer (May-Jul),31.66,2.57,0.51,0.53,2021,7,July,37.6,28.6,31.6,74.0,40.3,6.5,28.7,35.23,2.57,0.0,2.57,Surplus (Recharging),34.2,39.1,142.0,7.0,136092094.0,4300.0,89.2,69.0,23.8,73.1,163.0,327.0,16.0,10.0,933.0,40.8,Pdma Sindh,Construction & Transit,2250,4.05,112.5,2733.75,K-Electric,1785,6,36.5,2.8,7.0,Elevated (Heat Stress),70,Extreme (Humid),6.1,15.9,ILO Labor Models (2019/2030); BMJ Global Health (2024),1200,,,
karachi,2021-07-15,Summer (May-Jul),31.14,17.4,0.57,0.53,2021,7,July,36.7,28.6,31.6,73.0,40.0,7.3,27.3,35.17,17.4,0.0,17.4,Surplus (Recharging),31.3,38.4,98.0,3.0,148068208.0,4300.0,89.2,69.0,23.8,73.1,163.0,327.0,16.0,10.0,933.0,40.8,Pdma Sindh,Construction & Transit,2250,4.05,112.5,2733.75,K-Electric,1785,6,36.5,2.8,7.0,Elevated (Heat Stress),70,Extreme (Humid),6.1,15.9,ILO Labor Models (2019/2030); BMJ Global Health (2024),1200,,,
karachi,2021-07-16,Summer (May-Jul),31.01,5.86,0.59,0.56,2021,7,July,32.0,27.5,29.7,86.0,39.6,42.8,19.4,33.74,5.86,0.0,5.86,Surplus (Recharging),33.2,37.6,136.0,7.0,130396298.0,4300.0,89.2,69.0,23.8,73.1,163.0,327.0,16.0,10.0,933.0,40.8,Pdma Sindh,Construction & Transit,2250,4.05,112.5,2733.75,K-Electric,1785,6,36.5,2.8,7.0,Elevated (Heat Stress),70,Extreme (Humid),6.1,15.9,ILO Labor Models (2019/2030); BMJ Global Health (2024),1200,,,
karachi,2021-07-17,Summer (May-Jul),30.47,1.93,0.53,0.56,2021,7,July,30.6,28.0,29.5,85.0,37.0,1.9,24.6,33.04,1.93,0.01,1.92,Surplus (Recharging),33.8,38.4,78.0,5.0,131552237.0,4300.0,89.2,69.0,23.8,73.1,163.0,327.0,16.0,10.0,933.0,40.8,Pdma Sindh,Construction & Transit,2250,4.05,112.5,2733.75,K-Electric,1785,6,36.5,2.8,7.0,Elevated (Heat Stress),70,Extreme (Humid),6.1,15.9,ILO Labor Models (2019/2030); BMJ Global Health (2024),1200,,,
karachi,2021-07-18,Summer (May-Jul),29.93,0.71,0.51,0.56,2021,7,July,31.3,28.2,29.6,81.0,33.4,2.2,41.7,31.83,0.71,0.01,0.7,Surplus (Recharging),37.6,41.6,162.0,6.0,122187023.0,4300.0,89.2,69.0,23.8,73.1,163.0,327.0,16.0,10.0,933.0,40.8,Pdma Sindh,Construction & Transit,2250,4.05,112.5,2733.75,K-Electric,1785,6,36.5,2.8,7.0,Elevated (Heat Stress),70,Extreme (Humid),6.1,15.9,ILO Labor Models (2019/2030); BMJ Global Health (2024),1200,,,
karachi,2021-07-19,Summer (May-Jul),29.77,1.7,0.52,0.55,2021,7,July,30.5,28.2,29.3,80.0,31.3,0.2,45.7,31.3,1.7,0.0,1.7,Surplus (Recharging),35.9,40.4,151.0,5.0,120122702.0,4300.0,89.2,69.0,23.8,73.1,163.0,327.0,16.0,10.0,933.0,40.8,Pdma Sindh,Construction & Transit,2250,4.05,112.5,2733.75,K-Electric,1785,6,36.5,2.8,7.0,Elevated (Heat Stress),70,Extreme (Humid),6.1,15.9,ILO Labor Models (2019/2030); BMJ Global Health (2024),1200,,,
karachi,2021-07-20,Summer (May-Jul),28.95,0.36,0.51,0.55,2021,7,July,30.6,28.5,29.4,82.0,31.4,1.6,45.5,29.96,0.36,0.0,0.36,Surplus (Recharging),30.6,36.7,113.0,4.0,120521164.0,4300.0,89.2,69.0,23.8,73.1,163.0,327.0,16.0,10.0,933.0,40.8,Pdma Sindh,Construction & Transit,2250,4.05,112.5,2733.75,K-Electric,1785,6,36.5,2.8,7.0,Elevated (Heat Stress),70,Extreme (Humid),6.1,15.9,ILO Labor Models (2019/2030); BMJ Global Health (2024),1200,,,
karachi,2021-07-21,Summer (May-Jul),29.33,0.23,0.5,0.55,2021,7,July,31.1,28.4,29.4,83.0,33.4,0.0,40.7,31.65,0.23,0.01,0.22,Surplus (Recharging),35.8,42.5,101.0,3.0,148294425.0,4300.0,89.2,69.0,23.8,73.1,163.0,327.0,16.0,10.0,933.0,40.8,Pdma Sindh,Construction & Transit,2250,4.05,112.5,2733.75,K-Electric,1785,6,36.5,2.8,7.0,Elevated (Heat Stress),70,Extreme (Humid),6.1,15.9,ILO Labor Models (2019/2030); BMJ Global Health (2024),1200,,,
karachi,2021-07-22,Summer (May-Jul),29.73,0.22,0.5,0.55,2021,7,July,31.4,28.0,29.4,84.0,36.6,0.0,29.5,32.82,0.22,0.02,0.2,Surplus (Recharging),34.0,41.6,135.0,7.0,133976993.0,4300.0,89.2,69.0,23.8,73.1,163.0,327.0,16.0,10.0,933.0,40.8,Pdma Sindh,Construction & Transit,2250,4.05,112.5,2733.75,K-Electric,1785,6,36.5,2.8,7.0,Elevated (Heat Stress),70,Extreme (Humid),6.1,15.9,ILO Labor Models (2019/2030); BMJ Global Health (2024),1200,,,
karachi,2021-07-23,Summer (May-Jul),29.79,0.3,0.49,0.54,2021,7,July,31.4,27.9,29.4,86.0,36.9,0.5,23.6,33.0,0.3,0.01,0.29,Surplus (Recharging),33.3,37.8,115.0,7.0,127661888.0,4300.0,89.2,69.0,23.8,73.1,163.0,327.0,16.0,10.0,933.0,40.8,Pdma Sindh,Construction & Transit,2250,4.05,112.5,2733.75,K-Electric,1785,6,36.5,2.8,7.0,Elevated (Heat Stress),70,Extreme (Humid),6.1,15.9,ILO Labor Models (2019/2030); BMJ Global Health (2024),1200,,,
karachi,2021-07-24,Summer (May-Jul),29.55,0.31,0.5,0.54,2021,7,July,31.0,28.1,29.2,82.0,34.4,0.2,28.6,31.81,0.31,0.0,0.31,Surplus (Recharging),36.5,44.3,97.0,12.0,116685437.0,4300.0,89.2,69.0,23.8,73.1,163.0,327.0,16.0,10.0,933.0,40.8,Pdma Sindh,Construction & Transit,2250,4.05,112.5,2733.75,K-Electric,1785,6,36.5,2.8,7.0,Elevated (Heat Stress),70,Extreme (Humid),6.1,15.9,ILO Labor Models (2019/2030); BMJ Global Health (2024),1200,,,
karachi,2021-07-25,Summer (May-Jul),29.47,0.09,0.49,0.54,2021,7,July,30.9,28.0,29.2,80.0,33.1,0.5,34.3,31.23,0.09,0.0,0.09,Surplus (Recharging),37.6,45.0,161.0,14.0,117104705.0,4300.0,89.2,69.0,23.8,73.1,163.0,327.0,16.0,10.0,933.0,40.8,Pdma Sindh,Construction & Transit,2250,4.05,112.5,2733.75,K-Electric,1785,6,36.5,2.8,7.0,Elevated (Heat Stress),70,Extreme (Humid),6.1,15.9,ILO Labor Models (2019/2030); BMJ Global Health (2024),1200,,,
karachi,2021-07-26,Summer (May-Jul),29.26,0.0,0.49,0.53,2021,7,July,30.8,27.9,29.1,80.0,33.2,1.0,35.2,31.37,0.0,0.0,0.0,Surplus (Recharging),37.3,43.1,161.0,4.0,138354369.0,4300.0,89.2,69.0,23.8,73.1,163.0,327.0,16.0,10.0,933.0,40.8,Pdma Sindh,Construction & Transit,2250,4.05,112.5,2733.75,K-Electric,1785,6,36.5,2.8,7.0,Elevated (Heat Stress),70,Extreme (Humid),6.1,15.9,ILO Labor Models (2019/2030); BMJ Global Health (2024),1200,,,
karachi,2021-07-27,Summer (May-Jul),29.28,0.0,0.49,0.53,2021,7,July,30.1,28.0,28.8,83.0,32.5,1.3,40.1,31.65,0.0,0.0,0.0,Surplus (Recharging),32.9,41.1,85.0,5.0,124094468.0,4300.0,89.2,69.0,23.8,73.1,163.0,327.0,16.0,10.0,933.0,40.8,Pdma Sindh,Construction & Transit,2250,4.05,112.5,2733.75,K-Electric,1785,6,36.5,2.8,7.0,Elevated (Heat Stress),70,Extreme (Humid),6.1,15.9,ILO Labor Models (2019/2030); BMJ Global Health (2024),1200,,,
karachi,2021-07-28,Summer (May-Jul),29.2,0.0,0.48,0.53,2021,7,July,30.2,27.9,28.8,83.0,32.1,0.9,38.5,31.52,0.0,0.0,0.0,Surplus (Recharging),34.2,42.7,124.0,7.0,141630002.0,4300.0,89.2,69.0,23.8,73.1,163.0,327.0,16.0,10.0,933.0,40.8,Pdma Sindh,Construction & Transit,2250,4.05,112.5,2733.75,K-Electric,1785,6,36.5,2.8,7.0,Elevated (Heat Stress),70,Extreme (Humid),6.1,15.9,ILO Labor Models (2019/2030); BMJ Global Health (2024),1200,,,
karachi,2021-07-29,Summer (May-Jul),28.62,0.0,0.48,0.53,2021,7,July,30.7,27.8,28.8,83.0,33.8,0.7,34.5,30.13,0.0,0.0,0.0,Surplus (Recharging),35.8,40.7,152.0,4.0,143041261.0,4300.0,89.2,69.0,23.8,73.1,163.0,327.0,16.0,10.0,933.0,40.8,Pdma Sindh,Construction & Transit,2250,4.05,112.5,2733.75,K-Electric,1785,6,36.5,2.8,7.0,Elevated (Heat Stress),70,Extreme (Humid),6.1,15.9,ILO Labor Models (2019/2030); BMJ Global Health (2024),1200,,,
karachi,2021-07-30,Summer (May-Jul),28.53,0.0,0.48,0.52,2021,7,July,30.4,27.6,28.6,83.0,32.7,0.4,35.9,30.4,0.0,0.0,0.0,Surplus (Recharging),37.4,43.1,159.0,5.0,140158984.0,4300.0,89.2,69.0,23.8,73.1,163.0,327.0,16.0,10.0,933.0,40.8,Pdma Sindh,Construction & Transit,2250,4.05,112.5,2733.75,K-Electric,1785,6,36.5,2.8,7.0,Elevated (Heat Stress),70,Extreme (Humid),6.1,15.9,ILO Labor Models (2019/2030); BMJ Global Health (2024),1200,,,
karachi,2021-07-31,Summer (May-Jul),28.45,0.0,0.48,0.52,2021,7,July,30.2,27.4,28.4,82.0,31.6,0.7,40.7,30.71,0.0,0.0,0.0,Surplus (Recharging),33.8,42.0,131.0,4.0,148375627.0,4300.0,89.2,69.0,23.8,73.1,163.0,327.0,16.0,10.0,933.0,40.8,Pdma Sindh,Construction & Transit,2250,4.05,112.5,2733.75,K-Electric,1785,6,36.5,2.8,7.0,Elevated (Heat Stress),70,Extreme (Humid),6.1,15.9,ILO Labor Models (2019/2030); BMJ Global Health (2024),1200,,,
karachi,2021-12-01,Winter (Dec-Jan),23.81,0.0,0.22,0.46,2021,12,,,,,,,,,,,,,,,,,,,,,,,,,,,,,,,Construction & Transit,0,0.0,0.0,0.0,K-Electric,297,1,20.5,0.0,0.0,Baseline,65,Safe,0.0,0.0,ILO Labor Models (2019/2030); BMJ Global Health (2024),1200,,,
karachi,2021-12-02,Winter (Dec-Jan),22.9,0.0,0.21,0.46,2021,12,,,,,,,,,,,,,,,,,,,,,,,,,,,,,,,Construction & Transit,0,0.0,0.0,0.0,K-Electric,297,1,20.5,0.0,0.0,Baseline,65,Safe,0.0,0.0,ILO Labor Models (2019/2030); BMJ Global Health (2024),1200,,,
karachi,2021-12-03,Winter (Dec-Jan),22.86,0.0,0.21,0.46,2021,12,,,,,,,,,,,,,,,,,,,,,,,,,,,,,,,Construction & Transit,0,0.0,0.0,0.0,K-Electric,297,1,20.5,0.0,0.0,Baseline,65,Safe,0.0,0.0,ILO Labor Models (2019/2030); BMJ Global Health (2024),1200,,,
karachi,2021-12-04,Winter (Dec-Jan),22.56,0.0,0.2,0.46,2021,12,,,,,,,,,,,,,,,,,,,,,,,,,,,,,,,Construction & Transit,0,0.0,0.0,0.0,K-Electric,297,1,20.5,0.0,0.0,Baseline,65,Safe,0.0,0.0,ILO Labor Models (2019/2030); BMJ Global Health (2024),1200,,,
karachi,2021-12-05,Winter (Dec-Jan),22.61,0.0,0.2,0.46,2021,12,,,,,,,,,,,,,,,,,,,,,,,,,,,,,,,Construction & Transit,0,0.0,0.0,0.0,K-Electric,297,1,20.5,0.0,0.0,Baseline,65,Safe,0.0,0.0,ILO Labor Models (2019/2030); BMJ Global Health (2024),1200,,,
karachi,2021-12-06,Winter (Dec-Jan),22.85,0.0,0.2,0.46,2021,12,,,,,,,,,,,,,,,,,,,,,,,,,,,,,,,Construction & Transit,0,0.0,0.0,0.0,K-Electric,297,1,20.5,0.0,0.0,Baseline,65,Safe,0.0,0.0,ILO Labor Models (2019/2030); BMJ Global Health (2024),1200,,,
karachi,2021-12-07,Winter (Dec-Jan),22.09,0.0,0.19,0.46,2021,12,,,,,,,,,,,,,,,,,,,,,,,,,,,,,,,Construction & Transit,0,0.0,0.0,0.0,K-Electric,297,1,20.5,0.0,0.0,Baseline,65,Safe,0.0,0.0,ILO Labor Models (2019/2030); BMJ Global Health (2024),1200,,,
karachi,2021-12-08,Winter (Dec-Jan),21.77,0.0,0.19,0.46,2021,12,,,,,,,,,,,,,,,,,,,,,,,,,,,,,,,Construction & Transit,0,0.0,0.0,0.0,K-Electric,297,1,20.5,0.0,0.0,Baseline,65,Safe,0.0,0.0,ILO Labor Models (2019/2030); BMJ Global Health (2024),1200,,,
karachi,2021-12-09,Winter (Dec-Jan),21.45,0.0,0.18,0.46,2021,12,,,,,,,,,,,,,,,,,,,,,,,,,,,,,,,Construction & Transit,0,0.0,0.0,0.0,K-Electric,297,1,20.5,0.0,0.0,Baseline,65,Safe,0.0,0.0,ILO Labor Models (2019/2030); BMJ Global Health (2024),1200,,,
karachi,2021-12-10,Winter (Dec-Jan),21.27,0.0,0.18,0.46,2021,12,,,,,,,,,,,,,,,,,,,,,,,,,,,,,,,Construction & Transit,0,0.0,0.0,0.0,K-Electric,297,1,20.5,0.0,0.0,Baseline,65,Safe,0.0,0.0,ILO Labor Models (2019/2030); BMJ Global Health (2024),1200,,,
karachi,2021-12-11,Winter (Dec-Jan),20.81,0.0,0.18,0.46,2021,12,,,,,,,,,,,,,,,,,,,,,,,,,,,,,,,Construction & Transit,0,0.0,0.0,0.0,K-Electric,297,1,20.5,0.0,0.0,Baseline,65,Safe,0.0,0.0,ILO Labor Models (2019/2030); BMJ Global Health (2024),1200,,,
karachi,2021-12-12,Winter (Dec-Jan),20.66,0.0,0.17,0.46,2021,12,,,,,,,,,,,,,,,,,,,,,,,,,,,,,,,Construction & Transit,0,0.0,0.0,0.0,K-Electric,297,1,20.5,0.0,0.0,Baseline,65,Safe,0.0,0.0,ILO Labor Models (2019/2030); BMJ Global Health (2024),1200,,,
karachi,2021-12-13,Winter (Dec-Jan),21.33,0.0,0.17,0.46,2021,12,,,,,,,,,,,,,,,,,,,,,,,,,,,,,,,Construction & Transit,0,0.0,0.0,0.0,K-Electric,297,1,20.5,0.0,0.0,Baseline,65,Safe,0.0,0.0,ILO Labor Models (2019/2030); BMJ Global Health (2024),1200,,,
karachi,2021-12-14,Winter (Dec-Jan),21.08,0.0,0.17,0.46,2021,12,,,,,,,,,,,,,,,,,,,,,,,,,,,,,,,Construction & Transit,0,0.0,0.0,0.0,K-Electric,297,1,20.5,0.0,0.0,Baseline,65,Safe,0.0,0.0,ILO Labor Models (2019/2030); BMJ Global Health (2024),1200,,,
karachi,2021-12-15,Winter (Dec-Jan),19.74,0.0,0.17,0.46,2021,12,,,,,,,,,,,,,,,,,,,,,,,,,,,,,,,Construction & Transit,0,0.0,0.0,0.0,K-Electric,297,1,20.5,0.0,0.0,Baseline,65,Safe,0.0,0.0,ILO Labor Models (2019/2030); BMJ Global Health (2024),1200,,,
karachi,2021-12-16,Winter (Dec-Jan),18.56,0.0,0.17,0.46,2021,12,,,,,,,,,,,,,,,,,,,,,,,,,,,,,,,Construction & Transit,0,0.0,0.0,0.0,K-Electric,297,1,20.5,0.0,0.0,Baseline,65,Safe,0.0,0.0,ILO Labor Models (2019/2030); BMJ Global Health (2024),1200,,,
karachi,2021-12-17,Winter (Dec-Jan),18.5,0.0,0.16,0.46,2021,12,,,,,,,,,,,,,,,,,,,,,,,,,,,,,,,Construction & Transit,0,0.0,0.0,0.0,K-Electric,297,1,20.5,0.0,0.0,Baseline,65,Safe,0.0,0.0,ILO Labor Models (2019/2030); BMJ Global Health (2024),1200,,,
karachi,2021-12-18,Winter (Dec-Jan),18.84,0.0,0.16,0.46,2021,12,,,,,,,,,,,,,,,,,,,,,,,,,,,,,,,Construction & Transit,0,0.0,0.0,0.0,K-Electric,297,1,20.5,0.0,0.0,Baseline,65,Safe,0.0,0.0,ILO Labor Models (2019/2030); BMJ Global Health (2024),1200,,,
karachi,2021-12-19,Winter (Dec-Jan),19.51,0.0,0.16,0.46,2021,12,,,,,,,,,,,,,,,,,,,,,,,,,,,,,,,Construction & Transit,0,0.0,0.0,0.0,K-Electric,297,1,20.5,0.0,0.0,Baseline,65,Safe,0.0,0.0,ILO Labor Models (2019/2030); BMJ Global Health (2024),1200,,,
karachi,2021-12-20,Winter (Dec-Jan),20.48,0.0,0.16,0.46,2021,12,,,,,,,,,,,,,,,,,,,,,,,,,,,,,,,Construction & Transit,0,0.0,0.0,0.0,K-Electric,297,1,20.5,0.0,0.0,Baseline,65,Safe,0.0,0.0,ILO Labor Models (2019/2030); BMJ Global Health (2024),1200,,,
karachi,2021-12-21,Winter (Dec-Jan),21.78,0.0,0.16,0.46,2021,12,,,,,,,,,,,,,,,,,,,,,,,,,,,,,,,Construction & Transit,0,0.0,0.0,0.0,K-Electric,297,1,20.5,0.0,0.0,Baseline,65,Safe,0.0,0.0,ILO Labor Models (2019/2030); BMJ Global Health (2024),1200,,,
karachi,2021-12-22,Winter (Dec-Jan),21.98,0.13,0.16,0.46,2021,12,,,,,,,,,,,,,,,,,,,,,,,,,,,,,,,Construction & Transit,0,0.0,0.0,0.0,K-Electric,297,1,20.5,0.0,0.0,Baseline,65,Safe,0.0,0.0,ILO Labor Models (2019/2030); BMJ Global Health (2024),1200,,,
karachi,2021-12-23,Winter (Dec-Jan),22.94,0.11,0.16,0.46,2021,12,,,,,,,,,,,,,,,,,,,,,,,,,,,,,,,Construction & Transit,0,0.0,0.0,0.0,K-Electric,297,1,20.5,0.0,0.0,Baseline,65,Safe,0.0,0.0,ILO Labor Models (2019/2030); BMJ Global Health (2024),1200,,,
karachi,2021-12-24,Winter (Dec-Jan),23.1,0.23,0.17,0.46,2021,12,,,,,,,,,,,,,,,,,,,,,,,,,,,,,,,Construction & Transit,0,0.0,0.0,0.0,K-Electric,297,1,20.5,0.0,0.0,Baseline,65,Safe,0.0,0.0,ILO Labor Models (2019/2030); BMJ Global Health (2024),1200,,,
karachi,2021-12-25,Winter (Dec-Jan),22.44,0.04,0.17,0.46,2021,12,,,,,,,,,,,,,,,,,,,,,,,,,,,,,,,Construction & Transit,0,0.0,0.0,0.0,K-Electric,297,1,20.5,0.0,0.0,Baseline,65,Safe,0.0,0.0,ILO Labor Models (2019/2030); BMJ Global Health (2024),1200,,,
karachi,2021-12-26,Winter (Dec-Jan),22.81,2.23,0.2,0.46,2021,12,,,,,,,,,,,,,,,,,,,,,,,,,,,,,,,Construction & Transit,0,0.0,0.0,0.0,K-Electric,297,1,20.5,0.0,0.0,Baseline,65,Safe,0.0,0.0,ILO Labor Models (2019/2030); BMJ Global Health (2024),1200,,,
karachi,2021-12-27,Winter (Dec-Jan),20.96,12.39,0.38,0.47,2021,12,,,,,,,,,,,,,,,,,,,,,,,,,,,,,,,Construction & Transit,0,0.0,0.0,0.0,K-Electric,297,1,20.5,0.0,0.0,Baseline,65,Safe,0.0,0.0,ILO Labor Models (2019/2030); BMJ Global Health (2024),1200,,,
karachi,2021-12-28,Winter (Dec-Jan),19.22,0.37,0.51,0.49,2021,12,,,,,,,,,,,,,,,,,,,,,,,,,,,,,,,Construction & Transit,0,0.0,0.0,0.0,K-Electric,297,1,20.5,0.0,0.0,Baseline,65,Safe,0.0,0.0,ILO Labor Models (2019/2030); BMJ Global Health (2024),1200,,,
karachi,2021-12-29,Winter (Dec-Jan),18.55,0.0,0.46,0.48,2021,12,,,,,,,,,,,,,,,,,,,,,,,,,,,,,,,Construction & Transit,0,0.0,0.0,0.0,K-Electric,297,1,20.5,0.0,0.0,Baseline,65,Safe,0.0,0.0,ILO Labor Models (2019/2030); BMJ Global Health (2024),1200,,,
karachi,2021-12-30,Winter (Dec-Jan),18.54,0.0,0.46,0.48,2021,12,,,,,,,,,,,,,,,,,,,,,,,,,,,,,,,Construction & Transit,0,0.0,0.0,0.0,K-Electric,297,1,20.5,0.0,0.0,Baseline,65,Safe,0.0,0.0,ILO Labor Models (2019/2030); BMJ Global Health (2024),1200,,,
karachi,2021-12-31,Winter (Dec-Jan),19.07,0.0,0.45,0.48,2021,12,,,,,,,,,,,,,,,,,,,,,,,,,,,,,,,Construction & Transit,0,0.0,0.0,0.0,K-Electric,297,1,20.5,0.0,0.0,Baseline,65,Safe,0.0,0.0,ILO Labor Models (2019/2030); BMJ Global Health (2024),1200,,,
karachi,2022-01-01,Winter (Dec-Jan),18.98,0.0,0.44,0.48,2022,1,,,,,,,,,,,,,,,,,,,,,,,,,,,,,,,Construction & Transit,0,0.0,0.0,0.0,K-Electric,500,2,19.5,0.0,0.0,Baseline,65,Safe,0.0,0.0,ILO Labor Models (2019/2030); BMJ Global Health (2024),2500,,,
karachi,2022-01-02,Winter (Dec-Jan),19.8,0.0,0.43,0.48,2022,1,,,,,,,,,,,,,,,,,,,,,,,,,,,,,,,Construction & Transit,0,0.0,0.0,0.0,K-Electric,500,2,19.5,0.0,0.0,Baseline,65,Safe,0.0,0.0,ILO Labor Models (2019/2030); BMJ Global Health (2024),2500,,,
karachi,2022-01-03,Winter (Dec-Jan),20.7,0.0,0.42,0.47,2022,1,,,,,,,,,,,,,,,,,,,,,,,,,,,,,,,Construction & Transit,0,0.0,0.0,0.0,K-Electric,500,2,19.5,0.0,0.0,Baseline,65,Safe,0.0,0.0,ILO Labor Models (2019/2030); BMJ Global Health (2024),2500,,,
karachi,2022-01-04,Winter (Dec-Jan),21.18,22.23,0.52,0.48,2022,1,,,,,,,,,,,,,,,,,,,,,,,,,,,,,,,Construction & Transit,0,0.0,0.0,0.0,K-Electric,500,2,19.5,0.0,0.0,Baseline,65,Safe,0.0,0.0,ILO Labor Models (2019/2030); BMJ Global Health (2024),2500,,,
karachi,2022-01-05,Winter (Dec-Jan),20.43,5.23,0.58,0.53,2022,1,,,,,,,,,,,,,,,,,,,,,,,,,,,,,,,Construction & Transit,0,0.0,0.0,0.0,K-Electric,500,2,19.5,0.0,0.0,Baseline,65,Safe,0.0,0.0,ILO Labor Models (2019/2030); BMJ Global Health (2024),2500,,,
karachi,2022-01-06,Winter (Dec-Jan),18.69,2.74,0.52,0.53,2022,1,,,,,,,,,,,,,,,,,,,,,,,,,,,,,,,Construction & Transit,0,0.0,0.0,0.0,K-Electric,500,2,19.5,0.0,0.0,Baseline,65,Safe,0.0,0.0,ILO Labor Models (2019/2030); BMJ Global Health (2024),2500,,,
karachi,2022-01-07,Winter (Dec-Jan),18.99,7.14,0.56,0.54,2022,1,,,,,,,,,,,,,,,,,,,,,,,,,,,,,,,Construction & Transit,0,0.0,0.0,0.0,K-Electric,500,2,19.5,0.0,0.0,Baseline,65,Safe,0.0,0.0,ILO Labor Models (2019/2030); BMJ Global Health (2024),2500,,,
karachi,2022-01-08,Winter (Dec-Jan),17.02,0.09,0.5,0.54,2022,1,,,,,,,,,,,,,,,,,,,,,,,,,,,,,,,Construction & Transit,0,0.0,0.0,0.0,K-Electric,500,2,19.5,0.0,0.0,Baseline,65,Safe,0.0,0.0,ILO Labor Models (2019/2030); BMJ Global Health (2024),2500,,,
karachi,2022-01-09,Winter (Dec-Jan),16.81,0.0,0.49,0.53,2022,1,,,,,,,,,,,,,,,,,,,,,,,,,,,,,,,Construction & Transit,0,0.0,0.0,0.0,K-Electric,500,2,19.5,0.0,0.0,Baseline,65,Safe,0.0,0.0,ILO Labor Models (2019/2030); BMJ Global Health (2024),2500,,,
karachi,2022-01-10,Winter (Dec-Jan),16.5,0.0,0.49,0.53,2022,1,,,,,,,,,,,,,,,,,,,,,,,,,,,,,,,Construction & Transit,0,0.0,0.0,0.0,K-Electric,500,2,19.5,0.0,0.0,Baseline,65,Safe,0.0,0.0,ILO Labor Models (2019/2030); BMJ Global Health (2024),2500,,,
karachi,2022-01-11,Winter (Dec-Jan),17.0,0.0,0.49,0.53,2022,1,,,,,,,,,,,,,,,,,,,,,,,,,,,,,,,Construction & Transit,0,0.0,0.0,0.0,K-Electric,500,2,19.5,0.0,0.0,Baseline,65,Safe,0.0,0.0,ILO Labor Models (2019/2030); BMJ Global Health (2024),2500,,,
karachi,2022-01-12,Winter (Dec-Jan),17.0,0.0,0.49,0.53,2022,1,,,,,,,,,,,,,,,,,,,,,,,,,,,,,,,Construction & Transit,0,0.0,0.0,0.0,K-Electric,500,2,19.5,0.0,0.0,Baseline,65,Safe,0.0,0.0,ILO Labor Models (2019/2030); BMJ Global Health (2024),2500,,,
karachi,2022-01-13,Winter (Dec-Jan),17.75,0.0,0.49,0.53,2022,1,,,,,,,,,,,,,,,,,,,,,,,,,,,,,,,Construction & Transit,0,0.0,0.0,0.0,K-Electric,500,2,19.5,0.0,0.0,Baseline,65,Safe,0.0,0.0,ILO Labor Models (2019/2030); BMJ Global Health (2024),2500,,,
karachi,2022-01-14,Winter (Dec-Jan),18.24,0.0,0.49,0.52,2022,1,,,,,,,,,,,,,,,,,,,,,,,,,,,,,,,Construction & Transit,0,0.0,0.0,0.0,K-Electric,500,2,19.5,0.0,0.0,Baseline,65,Safe,0.0,0.0,ILO Labor Models (2019/2030); BMJ Global Health (2024),2500,,,
karachi,2022-01-15,Winter (Dec-Jan),17.67,0.0,0.48,0.52,2022,1,,,,,,,,,,,,,,,,,,,,,,,,,,,,,,,Construction & Transit,0,0.0,0.0,0.0,K-Electric,500,2,19.5,0.0,0.0,Baseline,65,Safe,0.0,0.0,ILO Labor Models (2019/2030); BMJ Global Health (2024),2500,,,
karachi,2022-01-16,Winter (Dec-Jan),18.25,0.0,0.48,0.52,2022,1,,,,,,,,,,,,,,,,,,,,,,,,,,,,,,,Construction & Transit,0,0.0,0.0,0.0,K-Electric,500,2,19.5,0.0,0.0,Baseline,65,Safe,0.0,0.0,ILO Labor Models (2019/2030); BMJ Global Health (2024),2500,,,
karachi,2022-01-17,Winter (Dec-Jan),19.68,0.0,0.48,0.52,2022,1,,,,,,,,,,,,,,,,,,,,,,,,,,,,,,,Construction & Transit,0,0.0,0.0,0.0,K-Electric,500,2,19.5,0.0,0.0,Baseline,65,Safe,0.0,0.0,ILO Labor Models (2019/2030); BMJ Global Health (2024),2500,,,
karachi,2022-01-18,Winter (Dec-Jan),20.13,0.0,0.48,0.51,2022,1,,,,,,,,,,,,,,,,,,,,,,,,,,,,,,,Construction & Transit,0,0.0,0.0,0.0,K-Electric,500,2,19.5,0.0,0.0,Baseline,65,Safe,0.0,0.0,ILO Labor Models (2019/2030); BMJ Global Health (2024),2500,,,
karachi,2022-01-19,Winter (Dec-Jan),20.62,0.0,0.48,0.51,2022,1,,,,,,,,,,,,,,,,,,,,,,,,,,,,,,,Construction & Transit,0,0.0,0.0,0.0,K-Electric,500,2,19.5,0.0,0.0,Baseline,65,Safe,0.0,0.0,ILO Labor Models (2019/2030); BMJ Global Health (2024),2500,,,
karachi,2022-01-20,Winter (Dec-Jan),22.12,0.0,0.48,0.51,2022,1,,,,,,,,,,,,,,,,,,,,,,,,,,,,,,,Construction & Transit,0,0.0,0.0,0.0,K-Electric,500,2,19.5,0.0,0.0,Baseline,65,Safe,0.0,0.0,ILO Labor Models (2019/2030); BMJ Global Health (2024),2500,,,
karachi,2022-01-21,Winter (Dec-Jan),22.06,0.09,0.48,0.51,2022,1,,,,,,,,,,,,,,,,,,,,,,,,,,,,,,,Construction & Transit,0,0.0,0.0,0.0,K-Electric,500,2,19.5,0.0,0.0,Baseline,65,Safe,0.0,0.0,ILO Labor Models (2019/2030); BMJ Global Health (2024),2500,,,
karachi,2022-01-22,Winter (Dec-Jan),16.11,0.0,0.47,0.51,2022,1,,,,,,,,,,,,,,,,,,,,,,,,,,,,,,,Construction & Transit,0,0.0,0.0,0.0,K-Electric,500,2,19.5,0.0,0.0,Baseline,65,Safe,0.0,0.0,ILO Labor Models (2019/2030); BMJ Global Health (2024),2500,,,
karachi,2022-01-23,Winter (Dec-Jan),14.81,0.0,0.47,0.5,2022,1,,,,,,,,,,,,,,,,,,,,,,,,,,,,,,,Construction & Transit,0,0.0,0.0,0.0,K-Electric,500,2,19.5,0.0,0.0,Baseline,65,Safe,0.0,0.0,ILO Labor Models (2019/2030); BMJ Global Health (2024),2500,,,
karachi,2022-01-24,Winter (Dec-Jan),16.6,0.0,0.47,0.5,2022,1,,,,,,,,,,,,,,,,,,,,,,,,,,,,,,,Construction & Transit,0,0.0,0.0,0.0,K-Electric,500,2,19.5,0.0,0.0,Baseline,65,Safe,0.0,0.0,ILO Labor Models (2019/2030); BMJ Global Health (2024),2500,,,
karachi,2022-01-25,Winter (Dec-Jan),17.02,0.0,0.47,0.5,2022,1,,,,,,,,,,,,,,,,,,,,,,,,,,,,,,,Construction & Transit,0,0.0,0.0,0.0,K-Electric,500,2,19.5,0.0,0.0,Baseline,65,Safe,0.0,0.0,ILO Labor Models (2019/2030); BMJ Global Health (2024),2500,,,
karachi,2022-01-26,Winter (Dec-Jan),17.48,0.0,0.47,0.5,2022,1,,,,,,,,,,,,,,,,,,,,,,,,,,,,,,,Construction & Transit,0,0.0,0.0,0.0,K-Electric,500,2,19.5,0.0,0.0,Baseline,65,Safe,0.0,0.0,ILO Labor Models (2019/2030); BMJ Global Health (2024),2500,,,
karachi,2022-01-27,Winter (Dec-Jan),18.1,0.0,0.47,0.5,2022,1,,,,,,,,,,,,,,,,,,,,,,,,,,,,,,,Construction & Transit,0,0.0,0.0,0.0,K-Electric,500,2,19.5,0.0,0.0,Baseline,65,Safe,0.0,0.0,ILO Labor Models (2019/2030); BMJ Global Health (2024),2500,,,
karachi,2022-01-28,Winter (Dec-Jan),18.1,0.0,0.47,0.5,2022,1,,,,,,,,,,,,,,,,,,,,,,,,,,,,,,,Construction & Transit,0,0.0,0.0,0.0,K-Electric,500,2,19.5,0.0,0.0,Baseline,65,Safe,0.0,0.0,ILO Labor Models (2019/2030); BMJ Global Health (2024),2500,,,
karachi,2022-01-29,Winter (Dec-Jan),19.36,0.0,0.47,0.49,2022,1,,,,,,,,,,,,,,,,,,,,,,,,,,,,,,,Construction & Transit,0,0.0,0.0,0.0,K-Electric,500,2,19.5,0.0,0.0,Baseline,65,Safe,0.0,0.0,ILO Labor Models (2019/2030); BMJ Global Health (2024),2500,,,
karachi,2022-01-30,Winter (Dec-Jan),20.7,0.0,0.47,0.49,2022,1,,,,,,,,,,,,,,,,,,,,,,,,,,,,,,,Construction & Transit,0,0.0,0.0,0.0,K-Electric,500,2,19.5,0.0,0.0,Baseline,65,Safe,0.0,0.0,ILO Labor Models (2019/2030); BMJ Global Health (2024),2500,,,
karachi,2022-01-31,Winter (Dec-Jan),21.34,0.0,0.46,0.49,2022,1,,,,,,,,,,,,,,,,,,,,,,,,,,,,,,,Construction & Transit,0,0.0,0.0,0.0,K-Electric,500,2,19.5,0.0,0.0,Baseline,65,Safe,0.0,0.0,ILO Labor Models (2019/2030); BMJ Global Health (2024),2500,,,
karachi,2022-05-01,Summer (May-Jul),29.91,0.0,0.15,0.46,2022,5,,,,,,,,,33.8,0.0,0.0,0.0,Surplus (Recharging),,,,,,,,,,,,,,,,,,Construction & Transit,3300,5.94,165.0,5880.6,K-Electric,2250,8,41.5,4.47,11.2,Critical (High Er Visits),30,Extreme,5.2,13.5,ILO Labor Models (2019/2030); BMJ Global Health (2024),2500,,,
karachi,2022-05-02,Summer (May-Jul),29.36,0.0,0.15,0.46,2022,5,,,,,,,,,33.76,0.0,0.0,0.0,Surplus (Recharging),,,,,,,,,,,,,,,,,,Construction & Transit,3300,5.94,165.0,5880.6,K-Electric,2250,8,41.5,4.47,11.2,Critical (High Er Visits),30,Extreme,5.2,13.5,ILO Labor Models (2019/2030); BMJ Global Health (2024),2500,,,
karachi,2022-05-03,Summer (May-Jul),29.2,0.0,0.15,0.46,2022,5,,,,,,,,,33.56,0.0,0.0,0.0,Surplus (Recharging),,,,,,,,,,,,,,,,,,Construction & Transit,3300,5.94,165.0,5880.6,K-Electric,2250,8,41.5,4.47,11.2,Critical (High Er Visits),30,Extreme,5.2,13.5,ILO Labor Models (2019/2030); BMJ Global Health (2024),2500,,,
karachi,2022-05-04,Summer (May-Jul),28.51,0.0,0.15,0.46,2022,5,,,,,,,,,32.82,0.0,0.0,0.0,Surplus (Recharging),,,,,,,,,,,,,,,,,,Construction & Transit,3300,5.94,165.0,5880.6,K-Electric,2250,8,41.5,4.47,11.2,Critical (High Er Visits),30,Extreme,5.2,13.5,ILO Labor Models (2019/2030); BMJ Global Health (2024),2500,,,
karachi,2022-05-05,Summer (May-Jul),28.18,0.0,0.15,0.46,2022,5,,,,,,,,,33.03,0.0,0.0,0.0,Surplus (Recharging),,,,,,,,,,,,,,,,,,Construction & Transit,3300,5.94,165.0,5880.6,K-Electric,2250,8,41.5,4.47,11.2,Critical (High Er Visits),30,Extreme,5.2,13.5,ILO Labor Models (2019/2030); BMJ Global Health (2024),2500,,,
karachi,2022-05-06,Summer (May-Jul),28.45,0.0,0.15,0.46,2022,5,,,,,,,,,33.6,0.0,0.0,0.0,Surplus (Recharging),,,,,,,,,,,,,,,,,,Construction & Transit,3300,5.94,165.0,5880.6,K-Electric,2250,8,41.5,4.47,11.2,Critical (High Er Visits),30,Extreme,5.2,13.5,ILO Labor Models (2019/2030); BMJ Global Health (2024),2500,,,
karachi,2022-05-07,Summer (May-Jul),28.14,0.0,0.15,0.46,2022,5,,,,,,,,,31.75,0.0,0.0,0.0,Surplus (Recharging),,,,,,,,,,,,,,,,,,Construction & Transit,3300,5.94,165.0,5880.6,K-Electric,2250,8,41.5,4.47,11.2,Critical (High Er Visits),30,Extreme,5.2,13.5,ILO Labor Models (2019/2030); BMJ Global Health (2024),2500,,,
karachi,2022-05-08,Summer (May-Jul),28.52,0.0,0.15,0.46,2022,5,,,,,,,,,32.45,0.0,0.0,0.0,Surplus (Recharging),,,,,,,,,,,,,,,,,,Construction & Transit,3300,5.94,165.0,5880.6,K-Electric,2250,8,41.5,4.47,11.2,Critical (High Er Visits),30,Extreme,5.2,13.5,ILO Labor Models (2019/2030); BMJ Global Health (2024),2500,,,
karachi,2022-05-09,Summer (May-Jul),29.13,0.0,0.15,0.46,2022,5,,,,,,,,,32.79,0.0,0.0,0.0,Surplus (Recharging),,,,,,,,,,,,,,,,,,Construction & Transit,3300,5.94,165.0,5880.6,K-Electric,2250,8,41.5,4.47,11.2,Critical (High Er Visits),30,Extreme,5.2,13.5,ILO Labor Models (2019/2030); BMJ Global Health (2024),2500,,,
karachi,2022-05-10,Summer (May-Jul),30.3,0.0,0.15,0.46,2022,5,,,,,,,,,35.22,0.0,0.0,0.0,Surplus (Recharging),,,,,,,,,,,,,,,,,,Construction & Transit,3300,5.94,165.0,5880.6,K-Electric,2250,8,41.5,4.47,11.2,Critical (High Er Visits),30,Extreme,5.2,13.5,ILO Labor Models (2019/2030); BMJ Global Health (2024),2500,,,
karachi,2022-05-11,Summer (May-Jul),30.48,0.0,0.15,0.46,2022,5,,,,,,,,,35.77,0.0,0.0,0.0,Surplus (Recharging),,,,,,,,,,,,,,,,,,Construction & Transit,3300,5.94,165.0,5880.6,K-Electric,2250,8,41.5,4.47,11.2,Critical (High Er Visits),30,Extreme,5.2,13.5,ILO Labor Models (2019/2030); BMJ Global Health (2024),2500,,,
karachi,2022-05-12,Summer (May-Jul),30.63,0.0,0.15,0.46,2022,5,,,,,,,,,36.84,0.0,0.0,0.0,Surplus (Recharging),,,,,,,,,,,,,,,,,,Construction & Transit,3300,5.94,165.0,5880.6,K-Electric,2250,8,41.5,4.47,11.2,Critical (High Er Visits),30,Extreme,5.2,13.5,ILO Labor Models (2019/2030); BMJ Global Health (2024),2500,,,
karachi,2022-05-13,Summer (May-Jul),31.3,0.0,0.15,0.46,2022,5,,,,,,,,,37.32,0.0,0.0,0.0,Surplus (Recharging),,,,,,,,,,,,,,,,,,Construction & Transit,3300,5.94,165.0,5880.6,K-Electric,2250,8,41.5,4.47,11.2,Critical (High Er Visits),30,Extreme,5.2,13.5,ILO Labor Models (2019/2030); BMJ Global Health (2024),2500,,,
karachi,2022-05-14,Summer (May-Jul),30.71,0.0,0.15,0.46,2022,5,,,,,,,,,37.47,0.0,0.0,0.0,Surplus (Recharging),,,,,,,,,,,,,,,,,,Construction & Transit,3300,5.94,165.0,5880.6,K-Electric,2250,8,41.5,4.47,11.2,Critical (High Er Visits),30,Extreme,5.2,13.5,ILO Labor Models (2019/2030); BMJ Global Health (2024),2500,,,
karachi,2022-05-15,Summer (May-Jul),29.81,0.0,0.14,0.46,2022,5,,,,,,,,,34.9,0.0,0.0,0.0,Surplus (Recharging),,,,,,,,,,,,,,,,,,Construction & Transit,3300,5.94,165.0,5880.6,K-Electric,2250,8,41.5,4.47,11.2,Critical (High Er Visits),30,Extreme,5.2,13.5,ILO Labor Models (2019/2030); BMJ Global Health (2024),2500,,,
karachi,2022-05-16,Summer (May-Jul),30.78,0.0,0.14,0.46,2022,5,,,,,,,,,36.67,0.0,0.0,0.0,Surplus (Recharging),,,,,,,,,,,,,,,,,,Construction & Transit,3300,5.94,165.0,5880.6,K-Electric,2250,8,41.5,4.47,11.2,Critical (High Er Visits),30,Extreme,5.2,13.5,ILO Labor Models (2019/2030); BMJ Global Health (2024),2500,,,
karachi,2022-05-17,Summer (May-Jul),30.41,0.0,0.14,0.46,2022,5,,,,,,,,,36.48,0.0,0.0,0.0,Surplus (Recharging),,,,,,,,,,,,,,,,,,Construction & Transit,3300,5.94,165.0,5880.6,K-Electric,2250,8,41.5,4.47,11.2,Critical (High Er Visits),30,Extreme,5.2,13.5,ILO Labor Models (2019/2030); BMJ Global Health (2024),2500,,,
karachi,2022-05-18,Summer (May-Jul),29.86,0.0,0.14,0.46,2022,5,,,,,,,,,35.16,0.0,0.0,0.0,Surplus (Recharging),,,,,,,,,,,,,,,,,,Construction & Transit,3300,5.94,165.0,5880.6,K-Electric,2250,8,41.5,4.47,11.2,Critical (High Er Visits),30,Extreme,5.2,13.5,ILO Labor Models (2019/2030); BMJ Global Health (2024),2500,,,
karachi,2022-05-19,Summer (May-Jul),29.37,0.0,0.14,0.46,2022,5,,,,,,,,,33.53,0.0,0.0,0.0,Surplus (Recharging),,,,,,,,,,,,,,,,,,Construction & Transit,3300,5.94,165.0,5880.6,K-Electric,2250,8,41.5,4.47,11.2,Critical (High Er Visits),30,Extreme,5.2,13.5,ILO Labor Models (2019/2030); BMJ Global Health (2024),2500,,,
karachi,2022-05-20,Summer (May-Jul),29.06,0.0,0.14,0.46,2022,5,,,,,,,,,32.37,0.0,0.0,0.0,Surplus (Recharging),,,,,,,,,,,,,,,,,,Construction & Transit,3300,5.94,165.0,5880.6,K-Electric,2250,8,41.5,4.47,11.2,Critical (High Er Visits),30,Extreme,5.2,13.5,ILO Labor Models (2019/2030); BMJ Global Health (2024),2500,,,
karachi,2022-05-21,Summer (May-Jul),29.27,0.0,0.14,0.46,2022,5,,,,,,,,,32.97,0.0,0.0,0.0,Surplus (Recharging),,,,,,,,,,,,,,,,,,Construction & Transit,3300,5.94,165.0,5880.6,K-Electric,2250,8,41.5,4.47,11.2,Critical (High Er Visits),30,Extreme,5.2,13.5,ILO Labor Models (2019/2030); BMJ Global Health (2024),2500,,,
karachi,2022-05-22,Summer (May-Jul),29.39,0.0,0.14,0.46,2022,5,,,,,,,,,33.05,0.0,0.0,0.0,Surplus (Recharging),,,,,,,,,,,,,,,,,,Construction & Transit,3300,5.94,165.0,5880.6,K-Electric,2250,8,41.5,4.47,11.2,Critical (High Er Visits),30,Extreme,5.2,13.5,ILO Labor Models (2019/2030); BMJ Global Health (2024),2500,,,
karachi,2022-05-23,Summer (May-Jul),31.16,0.0,0.14,0.46,2022,5,,,,,,,,,37.56,0.0,0.0,0.0,Surplus (Recharging),,,,,,,,,,,,,,,,,,Construction & Transit,3300,5.94,165.0,5880.6,K-Electric,2250,8,41.5,4.47,11.2,Critical (High Er Visits),30,Extreme,5.2,13.5,ILO Labor Models (2019/2030); BMJ Global Health (2024),2500,,,
karachi,2022-05-24,Summer (May-Jul),29.8,0.0,0.14,0.46,2022,5,,,,,,,,,34.46,0.0,0.0,0.0,Surplus (Recharging),,,,,,,,,,,,,,,,,,Construction & Transit,3300,5.94,165.0,5880.6,K-Electric,2250,8,41.5,4.47,11.2,Critical (High Er Visits),30,Extreme,5.2,13.5,ILO Labor Models (2019/2030); BMJ Global Health (2024),2500,,,
karachi,2022-05-25,Summer (May-Jul),29.42,0.0,0.14,0.46,2022,5,,,,,,,,,32.85,0.0,0.0,0.0,Surplus (Recharging),,,,,,,,,,,,,,,,,,Construction & Transit,3300,5.94,165.0,5880.6,K-Electric,2250,8,41.5,4.47,11.2,Critical (High Er Visits),30,Extreme,5.2,13.5,ILO Labor Models (2019/2030); BMJ Global Health (2024),2500,,,
karachi,2022-05-26,Summer (May-Jul),29.29,0.0,0.14,0.46,2022,5,,,,,,,,,32.62,0.0,0.0,0.0,Surplus (Recharging),,,,,,,,,,,,,,,,,,Construction & Transit,3300,5.94,165.0,5880.6,K-Electric,2250,8,41.5,4.47,11.2,Critical (High Er Visits),30,Extreme,5.2,13.5,ILO Labor Models (2019/2030); BMJ Global Health (2024),2500,,,
karachi,2022-05-27,Summer (May-Jul),29.12,0.0,0.14,0.46,2022,5,,,,,,,,,32.53,0.0,0.0,0.0,Surplus (Recharging),,,,,,,,,,,,,,,,,,Construction & Transit,3300,5.94,165.0,5880.6,K-Electric,2250,8,41.5,4.47,11.2,Critical (High Er Visits),30,Extreme,5.2,13.5,ILO Labor Models (2019/2030); BMJ Global Health (2024),2500,,,
karachi,2022-05-28,Summer (May-Jul),29.3,0.0,0.14,0.46,2022,5,,,,,,,,,33.48,0.0,0.0,0.0,Surplus (Recharging),,,,,,,,,,,,,,,,,,Construction & Transit,3300,5.94,165.0,5880.6,K-Electric,2250,8,41.5,4.47,11.2,Critical (High Er Visits),30,Extreme,5.2,13.5,ILO Labor Models (2019/2030); BMJ Global Health (2024),2500,,,
karachi,2022-05-29,Summer (May-Jul),29.41,0.0,0.14,0.46,2022,5,,,,,,,,,33.87,0.0,0.0,0.0,Surplus (Recharging),,,,,,,,,,,,,,,,,,Construction & Transit,3300,5.94,165.0,5880.6,K-Electric,2250,8,41.5,4.47,11.2,Critical (High Er Visits),30,Extreme,5.2,13.5,ILO Labor Models (2019/2030); BMJ Global Health (2024),2500,,,
karachi,2022-05-30,Summer (May-Jul),29.31,0.0,0.14,0.46,2022,5,,,,,,,,,33.49,0.0,0.0,0.0,Surplus (Recharging),,,,,,,,,,,,,,,,,,Construction & Transit,3300,5.94,165.0,5880.6,K-Electric,2250,8,41.5,4.47,11.2,Critical (High Er Visits),30,Extreme,5.2,13.5,ILO Labor Models (2019/2030); BMJ Global Health (2024),2500,,,
karachi,2022-05-31,Summer (May-Jul),28.93,0.0,0.14,0.46,2022,5,,,,,,,,,32.2,0.0,0.0,0.0,Surplus (Recharging),,,,,,,,,,,,,,,,,,Construction & Transit,3300,5.94,165.0,5880.6,K-Electric,2250,8,41.5,4.47,11.2,Critical (High Er Visits),30,Extreme,5.2,13.5,ILO Labor Models (2019/2030); BMJ Global Health (2024),2500,,,
karachi,2022-06-01,Summer (May-Jul),29.45,0.0,0.14,0.46,2022,6,June,31.9,27.1,28.9,80.0,34.6,0.0,33.6,33.62,0.0,0.0,0.0,Surplus (Recharging),36.5,43.7,95.0,7.0,124363546.0,4400.0,90.0,69.8,23.1,73.8,161.0,483.0,24.0,16.0,1300.0,44.3,Pdma Sindh,Construction & Transit,5500,9.9,275.0,16335.0,K-Electric,3000,10,43.0,4.99,43.8,Severe Disaster Level,40,Extreme,6.8,17.8,ILO Labor Models (2019/2030); BMJ Global Health (2024),2500,,,
karachi,2022-06-02,Summer (May-Jul),29.72,0.0,0.14,0.46,2022,6,June,32.9,26.8,29.2,79.0,35.1,0.0,36.7,35.15,0.0,0.0,0.0,Surplus (Recharging),34.2,38.4,132.0,3.0,154637314.0,4400.0,90.0,69.8,23.1,73.8,161.0,483.0,24.0,16.0,1300.0,44.3,Pdma Sindh,Construction & Transit,5500,9.9,275.0,16335.0,K-Electric,3000,10,43.0,4.99,43.8,Severe Disaster Level,40,Extreme,6.8,17.8,ILO Labor Models (2019/2030); BMJ Global Health (2024),2500,,,
karachi,2022-06-03,Summer (May-Jul),29.28,0.0,0.14,0.46,2022,6,June,32.4,26.8,29.1,79.0,35.1,0.0,37.4,34.29,0.0,0.0,0.0,Surplus (Recharging),34.0,41.5,117.0,3.0,141099571.0,4400.0,90.0,69.8,23.1,73.8,161.0,483.0,24.0,16.0,1300.0,44.3,Pdma Sindh,Construction & Transit,5500,9.9,275.0,16335.0,K-Electric,3000,10,43.0,4.99,43.8,Severe Disaster Level,40,Extreme,6.8,17.8,ILO Labor Models (2019/2030); BMJ Global Health (2024),2500,,,
karachi,2022-06-04,Summer (May-Jul),28.73,0.0,0.14,0.46,2022,6,June,31.8,26.8,28.9,80.0,35.2,0.0,34.4,32.7,0.0,0.0,0.0,Surplus (Recharging),39.0,46.7,165.0,13.0,126385988.0,4400.0,90.0,69.8,23.1,73.8,161.0,483.0,24.0,16.0,1300.0,44.3,Pdma Sindh,Construction & Transit,5500,9.9,275.0,16335.0,K-Electric,3000,10,43.0,4.99,43.8,Severe Disaster Level,40,Extreme,6.8,17.8,ILO Labor Models (2019/2030); BMJ Global Health (2024),2500,,,
karachi,2022-06-05,Summer (May-Jul),28.7,0.0,0.14,0.46,2022,6,June,31.4,27.0,28.7,82.0,34.9,0.0,33.5,32.12,0.0,0.0,0.0,Surplus (Recharging),40.4,47.8,162.0,11.0,129844490.0,4400.0,90.0,69.8,23.1,73.8,161.0,483.0,24.0,16.0,1300.0,44.3,Pdma Sindh,Construction & Transit,5500,9.9,275.0,16335.0,K-Electric,3000,10,43.0,4.99,43.8,Severe Disaster Level,40,Extreme,6.8,17.8,ILO Labor Models (2019/2030); BMJ Global Health (2024),2500,,,
karachi,2022-06-06,Summer (May-Jul),28.77,0.0,0.14,0.46,2022,6,June,31.1,26.5,28.5,80.0,35.1,0.0,30.9,32.16,0.0,0.0,0.0,Surplus (Recharging),36.8,44.4,137.0,10.0,114611981.0,4400.0,90.0,69.8,23.1,73.8,161.0,483.0,24.0,16.0,1300.0,44.3,Pdma Sindh,Construction & Transit,5500,9.9,275.0,16335.0,K-Electric,3000,10,43.0,4.99,43.8,Severe Disaster Level,40,Extreme,6.8,17.8,ILO Labor Models (2019/2030); BMJ Global Health (2024),2500,,,
karachi,2022-06-07,Summer (May-Jul),28.59,0.0,0.14,0.46,2022,6,June,30.8,26.8,28.5,78.0,33.7,0.0,32.3,32.24,0.0,0.0,0.0,Surplus (Recharging),39.5,47.2,163.0,12.0,125029004.0,4400.0,90.0,69.8,23.1,73.8,161.0,483.0,24.0,16.0,1300.0,44.3,Pdma Sindh,Construction & Transit,5500,9.9,275.0,16335.0,K-Electric,3000,10,43.0,4.99,43.8,Severe Disaster Level,40,Extreme,6.8,17.8,ILO Labor Models (2019/2030); BMJ Global Health (2024),2500,,,
karachi,2022-06-08,Summer (May-Jul),28.42,0.0,0.14,0.46,2022,6,June,31.1,27.1,28.8,76.0,33.3,0.0,36.2,31.42,0.0,0.0,0.0,Surplus (Recharging),37.9,42.7,141.0,4.0,143262746.0,4400.0,90.0,69.8,23.1,73.8,161.0,483.0,24.0,16.0,1300.0,44.3,Pdma Sindh,Construction & Transit,5500,9.9,275.0,16335.0,K-Electric,3000,10,43.0,4.99,43.8,Severe Disaster Level,40,Extreme,6.8,17.8,ILO Labor Models (2019/2030); BMJ Global Health (2024),2500,,,
karachi,2022-06-09,Summer (May-Jul),28.7,0.0,0.14,0.46,2022,6,June,31.3,27.2,28.9,78.0,33.5,0.2,34.4,31.56,0.0,0.0,0.0,Surplus (Recharging),35.4,40.5,128.0,4.0,140303116.0,4400.0,90.0,69.8,23.1,73.8,161.0,483.0,24.0,16.0,1300.0,44.3,Pdma Sindh,Construction & Transit,5500,9.9,275.0,16335.0,K-Electric,3000,10,43.0,4.99,43.8,Severe Disaster Level,40,Extreme,6.8,17.8,ILO Labor Models (2019/2030); BMJ Global Health (2024),2500,,,
karachi,2022-06-10,Summer (May-Jul),29.16,0.03,0.14,0.46,2022,6,June,30.6,27.2,28.7,83.0,34.3,2.7,30.1,31.89,0.03,0.0,0.03,Surplus (Recharging),37.9,44.8,135.0,13.0,116556282.0,4400.0,90.0,69.8,23.1,73.8,161.0,483.0,24.0,16.0,1300.0,44.3,Pdma Sindh,Construction & Transit,5500,9.9,275.0,16335.0,K-Electric,3000,10,43.0,4.99,43.8,Severe Disaster Level,40,Extreme,6.8,17.8,ILO Labor Models (2019/2030); BMJ Global Health (2024),2500,,,
karachi,2022-06-11,Summer (May-Jul),29.38,0.03,0.14,0.46,2022,6,June,30.5,27.5,28.7,83.0,35.1,2.1,25.8,32.32,0.03,0.0,0.03,Surplus (Recharging),40.8,48.9,137.0,9.0,126641067.0,4400.0,90.0,69.8,23.1,73.8,161.0,483.0,24.0,16.0,1300.0,44.3,Pdma Sindh,Construction & Transit,5500,9.9,275.0,16335.0,K-Electric,3000,10,43.0,4.99,43.8,Severe Disaster Level,40,Extreme,6.8,17.8,ILO Labor Models (2019/2030); BMJ Global Health (2024),2500,,,
karachi,2022-06-12,Summer (May-Jul),29.72,0.02,0.14,0.46,2022,6,June,30.4,27.3,28.8,82.0,35.2,1.3,24.6,32.47,0.02,0.0,0.02,Surplus (Recharging),36.9,42.3,146.0,7.0,140626894.0,4400.0,90.0,69.8,23.1,73.8,161.0,483.0,24.0,16.0,1300.0,44.3,Pdma Sindh,Construction & Transit,5500,9.9,275.0,16335.0,K-Electric,3000,10,43.0,4.99,43.8,Severe Disaster Level,40,Extreme,6.8,17.8,ILO Labor Models (2019/2030); BMJ Global Health (2024),2500,,,
karachi,2022-06-13,Summer (May-Jul),29.78,0.01,0.14,0.46,2022,6,June,30.9,27.7,29.1,83.0,36.7,1.2,23.5,32.49,0.01,0.0,0.01,Surplus (Recharging),40.9,47.5,149.0,14.0,120779105.0,4400.0,90.0,69.8,23.1,73.8,161.0,483.0,24.0,16.0,1300.0,44.3,Pdma Sindh,Construction & Transit,5500,9.9,275.0,16335.0,K-Electric,3000,10,43.0,4.99,43.8,Severe Disaster Level,40,Extreme,6.8,17.8,ILO Labor Models (2019/2030); BMJ Global Health (2024),2500,,,
karachi,2022-06-14,Summer (May-Jul),30.29,0.01,0.14,0.46,2022,6,June,31.2,27.4,29.2,78.0,36.3,0.7,23.5,33.81,0.01,0.0,0.01,Surplus (Recharging),30.5,37.6,96.0,6.0,135304788.0,4400.0,90.0,69.8,23.1,73.8,161.0,483.0,24.0,16.0,1300.0,44.3,Pdma Sindh,Construction & Transit,5500,9.9,275.0,16335.0,K-Electric,3000,10,43.0,4.99,43.8,Severe Disaster Level,40,Extreme,6.8,17.8,ILO Labor Models (2019/2030); BMJ Global Health (2024),2500,,,
karachi,2022-06-15,Summer (May-Jul),30.19,0.02,0.14,0.46,2022,6,June,31.3,27.8,29.4,79.0,34.6,1.4,32.1,33.29,0.02,0.0,0.02,Surplus (Recharging),39.1,45.1,155.0,11.0,107580638.0,4400.0,90.0,69.8,23.1,73.8,161.0,483.0,24.0,16.0,1300.0,44.3,Pdma Sindh,Construction & Transit,5500,9.9,275.0,16335.0,K-Electric,3000,10,43.0,4.99,43.8,Severe Disaster Level,40,Extreme,6.8,17.8,ILO Labor Models (2019/2030); BMJ Global Health (2024),2500,,,
karachi,2022-06-16,Summer (May-Jul),30.23,0.01,0.14,0.46,2022,6,June,31.1,28.0,29.5,77.0,33.8,1.7,34.2,32.94,0.01,0.0,0.01,Surplus (Recharging),37.2,44.4,108.0,9.0,132444434.0,4400.0,90.0,69.8,23.1,73.8,161.0,483.0,24.0,16.0,1300.0,44.3,Pdma Sindh,Construction & Transit,5500,9.9,275.0,16335.0,K-Electric,3000,10,43.0,4.99,43.8,Severe Disaster Level,40,Extreme,6.8,17.8,ILO Labor Models (2019/2030); BMJ Global Health (2024),2500,,,
karachi,2022-06-17,Summer (May-Jul),30.5,0.01,0.14,0.46,2022,6,June,31.3,28.1,29.6,79.0,35.2,1.2,31.0,33.19,0.01,0.0,0.01,Surplus (Recharging),36.3,44.3,106.0,12.0,127236136.0,4400.0,90.0,69.8,23.1,73.8,161.0,483.0,24.0,16.0,1300.0,44.3,Pdma Sindh,Construction & Transit,5500,9.9,275.0,16335.0,K-Electric,3000,10,43.0,4.99,43.8,Severe Disaster Level,40,Extreme,6.8,17.8,ILO Labor Models (2019/2030); BMJ Global Health (2024),2500,,,
karachi,2022-06-18,Summer (May-Jul),30.27,0.01,0.14,0.46,2022,6,June,31.3,28.0,29.5,80.0,35.4,2.7,29.1,33.19,0.01,0.0,0.01,Surplus (Recharging),43.04,49.9,170.0,8.0,153004100.0,4400.0,90.0,69.8,23.1,73.8,161.0,483.0,24.0,16.0,1300.0,44.3,Pdma Sindh,Construction & Transit,5500,9.9,275.0,16335.0,K-Electric,3000,10,43.0,4.99,43.8,Severe Disaster Level,40,Extreme,6.8,17.8,ILO Labor Models (2019/2030); BMJ Global Health (2024),2500,,,
karachi,2022-06-19,Summer (May-Jul),30.13,0.01,0.14,0.46,2022,6,June,31.1,28.0,29.4,82.0,35.9,1.3,28.9,33.13,0.01,0.0,0.01,Surplus (Recharging),43.58,50.0,184.0,14.0,125754330.0,4400.0,90.0,69.8,23.1,73.8,161.0,483.0,24.0,16.0,1300.0,44.3,Pdma Sindh,Construction & Transit,5500,9.9,275.0,16335.0,K-Electric,3000,10,43.0,4.99,43.8,Severe Disaster Level,40,Extreme,6.8,17.8,ILO Labor Models (2019/2030); BMJ Global Health (2024),2500,,,
karachi,2022-06-20,Summer (May-Jul),29.47,1.73,0.18,0.46,2022,6,June,30.7,28.0,29.2,80.0,32.8,1.0,38.5,32.03,1.73,0.0,1.73,Surplus (Recharging),42.95,48.9,185.0,10.0,106008236.0,4400.0,90.0,69.8,23.1,73.8,161.0,483.0,24.0,16.0,1300.0,44.3,Pdma Sindh,Construction & Transit,5500,9.9,275.0,16335.0,K-Electric,3000,10,43.0,4.99,43.8,Severe Disaster Level,40,Extreme,6.8,17.8,ILO Labor Models (2019/2030); BMJ Global Health (2024),2500,,,
karachi,2022-06-21,Summer (May-Jul),29.92,1.43,0.24,0.46,2022,6,June,31.6,28.0,29.4,82.0,36.6,0.1,33.5,34.69,1.43,0.0,1.43,Surplus (Recharging),43.05,49.7,150.0,13.0,118284293.0,4400.0,90.0,69.8,23.1,73.8,161.0,483.0,24.0,16.0,1300.0,44.3,Pdma Sindh,Construction & Transit,5500,9.9,275.0,16335.0,K-Electric,3000,10,43.0,4.99,43.8,Severe Disaster Level,40,Extreme,6.8,17.8,ILO Labor Models (2019/2030); BMJ Global Health (2024),2500,,,
karachi,2022-06-22,Summer (May-Jul),29.82,8.59,0.33,0.46,2022,6,June,31.1,27.8,29.3,82.0,36.4,0.9,23.0,33.38,8.59,0.0,8.59,Surplus (Recharging),40.7,46.3,170.0,12.0,138113750.0,4400.0,90.0,69.8,23.1,73.8,161.0,483.0,24.0,16.0,1300.0,44.3,Pdma Sindh,Construction & Transit,5500,9.9,275.0,16335.0,K-Electric,3000,10,43.0,4.99,43.8,Severe Disaster Level,40,Extreme,6.8,17.8,ILO Labor Models (2019/2030); BMJ Global Health (2024),2500,,,
karachi,2022-06-23,Summer (May-Jul),30.56,7.43,0.53,0.49,2022,6,June,34.1,27.1,30.0,77.0,40.2,0.0,26.8,34.92,7.43,0.0,7.43,Surplus (Recharging),35.7,41.5,127.0,6.0,141235488.0,4400.0,90.0,69.8,23.1,73.8,161.0,483.0,24.0,16.0,1300.0,44.3,Pdma Sindh,Construction & Transit,5500,9.9,275.0,16335.0,K-Electric,3000,10,43.0,4.99,43.8,Severe Disaster Level,40,Extreme,6.8,17.8,ILO Labor Models (2019/2030); BMJ Global Health (2024),2500,,,
karachi,2022-06-24,Summer (May-Jul),29.73,2.41,0.48,0.49,2022,6,June,34.5,27.1,29.9,75.0,37.1,0.0,29.2,32.95,2.41,0.0,2.41,Surplus (Recharging),35.0,41.4,113.0,4.0,143286521.0,4400.0,90.0,69.8,23.1,73.8,161.0,483.0,24.0,16.0,1300.0,44.3,Pdma Sindh,Construction & Transit,5500,9.9,275.0,16335.0,K-Electric,3000,10,43.0,4.99,43.8,Severe Disaster Level,40,Extreme,6.8,17.8,ILO Labor Models (2019/2030); BMJ Global Health (2024),2500,,,
karachi,2022-06-25,Summer (May-Jul),29.59,0.1,0.45,0.49,2022,6,June,32.5,27.2,29.6,77.0,36.0,0.0,30.3,32.43,0.1,0.0,0.1,Surplus (Recharging),35.7,40.0,120.0,6.0,144002286.0,4400.0,90.0,69.8,23.1,73.8,161.0,483.0,24.0,16.0,1300.0,44.3,Pdma Sindh,Construction & Transit,5500,9.9,275.0,16335.0,K-Electric,3000,10,43.0,4.99,43.8,Severe Disaster Level,40,Extreme,6.8,17.8,ILO Labor Models (2019/2030); BMJ Global Health (2024),2500,,,
karachi,2022-06-26,Summer (May-Jul),30.6,0.0,0.43,0.48,2022,6,June,33.0,28.0,30.1,77.0,37.0,0.0,28.9,33.97,0.0,0.0,0.0,Surplus (Recharging),39.3,44.3,164.0,8.0,123776218.0,4400.0,90.0,69.8,23.1,73.8,161.0,483.0,24.0,16.0,1300.0,44.3,Pdma Sindh,Construction & Transit,5500,9.9,275.0,16335.0,K-Electric,3000,10,43.0,4.99,43.8,Severe Disaster Level,40,Extreme,6.8,17.8,ILO Labor Models (2019/2030); BMJ Global Health (2024),2500,,,
karachi,2022-06-27,Summer (May-Jul),30.55,0.0,0.42,0.48,2022,6,June,32.7,27.7,30.0,81.0,37.8,0.0,26.9,33.51,0.0,0.0,0.0,Surplus (Recharging),37.8,44.2,147.0,8.0,134780899.0,4400.0,90.0,69.8,23.1,73.8,161.0,483.0,24.0,16.0,1300.0,44.3,Pdma Sindh,Construction & Transit,5500,9.9,275.0,16335.0,K-Electric,3000,10,43.0,4.99,43.8,Severe Disaster Level,40,Extreme,6.8,17.8,ILO Labor Models (2019/2030); BMJ Global Health (2024),2500,,,
karachi,2022-06-28,Summer (May-Jul),30.57,0.0,0.4,0.48,2022,6,June,32.0,28.4,30.1,81.0,38.3,0.2,23.1,33.54,0.0,0.0,0.0,Surplus (Recharging),35.7,41.6,131.0,5.0,134995319.0,4400.0,90.0,69.8,23.1,73.8,161.0,483.0,24.0,16.0,1300.0,44.3,Pdma Sindh,Construction & Transit,5500,9.9,275.0,16335.0,K-Electric,3000,10,43.0,4.99,43.8,Severe Disaster Level,40,Extreme,6.8,17.8,ILO Labor Models (2019/2030); BMJ Global Health (2024),2500,,,
karachi,2022-06-29,Summer (May-Jul),30.38,0.0,0.39,0.47,2022,6,June,31.8,28.6,30.0,80.0,35.8,3.7,31.2,32.85,0.0,0.0,0.0,Surplus (Recharging),38.3,43.8,149.0,7.0,132303765.0,4400.0,90.0,69.8,23.1,73.8,161.0,483.0,24.0,16.0,1300.0,44.3,Pdma Sindh,Construction & Transit,5500,9.9,275.0,16335.0,K-Electric,3000,10,43.0,4.99,43.8,Severe Disaster Level,40,Extreme,6.8,17.8,ILO Labor Models (2019/2030); BMJ Global Health (2024),2500,,,
karachi,2022-06-30,Summer (May-Jul),30.9,0.12,0.38,0.47,2022,6,June,32.1,28.5,30.1,80.0,35.8,1.1,32.5,33.32,0.12,0.0,0.12,Surplus (Recharging),37.2,44.5,153.0,11.0,130784545.0,4400.0,90.0,69.8,23.1,73.8,161.0,483.0,24.0,16.0,1300.0,44.3,Pdma Sindh,Construction & Transit,5500,9.9,275.0,16335.0,K-Electric,3000,10,43.0,4.99,43.8,Severe Disaster Level,40,Extreme,6.8,17.8,ILO Labor Models (2019/2030); BMJ Global Health (2024),2500,,,
karachi,2022-07-01,Summer (May-Jul),30.65,0.46,0.38,0.47,2022,7,July,32.1,28.6,30.2,81.0,36.6,0.7,29.4,32.78,0.46,0.0,0.46,Surplus (Recharging),37.4,44.5,139.0,9.0,118232868.0,4400.0,90.0,69.8,23.1,73.8,161.0,483.0,24.0,16.0,1300.0,44.3,Pdma Sindh,Construction & Transit,4950,8.91,247.5,13231.35,K-Electric,2625,9,36.5,2.8,24.5,Severe Disaster Level,70,Extreme (Humid),6.1,15.9,ILO Labor Models (2019/2030); BMJ Global Health (2024),2500,,,
karachi,2022-07-02,Summer (May-Jul),30.42,2.5,0.4,0.48,2022,7,July,30.9,28.6,29.7,82.0,35.2,1.5,27.9,32.31,2.5,0.0,2.5,Surplus (Recharging),44.13,48.9,182.0,11.0,135379824.0,4400.0,90.0,69.8,23.1,73.8,161.0,483.0,24.0,16.0,1300.0,44.3,Pdma Sindh,Construction & Transit,4950,8.91,247.5,13231.35,K-Electric,2625,9,36.5,2.8,24.5,Severe Disaster Level,70,Extreme (Humid),6.1,15.9,ILO Labor Models (2019/2030); BMJ Global Health (2024),2500,,,
karachi,2022-07-03,Summer (May-Jul),30.61,0.24,0.38,0.47,2022,7,July,30.9,28.5,29.6,84.0,37.0,0.3,18.9,33.59,0.24,0.0,0.24,Surplus (Recharging),41.45,49.4,182.0,12.0,115771880.0,4400.0,90.0,69.8,23.1,73.8,161.0,483.0,24.0,16.0,1300.0,44.3,Pdma Sindh,Construction & Transit,4950,8.91,247.5,13231.35,K-Electric,2625,9,36.5,2.8,24.5,Severe Disaster Level,70,Extreme (Humid),6.1,15.9,ILO Labor Models (2019/2030); BMJ Global Health (2024),2500,,,
karachi,2022-07-04,Summer (May-Jul),30.18,3.37,0.41,0.48,2022,7,July,31.9,28.5,29.9,81.0,37.3,25.6,17.2,31.78,3.37,0.0,3.37,Surplus (Recharging),42.16,48.4,164.0,9.0,130106628.0,4400.0,90.0,69.8,23.1,73.8,161.0,483.0,24.0,16.0,1300.0,44.3,Pdma Sindh,Construction & Transit,4950,8.91,247.5,13231.35,K-Electric,2625,9,36.5,2.8,24.5,Severe Disaster Level,70,Extreme (Humid),6.1,15.9,ILO Labor Models (2019/2030); BMJ Global Health (2024),2500,,,
karachi,2022-07-05,Summer (May-Jul),30.85,3.18,0.49,0.48,2022,7,July,30.0,27.0,28.8,86.0,37.3,12.4,16.0,34.66,3.18,0.0,3.18,Surplus (Recharging),42.13,49.5,178.0,10.0,110994920.0,4400.0,90.0,69.8,23.1,73.8,161.0,483.0,24.0,16.0,1300.0,44.3,Pdma Sindh,Construction & Transit,4950,8.91,247.5,13231.35,K-Electric,2625,9,36.5,2.8,24.5,Severe Disaster Level,70,Extreme (Humid),6.1,15.9,ILO Labor Models (2019/2030); BMJ Global Health (2024),2500,,,
karachi,2022-07-06,Summer (May-Jul),29.62,29.46,0.64,0.51,2022,7,July,31.3,27.8,28.8,87.0,38.0,27.9,21.6,30.83,29.46,0.0,29.46,Surplus (Recharging),35.7,42.3,123.0,4.0,147198372.0,4400.0,90.0,69.8,23.1,73.8,161.0,483.0,24.0,16.0,1300.0,44.3,Pdma Sindh,Construction & Transit,4950,8.91,247.5,13231.35,K-Electric,2625,9,36.5,2.8,24.5,Severe Disaster Level,70,Extreme (Humid),6.1,15.9,ILO Labor Models (2019/2030); BMJ Global Health (2024),2500,,,
karachi,2022-07-07,Summer (May-Jul),30.35,17.87,0.64,0.55,2022,7,July,30.8,27.3,28.4,86.0,37.2,2.6,23.8,33.58,17.87,0.0,17.87,Surplus (Recharging),35.7,44.2,124.0,13.0,131965039.0,4400.0,90.0,69.8,23.1,73.8,161.0,483.0,24.0,16.0,1300.0,44.3,Pdma Sindh,Construction & Transit,4950,8.91,247.5,13231.35,K-Electric,2625,9,36.5,2.8,24.5,Severe Disaster Level,70,Extreme (Humid),6.1,15.9,ILO Labor Models (2019/2030); BMJ Global Health (2024),2500,,,
karachi,2022-07-08,Summer (May-Jul),28.97,19.87,0.65,0.58,2022,7,July,29.9,26.4,27.8,87.0,36.0,16.9,20.3,29.97,19.87,0.0,19.87,Surplus (Recharging),35.0,42.4,124.0,4.0,134853584.0,4400.0,90.0,69.8,23.1,73.8,161.0,483.0,24.0,16.0,1300.0,44.3,Pdma Sindh,Construction & Transit,4950,8.91,247.5,13231.35,K-Electric,2625,9,36.5,2.8,24.5,Severe Disaster Level,70,Extreme (Humid),6.1,15.9,ILO Labor Models (2019/2030); BMJ Global Health (2024),2500,,,
karachi,2022-07-09,Summer (May-Jul),29.22,49.37,0.78,0.65,2022,7,July,28.3,26.5,27.5,87.0,32.8,34.0,23.4,30.78,49.37,0.01,49.36,Surplus (Recharging),34.4,41.6,130.0,3.0,131397766.0,4400.0,90.0,69.8,23.1,73.8,161.0,483.0,24.0,16.0,1300.0,44.3,Pdma Sindh,Construction & Transit,4950,8.91,247.5,13231.35,K-Electric,2625,9,36.5,2.8,24.5,Severe Disaster Level,70,Extreme (Humid),6.1,15.9,ILO Labor Models (2019/2030); BMJ Global Health (2024),2500,,,
karachi,2022-07-10,Summer (May-Jul),29.03,31.06,0.78,0.69,2022,7,July,29.2,26.9,28.1,85.0,34.2,6.8,22.4,30.67,31.06,0.02,31.04,Surplus (Recharging),31.5,39.0,123.0,5.0,140279830.0,4400.0,90.0,69.8,23.1,73.8,161.0,483.0,24.0,16.0,1300.0,44.3,Pdma Sindh,Construction & Transit,4950,8.91,247.5,13231.35,K-Electric,2625,9,36.5,2.8,24.5,Severe Disaster Level,70,Extreme (Humid),6.1,15.9,ILO Labor Models (2019/2030); BMJ Global Health (2024),2500,,,
karachi,2022-07-11,Summer (May-Jul),28.92,19.75,0.8,0.72,2022,7,July,29.1,26.4,27.9,85.0,32.1,18.6,29.8,30.01,19.75,0.01,19.74,Surplus (Recharging),33.9,38.5,121.0,4.0,154548106.0,4400.0,90.0,69.8,23.1,73.8,161.0,483.0,24.0,16.0,1300.0,44.3,Pdma Sindh,Construction & Transit,4950,8.91,247.5,13231.35,K-Electric,2625,9,36.5,2.8,24.5,Severe Disaster Level,70,Extreme (Humid),6.1,15.9,ILO Labor Models (2019/2030); BMJ Global Health (2024),2500,,,
karachi,2022-07-12,Summer (May-Jul),29.47,11.67,0.78,0.74,2022,7,July,30.0,27.4,28.7,84.0,34.0,2.3,28.5,31.7,11.67,0.04,11.63,Surplus (Recharging),34.1,39.0,98.0,6.0,120501434.0,4400.0,90.0,69.8,23.1,73.8,161.0,483.0,24.0,16.0,1300.0,44.3,Pdma Sindh,Construction & Transit,4950,8.91,247.5,13231.35,K-Electric,2625,9,36.5,2.8,24.5,Severe Disaster Level,70,Extreme (Humid),6.1,15.9,ILO Labor Models (2019/2030); BMJ Global Health (2024),2500,,,
karachi,2022-07-13,Summer (May-Jul),29.69,6.75,0.77,0.74,2022,7,July,30.3,27.8,28.9,86.0,36.2,1.0,22.1,31.34,6.75,0.03,6.72,Surplus (Recharging),33.0,40.2,123.0,6.0,123936918.0,4400.0,90.0,69.8,23.1,73.8,161.0,483.0,24.0,16.0,1300.0,44.3,Pdma Sindh,Construction & Transit,4950,8.91,247.5,13231.35,K-Electric,2625,9,36.5,2.8,24.5,Severe Disaster Level,70,Extreme (Humid),6.1,15.9,ILO Labor Models (2019/2030); BMJ Global Health (2024),2500,,,
karachi,2022-07-14,Summer (May-Jul),30.6,5.71,0.77,0.74,2022,7,July,32.1,27.6,29.7,90.0,41.5,0.4,16.4,32.82,5.71,0.03,5.68,Surplus (Recharging),34.6,40.8,160.0,4.0,135458104.0,4400.0,90.0,69.8,23.1,73.8,161.0,483.0,24.0,16.0,1300.0,44.3,Pdma Sindh,Construction & Transit,4950,8.91,247.5,13231.35,K-Electric,2625,9,36.5,2.8,24.5,Severe Disaster Level,70,Extreme (Humid),6.1,15.9,ILO Labor Models (2019/2030); BMJ Global Health (2024),2500,,,
karachi,2022-07-15,Summer (May-Jul),30.1,8.56,0.77,0.75,2022,7,July,32.9,27.9,29.9,79.0,37.4,4.8,29.1,32.2,8.56,0.03,8.53,Surplus (Recharging),36.0,43.4,134.0,6.0,126796561.0,4400.0,90.0,69.8,23.1,73.8,161.0,483.0,24.0,16.0,1300.0,44.3,Pdma Sindh,Construction & Transit,4950,8.91,247.5,13231.35,K-Electric,2625,9,36.5,2.8,24.5,Severe Disaster Level,70,Extreme (Humid),6.1,15.9,ILO Labor Models (2019/2030); BMJ Global Health (2024),2500,,,
karachi,2022-07-16,Summer (May-Jul),29.3,12.45,0.81,0.76,2022,7,July,31.9,26.9,29.0,80.0,34.2,19.1,39.0,30.98,12.45,0.01,12.44,Surplus (Recharging),41.55,46.0,140.0,10.0,116828145.0,4400.0,90.0,69.8,23.1,73.8,161.0,483.0,24.0,16.0,1300.0,44.3,Pdma Sindh,Construction & Transit,4950,8.91,247.5,13231.35,K-Electric,2625,9,36.5,2.8,24.5,Severe Disaster Level,70,Extreme (Humid),6.1,15.9,ILO Labor Models (2019/2030); BMJ Global Health (2024),2500,,,
karachi,2022-07-17,Summer (May-Jul),30.66,16.53,0.8,0.77,2022,7,July,32.1,27.5,29.1,83.0,35.7,14.3,33.0,33.96,16.53,0.07,16.46,Surplus (Recharging),42.32,48.7,172.0,9.0,106558793.0,4400.0,90.0,69.8,23.1,73.8,161.0,483.0,24.0,16.0,1300.0,44.3,Pdma Sindh,Construction & Transit,4950,8.91,247.5,13231.35,K-Electric,2625,9,36.5,2.8,24.5,Severe Disaster Level,70,Extreme (Humid),6.1,15.9,ILO Labor Models (2019/2030); BMJ Global Health (2024),2500,,,
karachi,2022-07-18,Summer (May-Jul),29.3,7.39,0.81,0.78,2022,7,July,29.8,27.4,28.5,85.0,36.2,1.8,19.3,31.53,7.39,0.04,7.35,Surplus (Recharging),41.01,46.7,162.0,14.0,120890569.0,4400.0,90.0,69.8,23.1,73.8,161.0,483.0,24.0,16.0,1300.0,44.3,Pdma Sindh,Construction & Transit,4950,8.91,247.5,13231.35,K-Electric,2625,9,36.5,2.8,24.5,Severe Disaster Level,70,Extreme (Humid),6.1,15.9,ILO Labor Models (2019/2030); BMJ Global Health (2024),2500,,,
karachi,2022-07-19,Summer (May-Jul),29.43,1.72,0.78,0.78,2022,7,July,30.0,27.5,28.9,83.0,35.8,0.6,21.9,31.6,1.72,0.06,1.66,Surplus (Recharging),43.41,49.5,175.0,11.0,125887205.0,4400.0,90.0,69.8,23.1,73.8,161.0,483.0,24.0,16.0,1300.0,44.3,Pdma Sindh,Construction & Transit,4950,8.91,247.5,13231.35,K-Electric,2625,9,36.5,2.8,24.5,Severe Disaster Level,70,Extreme (Humid),6.1,15.9,ILO Labor Models (2019/2030); BMJ Global Health (2024),2500,,,
karachi,2022-07-20,Summer (May-Jul),29.56,2.84,0.78,0.77,2022,7,July,29.9,27.9,28.8,86.0,34.5,1.0,31.0,31.31,2.84,0.05,2.79,Surplus (Recharging),43.96,50.7,194.0,13.0,100511508.0,4400.0,90.0,69.8,23.1,73.8,161.0,483.0,24.0,16.0,1300.0,44.3,Pdma Sindh,Construction & Transit,4950,8.91,247.5,13231.35,K-Electric,2625,9,36.5,2.8,24.5,Severe Disaster Level,70,Extreme (Humid),6.1,15.9,ILO Labor Models (2019/2030); BMJ Global Health (2024),2500,,,
karachi,2022-07-21,Summer (May-Jul),29.04,3.02,0.78,0.77,2022,7,July,30.0,27.9,28.8,83.0,32.8,1.4,33.7,30.97,3.02,0.03,2.99,Surplus (Recharging),43.62,49.9,198.0,11.0,137071957.0,4400.0,90.0,69.8,23.1,73.8,161.0,483.0,24.0,16.0,1300.0,44.3,Pdma Sindh,Construction & Transit,4950,8.91,247.5,13231.35,K-Electric,2625,9,36.5,2.8,24.5,Severe Disaster Level,70,Extreme (Humid),6.1,15.9,ILO Labor Models (2019/2030); BMJ Global Health (2024),2500,,,
karachi,2022-07-22,Summer (May-Jul),29.3,6.46,0.79,0.77,2022,7,July,30.1,27.5,28.6,83.0,34.2,1.0,26.2,31.5,6.46,0.04,6.42,Surplus (Recharging),41.11,47.5,173.0,14.0,131810923.0,4400.0,90.0,69.8,23.1,73.8,161.0,483.0,24.0,16.0,1300.0,44.3,Pdma Sindh,Construction & Transit,4950,8.91,247.5,13231.35,K-Electric,2625,9,36.5,2.8,24.5,Severe Disaster Level,70,Extreme (Humid),6.1,15.9,ILO Labor Models (2019/2030); BMJ Global Health (2024),2500,,,
karachi,2022-07-23,Summer (May-Jul),28.72,4.95,0.79,0.77,2022,7,July,29.8,27.4,28.6,84.0,33.6,0.6,27.6,29.67,4.95,0.02,4.93,Surplus (Recharging),43.58,49.8,175.0,13.0,109990944.0,4400.0,90.0,69.8,23.1,73.8,161.0,483.0,24.0,16.0,1300.0,44.3,Pdma Sindh,Construction & Transit,4950,8.91,247.5,13231.35,K-Electric,2625,9,36.5,2.8,24.5,Severe Disaster Level,70,Extreme (Humid),6.1,15.9,ILO Labor Models (2019/2030); BMJ Global Health (2024),2500,,,
karachi,2022-07-24,Summer (May-Jul),27.77,91.93,0.92,0.81,2022,7,July,28.9,26.6,27.6,88.0,32.0,162.3,30.3,28.78,91.93,0.01,91.92,Surplus (Recharging),41.64,47.5,183.0,12.0,131665485.0,4400.0,90.0,69.8,23.1,73.8,161.0,483.0,24.0,16.0,1300.0,44.3,Pdma Sindh,Construction & Transit,4950,8.91,247.5,13231.35,K-Electric,2625,9,36.5,2.8,24.5,Severe Disaster Level,70,Extreme (Humid),6.1,15.9,ILO Labor Models (2019/2030); BMJ Global Health (2024),2500,,,
karachi,2022-07-25,Summer (May-Jul),27.99,21.13,0.89,0.86,2022,7,July,28.6,25.9,27.4,89.0,33.1,62.1,23.6,29.45,21.13,0.02,21.11,Surplus (Recharging),41.31,48.8,141.0,11.0,116770021.0,4400.0,90.0,69.8,23.1,73.8,161.0,483.0,24.0,16.0,1300.0,44.3,Pdma Sindh,Construction & Transit,4950,8.91,247.5,13231.35,K-Electric,2625,9,36.5,2.8,24.5,Severe Disaster Level,70,Extreme (Humid),6.1,15.9,ILO Labor Models (2019/2030); BMJ Global Health (2024),2500,,,
karachi,2022-07-26,Summer (May-Jul),28.14,9.55,0.88,0.87,2022,7,July,29.2,26.7,27.9,84.0,34.8,3.1,22.4,29.73,9.55,0.03,9.52,Surplus (Recharging),42.87,46.9,163.0,9.0,129311165.0,4400.0,90.0,69.8,23.1,73.8,161.0,483.0,24.0,16.0,1300.0,44.3,Pdma Sindh,Construction & Transit,4950,8.91,247.5,13231.35,K-Electric,2625,9,36.5,2.8,24.5,Severe Disaster Level,70,Extreme (Humid),6.1,15.9,ILO Labor Models (2019/2030); BMJ Global Health (2024),2500,,,
karachi,2022-07-27,Summer (May-Jul),28.24,1.43,0.85,0.87,2022,7,July,29.1,26.6,27.7,85.0,32.9,2.2,25.8,30.12,1.43,0.06,1.37,Surplus (Recharging),41.82,48.5,158.0,9.0,119142378.0,4400.0,90.0,69.8,23.1,73.8,161.0,483.0,24.0,16.0,1300.0,44.3,Pdma Sindh,Construction & Transit,4950,8.91,247.5,13231.35,K-Electric,2625,9,36.5,2.8,24.5,Severe Disaster Level,70,Extreme (Humid),6.1,15.9,ILO Labor Models (2019/2030); BMJ Global Health (2024),2500,,,
karachi,2022-07-28,Summer (May-Jul),28.0,2.67,0.85,0.86,2022,7,July,29.1,26.6,27.8,84.0,32.5,1.5,30.2,29.15,2.67,0.03,2.64,Surplus (Recharging),42.2,48.7,169.0,11.0,144642515.0,4400.0,90.0,69.8,23.1,73.8,161.0,483.0,24.0,16.0,1300.0,44.3,Pdma Sindh,Construction & Transit,4950,8.91,247.5,13231.35,K-Electric,2625,9,36.5,2.8,24.5,Severe Disaster Level,70,Extreme (Humid),6.1,15.9,ILO Labor Models (2019/2030); BMJ Global Health (2024),2500,,,
karachi,2022-07-29,Summer (May-Jul),28.23,1.18,0.84,0.85,2022,7,July,29.5,26.8,27.9,83.0,33.0,0.6,30.8,30.2,1.18,0.06,1.12,Surplus (Recharging),43.13,50.3,182.0,14.0,112039827.0,4400.0,90.0,69.8,23.1,73.8,161.0,483.0,24.0,16.0,1300.0,44.3,Pdma Sindh,Construction & Transit,4950,8.91,247.5,13231.35,K-Electric,2625,9,36.5,2.8,24.5,Severe Disaster Level,70,Extreme (Humid),6.1,15.9,ILO Labor Models (2019/2030); BMJ Global Health (2024),2500,,,
karachi,2022-07-30,Summer (May-Jul),27.88,2.37,0.84,0.85,2022,7,July,29.3,26.9,28.0,82.0,31.5,0.3,30.8,29.39,2.37,0.04,2.33,Surplus (Recharging),41.86,48.6,164.0,9.0,128764490.0,4400.0,90.0,69.8,23.1,73.8,161.0,483.0,24.0,16.0,1300.0,44.3,Pdma Sindh,Construction & Transit,4950,8.91,247.5,13231.35,K-Electric,2625,9,36.5,2.8,24.5,Severe Disaster Level,70,Extreme (Humid),6.1,15.9,ILO Labor Models (2019/2030); BMJ Global Health (2024),2500,,,
karachi,2022-07-31,Summer (May-Jul),27.81,4.98,0.85,0.85,2022,7,July,29.5,26.6,27.9,85.0,32.2,1.5,33.5,29.06,4.98,0.03,4.95,Surplus (Recharging),42.74,50.5,159.0,12.0,113120626.0,4400.0,90.0,69.8,23.1,73.8,161.0,483.0,24.0,16.0,1300.0,44.3,Pdma Sindh,Construction & Transit,4950,8.91,247.5,13231.35,K-Electric,2625,9,36.5,2.8,24.5,Severe Disaster Level,70,Extreme (Humid),6.1,15.9,ILO Labor Models (2019/2030); BMJ Global Health (2024),2500,,,
karachi,2022-12-01,Winter (Dec-Jan),22.73,0.0,0.48,0.52,2022,12,,,,,,,,,,,,,,,,,,,,,,,,,,,,,,,Construction & Transit,0,0.0,0.0,0.0,K-Electric,437,1,20.5,0.0,0.0,Baseline,65,Safe,0.0,0.0,ILO Labor Models (2019/2030); BMJ Global Health (2024),2500,,,
karachi,2022-12-02,Winter (Dec-Jan),22.3,0.0,0.48,0.52,2022,12,,,,,,,,,,,,,,,,,,,,,,,,,,,,,,,Construction & Transit,0,0.0,0.0,0.0,K-Electric,437,1,20.5,0.0,0.0,Baseline,65,Safe,0.0,0.0,ILO Labor Models (2019/2030); BMJ Global Health (2024),2500,,,
karachi,2022-12-03,Winter (Dec-Jan),22.09,0.0,0.48,0.52,2022,12,,,,,,,,,,,,,,,,,,,,,,,,,,,,,,,Construction & Transit,0,0.0,0.0,0.0,K-Electric,437,1,20.5,0.0,0.0,Baseline,65,Safe,0.0,0.0,ILO Labor Models (2019/2030); BMJ Global Health (2024),2500,,,
karachi,2022-12-04,Winter (Dec-Jan),22.18,0.0,0.48,0.52,2022,12,,,,,,,,,,,,,,,,,,,,,,,,,,,,,,,Construction & Transit,0,0.0,0.0,0.0,K-Electric,437,1,20.5,0.0,0.0,Baseline,65,Safe,0.0,0.0,ILO Labor Models (2019/2030); BMJ Global Health (2024),2500,,,
karachi,2022-12-05,Winter (Dec-Jan),22.63,0.0,0.48,0.52,2022,12,,,,,,,,,,,,,,,,,,,,,,,,,,,,,,,Construction & Transit,0,0.0,0.0,0.0,K-Electric,437,1,20.5,0.0,0.0,Baseline,65,Safe,0.0,0.0,ILO Labor Models (2019/2030); BMJ Global Health (2024),2500,,,
karachi,2022-12-06,Winter (Dec-Jan),22.68,0.0,0.48,0.51,2022,12,,,,,,,,,,,,,,,,,,,,,,,,,,,,,,,Construction & Transit,0,0.0,0.0,0.0,K-Electric,437,1,20.5,0.0,0.0,Baseline,65,Safe,0.0,0.0,ILO Labor Models (2019/2030); BMJ Global Health (2024),2500,,,
karachi,2022-12-07,Winter (Dec-Jan),22.91,0.0,0.48,0.51,2022,12,,,,,,,,,,,,,,,,,,,,,,,,,,,,,,,Construction & Transit,0,0.0,0.0,0.0,K-Electric,437,1,20.5,0.0,0.0,Baseline,65,Safe,0.0,0.0,ILO Labor Models (2019/2030); BMJ Global Health (2024),2500,,,
karachi,2022-12-08,Winter (Dec-Jan),23.36,0.0,0.48,0.51,2022,12,,,,,,,,,,,,,,,,,,,,,,,,,,,,,,,Construction & Transit,0,0.0,0.0,0.0,K-Electric,437,1,20.5,0.0,0.0,Baseline,65,Safe,0.0,0.0,ILO Labor Models (2019/2030); BMJ Global Health (2024),2500,,,
karachi,2022-12-09,Winter (Dec-Jan),23.15,0.0,0.47,0.51,2022,12,,,,,,,,,,,,,,,,,,,,,,,,,,,,,,,Construction & Transit,0,0.0,0.0,0.0,K-Electric,437,1,20.5,0.0,0.0,Baseline,65,Safe,0.0,0.0,ILO Labor Models (2019/2030); BMJ Global Health (2024),2500,,,
karachi,2022-12-10,Winter (Dec-Jan),22.01,0.0,0.47,0.51,2022,12,,,,,,,,,,,,,,,,,,,,,,,,,,,,,,,Construction & Transit,0,0.0,0.0,0.0,K-Electric,437,1,20.5,0.0,0.0,Baseline,65,Safe,0.0,0.0,ILO Labor Models (2019/2030); BMJ Global Health (2024),2500,,,
karachi,2022-12-11,Winter (Dec-Jan),21.91,0.0,0.47,0.5,2022,12,,,,,,,,,,,,,,,,,,,,,,,,,,,,,,,Construction & Transit,0,0.0,0.0,0.0,K-Electric,437,1,20.5,0.0,0.0,Baseline,65,Safe,0.0,0.0,ILO Labor Models (2019/2030); BMJ Global Health (2024),2500,,,
karachi,2022-12-12,Winter (Dec-Jan),22.36,0.0,0.46,0.5,2022,12,,,,,,,,,,,,,,,,,,,,,,,,,,,,,,,Construction & Transit,0,0.0,0.0,0.0,K-Electric,437,1,20.5,0.0,0.0,Baseline,65,Safe,0.0,0.0,ILO Labor Models (2019/2030); BMJ Global Health (2024),2500,,,
karachi,2022-12-13,Winter (Dec-Jan),21.87,0.0,0.46,0.5,2022,12,,,,,,,,,,,,,,,,,,,,,,,,,,,,,,,Construction & Transit,0,0.0,0.0,0.0,K-Electric,437,1,20.5,0.0,0.0,Baseline,65,Safe,0.0,0.0,ILO Labor Models (2019/2030); BMJ Global Health (2024),2500,,,
karachi,2022-12-14,Winter (Dec-Jan),21.73,0.0,0.46,0.5,2022,12,,,,,,,,,,,,,,,,,,,,,,,,,,,,,,,Construction & Transit,0,0.0,0.0,0.0,K-Electric,437,1,20.5,0.0,0.0,Baseline,65,Safe,0.0,0.0,ILO Labor Models (2019/2030); BMJ Global Health (2024),2500,,,
karachi,2022-12-15,Winter (Dec-Jan),21.96,0.0,0.46,0.49,2022,12,,,,,,,,,,,,,,,,,,,,,,,,,,,,,,,Construction & Transit,0,0.0,0.0,0.0,K-Electric,437,1,20.5,0.0,0.0,Baseline,65,Safe,0.0,0.0,ILO Labor Models (2019/2030); BMJ Global Health (2024),2500,,,
karachi,2022-12-16,Winter (Dec-Jan),21.74,0.0,0.45,0.49,2022,12,,,,,,,,,,,,,,,,,,,,,,,,,,,,,,,Construction & Transit,0,0.0,0.0,0.0,K-Electric,437,1,20.5,0.0,0.0,Baseline,65,Safe,0.0,0.0,ILO Labor Models (2019/2030); BMJ Global Health (2024),2500,,,
karachi,2022-12-17,Winter (Dec-Jan),22.4,0.0,0.45,0.49,2022,12,,,,,,,,,,,,,,,,,,,,,,,,,,,,,,,Construction & Transit,0,0.0,0.0,0.0,K-Electric,437,1,20.5,0.0,0.0,Baseline,65,Safe,0.0,0.0,ILO Labor Models (2019/2030); BMJ Global Health (2024),2500,,,
karachi,2022-12-18,Winter (Dec-Jan),23.57,0.0,0.44,0.49,2022,12,,,,,,,,,,,,,,,,,,,,,,,,,,,,,,,Construction & Transit,0,0.0,0.0,0.0,K-Electric,437,1,20.5,0.0,0.0,Baseline,65,Safe,0.0,0.0,ILO Labor Models (2019/2030); BMJ Global Health (2024),2500,,,
karachi,2022-12-19,Winter (Dec-Jan),22.61,0.0,0.43,0.49,2022,12,,,,,,,,,,,,,,,,,,,,,,,,,,,,,,,Construction & Transit,0,0.0,0.0,0.0,K-Electric,437,1,20.5,0.0,0.0,Baseline,65,Safe,0.0,0.0,ILO Labor Models (2019/2030); BMJ Global Health (2024),2500,,,
karachi,2022-12-20,Winter (Dec-Jan),21.39,0.0,0.42,0.49,2022,12,,,,,,,,,,,,,,,,,,,,,,,,,,,,,,,Construction & Transit,0,0.0,0.0,0.0,K-Electric,437,1,20.5,0.0,0.0,Baseline,65,Safe,0.0,0.0,ILO Labor Models (2019/2030); BMJ Global Health (2024),2500,,,
karachi,2022-12-21,Winter (Dec-Jan),20.01,0.0,0.41,0.48,2022,12,,,,,,,,,,,,,,,,,,,,,,,,,,,,,,,Construction & Transit,0,0.0,0.0,0.0,K-Electric,437,1,20.5,0.0,0.0,Baseline,65,Safe,0.0,0.0,ILO Labor Models (2019/2030); BMJ Global Health (2024),2500,,,
karachi,2022-12-22,Winter (Dec-Jan),20.32,0.0,0.4,0.48,2022,12,,,,,,,,,,,,,,,,,,,,,,,,,,,,,,,Construction & Transit,0,0.0,0.0,0.0,K-Electric,437,1,20.5,0.0,0.0,Baseline,65,Safe,0.0,0.0,ILO Labor Models (2019/2030); BMJ Global Health (2024),2500,,,
karachi,2022-12-23,Winter (Dec-Jan),19.69,0.0,0.39,0.48,2022,12,,,,,,,,,,,,,,,,,,,,,,,,,,,,,,,Construction & Transit,0,0.0,0.0,0.0,K-Electric,437,1,20.5,0.0,0.0,Baseline,65,Safe,0.0,0.0,ILO Labor Models (2019/2030); BMJ Global Health (2024),2500,,,
karachi,2022-12-24,Winter (Dec-Jan),19.3,0.0,0.39,0.48,2022,12,,,,,,,,,,,,,,,,,,,,,,,,,,,,,,,Construction & Transit,0,0.0,0.0,0.0,K-Electric,437,1,20.5,0.0,0.0,Baseline,65,Safe,0.0,0.0,ILO Labor Models (2019/2030); BMJ Global Health (2024),2500,,,
karachi,2022-12-25,Winter (Dec-Jan),19.95,0.0,0.38,0.48,2022,12,,,,,,,,,,,,,,,,,,,,,,,,,,,,,,,Construction & Transit,0,0.0,0.0,0.0,K-Electric,437,1,20.5,0.0,0.0,Baseline,65,Safe,0.0,0.0,ILO Labor Models (2019/2030); BMJ Global Health (2024),2500,,,
karachi,2022-12-26,Winter (Dec-Jan),20.09,0.0,0.37,0.48,2022,12,,,,,,,,,,,,,,,,,,,,,,,,,,,,,,,Construction & Transit,0,0.0,0.0,0.0,K-Electric,437,1,20.5,0.0,0.0,Baseline,65,Safe,0.0,0.0,ILO Labor Models (2019/2030); BMJ Global Health (2024),2500,,,
karachi,2022-12-27,Winter (Dec-Jan),20.14,0.0,0.36,0.48,2022,12,,,,,,,,,,,,,,,,,,,,,,,,,,,,,,,Construction & Transit,0,0.0,0.0,0.0,K-Electric,437,1,20.5,0.0,0.0,Baseline,65,Safe,0.0,0.0,ILO Labor Models (2019/2030); BMJ Global Health (2024),2500,,,
karachi,2022-12-28,Winter (Dec-Jan),21.52,0.0,0.35,0.48,2022,12,,,,,,,,,,,,,,,,,,,,,,,,,,,,,,,Construction & Transit,0,0.0,0.0,0.0,K-Electric,437,1,20.5,0.0,0.0,Baseline,65,Safe,0.0,0.0,ILO Labor Models (2019/2030); BMJ Global Health (2024),2500,,,
karachi,2022-12-29,Winter (Dec-Jan),22.54,0.08,0.35,0.47,2022,12,,,,,,,,,,,,,,,,,,,,,,,,,,,,,,,Construction & Transit,0,0.0,0.0,0.0,K-Electric,437,1,20.5,0.0,0.0,Baseline,65,Safe,0.0,0.0,ILO Labor Models (2019/2030); BMJ Global Health (2024),2500,,,
karachi,2022-12-30,Winter (Dec-Jan),19.68,0.0,0.34,0.47,2022,12,,,,,,,,,,,,,,,,,,,,,,,,,,,,,,,Construction & Transit,0,0.0,0.0,0.0,K-Electric,437,1,20.5,0.0,0.0,Baseline,65,Safe,0.0,0.0,ILO Labor Models (2019/2030); BMJ Global Health (2024),2500,,,
karachi,2022-12-31,Winter (Dec-Jan),19.4,0.0,0.34,0.47,2022,12,,,,,,,,,,,,,,,,,,,,,,,,,,,,,,,Construction & Transit,0,0.0,0.0,0.0,K-Electric,437,1,20.5,0.0,0.0,Baseline,65,Safe,0.0,0.0,ILO Labor Models (2019/2030); BMJ Global Health (2024),2500,,,
karachi,2023-01-01,Winter (Dec-Jan),20.75,0.0,0.33,0.47,2023,1,,,,,,,,,,,,,,,,,,,,,,,,,,,,,,,Construction & Transit,0,0.0,0.0,0.0,K-Electric,380,1,19.5,0.0,0.0,Baseline,65,Safe,0.0,0.0,ILO Labor Models (2019/2030); BMJ Global Health (2024),1800,,,
karachi,2023-01-02,Winter (Dec-Jan),20.75,0.0,0.33,0.47,2023,1,,,,,,,,,,,,,,,,,,,,,,,,,,,,,,,Construction & Transit,0,0.0,0.0,0.0,K-Electric,380,1,19.5,0.0,0.0,Baseline,65,Safe,0.0,0.0,ILO Labor Models (2019/2030); BMJ Global Health (2024),1800,,,
karachi,2023-01-03,Winter (Dec-Jan),18.88,0.0,0.32,0.47,2023,1,,,,,,,,,,,,,,,,,,,,,,,,,,,,,,,Construction & Transit,0,0.0,0.0,0.0,K-Electric,380,1,19.5,0.0,0.0,Baseline,65,Safe,0.0,0.0,ILO Labor Models (2019/2030); BMJ Global Health (2024),1800,,,
karachi,2023-01-04,Winter (Dec-Jan),18.07,0.0,0.32,0.47,2023,1,,,,,,,,,,,,,,,,,,,,,,,,,,,,,,,Construction & Transit,0,0.0,0.0,0.0,K-Electric,380,1,19.5,0.0,0.0,Baseline,65,Safe,0.0,0.0,ILO Labor Models (2019/2030); BMJ Global Health (2024),1800,,,
karachi,2023-01-05,Winter (Dec-Jan),17.27,0.0,0.31,0.47,2023,1,,,,,,,,,,,,,,,,,,,,,,,,,,,,,,,Construction & Transit,0,0.0,0.0,0.0,K-Electric,380,1,19.5,0.0,0.0,Baseline,65,Safe,0.0,0.0,ILO Labor Models (2019/2030); BMJ Global Health (2024),1800,,,
karachi,2023-01-06,Winter (Dec-Jan),17.71,0.0,0.3,0.47,2023,1,,,,,,,,,,,,,,,,,,,,,,,,,,,,,,,Construction & Transit,0,0.0,0.0,0.0,K-Electric,380,1,19.5,0.0,0.0,Baseline,65,Safe,0.0,0.0,ILO Labor Models (2019/2030); BMJ Global Health (2024),1800,,,
karachi,2023-01-07,Winter (Dec-Jan),19.24,0.0,0.3,0.47,2023,1,,,,,,,,,,,,,,,,,,,,,,,,,,,,,,,Construction & Transit,0,0.0,0.0,0.0,K-Electric,380,1,19.5,0.0,0.0,Baseline,65,Safe,0.0,0.0,ILO Labor Models (2019/2030); BMJ Global Health (2024),1800,,,
karachi,2023-01-08,Winter (Dec-Jan),20.3,0.0,0.29,0.47,2023,1,,,,,,,,,,,,,,,,,,,,,,,,,,,,,,,Construction & Transit,0,0.0,0.0,0.0,K-Electric,380,1,19.5,0.0,0.0,Baseline,65,Safe,0.0,0.0,ILO Labor Models (2019/2030); BMJ Global Health (2024),1800,,,
karachi,2023-01-09,Winter (Dec-Jan),21.76,0.0,0.29,0.46,2023,1,,,,,,,,,,,,,,,,,,,,,,,,,,,,,,,Construction & Transit,0,0.0,0.0,0.0,K-Electric,380,1,19.5,0.0,0.0,Baseline,65,Safe,0.0,0.0,ILO Labor Models (2019/2030); BMJ Global Health (2024),1800,,,
karachi,2023-01-10,Winter (Dec-Jan),21.31,0.0,0.28,0.46,2023,1,,,,,,,,,,,,,,,,,,,,,,,,,,,,,,,Construction & Transit,0,0.0,0.0,0.0,K-Electric,380,1,19.5,0.0,0.0,Baseline,65,Safe,0.0,0.0,ILO Labor Models (2019/2030); BMJ Global Health (2024),1800,,,
karachi,2023-01-11,Winter (Dec-Jan),22.1,0.02,0.28,0.46,2023,1,,,,,,,,,,,,,,,,,,,,,,,,,,,,,,,Construction & Transit,0,0.0,0.0,0.0,K-Electric,380,1,19.5,0.0,0.0,Baseline,65,Safe,0.0,0.0,ILO Labor Models (2019/2030); BMJ Global Health (2024),1800,,,
karachi,2023-01-12,Winter (Dec-Jan),18.61,0.0,0.27,0.46,2023,1,,,,,,,,,,,,,,,,,,,,,,,,,,,,,,,Construction & Transit,0,0.0,0.0,0.0,K-Electric,380,1,19.5,0.0,0.0,Baseline,65,Safe,0.0,0.0,ILO Labor Models (2019/2030); BMJ Global Health (2024),1800,,,
karachi,2023-01-13,Winter (Dec-Jan),16.41,0.0,0.26,0.46,2023,1,,,,,,,,,,,,,,,,,,,,,,,,,,,,,,,Construction & Transit,0,0.0,0.0,0.0,K-Electric,380,1,19.5,0.0,0.0,Baseline,65,Safe,0.0,0.0,ILO Labor Models (2019/2030); BMJ Global Health (2024),1800,,,
karachi,2023-01-14,Winter (Dec-Jan),16.79,0.0,0.26,0.46,2023,1,,,,,,,,,,,,,,,,,,,,,,,,,,,,,,,Construction & Transit,0,0.0,0.0,0.0,K-Electric,380,1,19.5,0.0,0.0,Baseline,65,Safe,0.0,0.0,ILO Labor Models (2019/2030); BMJ Global Health (2024),1800,,,
karachi,2023-01-15,Winter (Dec-Jan),16.47,0.0,0.25,0.46,2023,1,,,,,,,,,,,,,,,,,,,,,,,,,,,,,,,Construction & Transit,0,0.0,0.0,0.0,K-Electric,380,1,19.5,0.0,0.0,Baseline,65,Safe,0.0,0.0,ILO Labor Models (2019/2030); BMJ Global Health (2024),1800,,,
karachi,2023-01-16,Winter (Dec-Jan),17.63,0.0,0.24,0.46,2023,1,,,,,,,,,,,,,,,,,,,,,,,,,,,,,,,Construction & Transit,0,0.0,0.0,0.0,K-Electric,380,1,19.5,0.0,0.0,Baseline,65,Safe,0.0,0.0,ILO Labor Models (2019/2030); BMJ Global Health (2024),1800,,,
karachi,2023-01-17,Winter (Dec-Jan),18.83,0.0,0.24,0.46,2023,1,,,,,,,,,,,,,,,,,,,,,,,,,,,,,,,Construction & Transit,0,0.0,0.0,0.0,K-Electric,380,1,19.5,0.0,0.0,Baseline,65,Safe,0.0,0.0,ILO Labor Models (2019/2030); BMJ Global Health (2024),1800,,,
karachi,2023-01-18,Winter (Dec-Jan),19.63,0.0,0.23,0.46,2023,1,,,,,,,,,,,,,,,,,,,,,,,,,,,,,,,Construction & Transit,0,0.0,0.0,0.0,K-Electric,380,1,19.5,0.0,0.0,Baseline,65,Safe,0.0,0.0,ILO Labor Models (2019/2030); BMJ Global Health (2024),1800,,,
karachi,2023-01-19,Winter (Dec-Jan),19.48,0.02,0.22,0.46,2023,1,,,,,,,,,,,,,,,,,,,,,,,,,,,,,,,Construction & Transit,0,0.0,0.0,0.0,K-Electric,380,1,19.5,0.0,0.0,Baseline,65,Safe,0.0,0.0,ILO Labor Models (2019/2030); BMJ Global Health (2024),1800,,,
karachi,2023-01-20,Winter (Dec-Jan),17.93,0.0,0.22,0.46,2023,1,,,,,,,,,,,,,,,,,,,,,,,,,,,,,,,Construction & Transit,0,0.0,0.0,0.0,K-Electric,380,1,19.5,0.0,0.0,Baseline,65,Safe,0.0,0.0,ILO Labor Models (2019/2030); BMJ Global Health (2024),1800,,,
karachi,2023-01-21,Winter (Dec-Jan),17.92,0.0,0.22,0.46,2023,1,,,,,,,,,,,,,,,,,,,,,,,,,,,,,,,Construction & Transit,0,0.0,0.0,0.0,K-Electric,380,1,19.5,0.0,0.0,Baseline,65,Safe,0.0,0.0,ILO Labor Models (2019/2030); BMJ Global Health (2024),1800,,,
karachi,2023-01-22,Winter (Dec-Jan),17.41,0.0,0.21,0.46,2023,1,,,,,,,,,,,,,,,,,,,,,,,,,,,,,,,Construction & Transit,0,0.0,0.0,0.0,K-Electric,380,1,19.5,0.0,0.0,Baseline,65,Safe,0.0,0.0,ILO Labor Models (2019/2030); BMJ Global Health (2024),1800,,,
karachi,2023-01-23,Winter (Dec-Jan),17.03,0.0,0.21,0.46,2023,1,,,,,,,,,,,,,,,,,,,,,,,,,,,,,,,Construction & Transit,0,0.0,0.0,0.0,K-Electric,380,1,19.5,0.0,0.0,Baseline,65,Safe,0.0,0.0,ILO Labor Models (2019/2030); BMJ Global Health (2024),1800,,,
karachi,2023-01-24,Winter (Dec-Jan),16.15,0.0,0.2,0.46,2023,1,,,,,,,,,,,,,,,,,,,,,,,,,,,,,,,Construction & Transit,0,0.0,0.0,0.0,K-Electric,380,1,19.5,0.0,0.0,Baseline,65,Safe,0.0,0.0,ILO Labor Models (2019/2030); BMJ Global Health (2024),1800,,,
karachi,2023-01-25,Winter (Dec-Jan),15.58,0.0,0.2,0.46,2023,1,,,,,,,,,,,,,,,,,,,,,,,,,,,,,,,Construction & Transit,0,0.0,0.0,0.0,K-Electric,380,1,19.5,0.0,0.0,Baseline,65,Safe,0.0,0.0,ILO Labor Models (2019/2030); BMJ Global Health (2024),1800,,,
karachi,2023-01-26,Winter (Dec-Jan),16.55,0.0,0.2,0.46,2023,1,,,,,,,,,,,,,,,,,,,,,,,,,,,,,,,Construction & Transit,0,0.0,0.0,0.0,K-Electric,380,1,19.5,0.0,0.0,Baseline,65,Safe,0.0,0.0,ILO Labor Models (2019/2030); BMJ Global Health (2024),1800,,,
karachi,2023-01-27,Winter (Dec-Jan),17.39,0.0,0.19,0.46,2023,1,,,,,,,,,,,,,,,,,,,,,,,,,,,,,,,Construction & Transit,0,0.0,0.0,0.0,K-Electric,380,1,19.5,0.0,0.0,Baseline,65,Safe,0.0,0.0,ILO Labor Models (2019/2030); BMJ Global Health (2024),1800,,,
karachi,2023-01-28,Winter (Dec-Jan),18.08,0.0,0.19,0.46,2023,1,,,,,,,,,,,,,,,,,,,,,,,,,,,,,,,Construction & Transit,0,0.0,0.0,0.0,K-Electric,380,1,19.5,0.0,0.0,Baseline,65,Safe,0.0,0.0,ILO Labor Models (2019/2030); BMJ Global Health (2024),1800,,,
karachi,2023-01-29,Winter (Dec-Jan),18.7,0.0,0.18,0.46,2023,1,,,,,,,,,,,,,,,,,,,,,,,,,,,,,,,Construction & Transit,0,0.0,0.0,0.0,K-Electric,380,1,19.5,0.0,0.0,Baseline,65,Safe,0.0,0.0,ILO Labor Models (2019/2030); BMJ Global Health (2024),1800,,,
karachi,2023-01-30,Winter (Dec-Jan),18.84,0.0,0.18,0.46,2023,1,,,,,,,,,,,,,,,,,,,,,,,,,,,,,,,Construction & Transit,0,0.0,0.0,0.0,K-Electric,380,1,19.5,0.0,0.0,Baseline,65,Safe,0.0,0.0,ILO Labor Models (2019/2030); BMJ Global Health (2024),1800,,,
karachi,2023-01-31,Winter (Dec-Jan),18.63,0.0,0.18,0.46,2023,1,,,,,,,,,,,,,,,,,,,,,,,,,,,,,,,Construction & Transit,0,0.0,0.0,0.0,K-Electric,380,1,19.5,0.0,0.0,Baseline,65,Safe,0.0,0.0,ILO Labor Models (2019/2030); BMJ Global Health (2024),1800,,,
karachi,2023-05-01,Summer (May-Jul),27.26,4.34,0.51,0.48,2023,5,,,,,,,,,30.84,4.34,0.0,4.34,Surplus (Recharging),,,,,,,,,,,,,,,,,,Construction & Transit,1650,2.97,82.5,1470.15,K-Electric,1710,6,39.0,3.62,9.1,Critical (High Er Visits),30,Extreme,5.2,13.5,ILO Labor Models (2019/2030); BMJ Global Health (2024),1800,,,
karachi,2023-05-02,Summer (May-Jul),28.45,0.26,0.45,0.48,2023,5,,,,,,,,,32.6,0.26,0.0,0.26,Surplus (Recharging),,,,,,,,,,,,,,,,,,Construction & Transit,1650,2.97,82.5,1470.15,K-Electric,1710,6,39.0,3.62,9.1,Critical (High Er Visits),30,Extreme,5.2,13.5,ILO Labor Models (2019/2030); BMJ Global Health (2024),1800,,,
karachi,2023-05-03,Summer (May-Jul),28.55,0.1,0.42,0.48,2023,5,,,,,,,,,32.74,0.1,0.0,0.1,Surplus (Recharging),,,,,,,,,,,,,,,,,,Construction & Transit,1650,2.97,82.5,1470.15,K-Electric,1710,6,39.0,3.62,9.1,Critical (High Er Visits),30,Extreme,5.2,13.5,ILO Labor Models (2019/2030); BMJ Global Health (2024),1800,,,
karachi,2023-05-04,Summer (May-Jul),28.51,0.03,0.4,0.47,2023,5,,,,,,,,,32.67,0.03,0.0,0.03,Surplus (Recharging),,,,,,,,,,,,,,,,,,Construction & Transit,1650,2.97,82.5,1470.15,K-Electric,1710,6,39.0,3.62,9.1,Critical (High Er Visits),30,Extreme,5.2,13.5,ILO Labor Models (2019/2030); BMJ Global Health (2024),1800,,,
karachi,2023-05-05,Summer (May-Jul),28.6,0.04,0.38,0.47,2023,5,,,,,,,,,33.18,0.04,0.0,0.04,Surplus (Recharging),,,,,,,,,,,,,,,,,,Construction & Transit,1650,2.97,82.5,1470.15,K-Electric,1710,6,39.0,3.62,9.1,Critical (High Er Visits),30,Extreme,5.2,13.5,ILO Labor Models (2019/2030); BMJ Global Health (2024),1800,,,
karachi,2023-05-06,Summer (May-Jul),28.84,0.01,0.36,0.47,2023,5,,,,,,,,,34.1,0.01,0.0,0.01,Surplus (Recharging),,,,,,,,,,,,,,,,,,Construction & Transit,1650,2.97,82.5,1470.15,K-Electric,1710,6,39.0,3.62,9.1,Critical (High Er Visits),30,Extreme,5.2,13.5,ILO Labor Models (2019/2030); BMJ Global Health (2024),1800,,,
karachi,2023-05-07,Summer (May-Jul),28.69,0.0,0.34,0.47,2023,5,,,,,,,,,33.43,0.0,0.0,0.0,Surplus (Recharging),,,,,,,,,,,,,,,,,,Construction & Transit,1650,2.97,82.5,1470.15,K-Electric,1710,6,39.0,3.62,9.1,Critical (High Er Visits),30,Extreme,5.2,13.5,ILO Labor Models (2019/2030); BMJ Global Health (2024),1800,,,
karachi,2023-05-08,Summer (May-Jul),29.52,0.0,0.31,0.46,2023,5,,,,,,,,,35.73,0.0,0.0,0.0,Surplus (Recharging),,,,,,,,,,,,,,,,,,Construction & Transit,1650,2.97,82.5,1470.15,K-Electric,1710,6,39.0,3.62,9.1,Critical (High Er Visits),30,Extreme,5.2,13.5,ILO Labor Models (2019/2030); BMJ Global Health (2024),1800,,,
karachi,2023-05-09,Summer (May-Jul),29.33,0.0,0.3,0.46,2023,5,,,,,,,,,34.78,0.0,0.0,0.0,Surplus (Recharging),,,,,,,,,,,,,,,,,,Construction & Transit,1650,2.97,82.5,1470.15,K-Electric,1710,6,39.0,3.62,9.1,Critical (High Er Visits),30,Extreme,5.2,13.5,ILO Labor Models (2019/2030); BMJ Global Health (2024),1800,,,
karachi,2023-05-10,Summer (May-Jul),29.17,0.0,0.28,0.46,2023,5,,,,,,,,,34.75,0.0,0.0,0.0,Surplus (Recharging),,,,,,,,,,,,,,,,,,Construction & Transit,1650,2.97,82.5,1470.15,K-Electric,1710,6,39.0,3.62,9.1,Critical (High Er Visits),30,Extreme,5.2,13.5,ILO Labor Models (2019/2030); BMJ Global Health (2024),1800,,,
karachi,2023-05-11,Summer (May-Jul),29.42,0.0,0.27,0.46,2023,5,,,,,,,,,34.6,0.0,0.0,0.0,Surplus (Recharging),,,,,,,,,,,,,,,,,,Construction & Transit,1650,2.97,82.5,1470.15,K-Electric,1710,6,39.0,3.62,9.1,Critical (High Er Visits),30,Extreme,5.2,13.5,ILO Labor Models (2019/2030); BMJ Global Health (2024),1800,,,
karachi,2023-05-12,Summer (May-Jul),30.04,0.0,0.26,0.46,2023,5,,,,,,,,,35.29,0.0,0.0,0.0,Surplus (Recharging),,,,,,,,,,,,,,,,,,Construction & Transit,1650,2.97,82.5,1470.15,K-Electric,1710,6,39.0,3.62,9.1,Critical (High Er Visits),30,Extreme,5.2,13.5,ILO Labor Models (2019/2030); BMJ Global Health (2024),1800,,,
karachi,2023-05-13,Summer (May-Jul),30.14,0.0,0.25,0.46,2023,5,,,,,,,,,34.73,0.0,0.0,0.0,Surplus (Recharging),,,,,,,,,,,,,,,,,,Construction & Transit,1650,2.97,82.5,1470.15,K-Electric,1710,6,39.0,3.62,9.1,Critical (High Er Visits),30,Extreme,5.2,13.5,ILO Labor Models (2019/2030); BMJ Global Health (2024),1800,,,
karachi,2023-05-14,Summer (May-Jul),30.09,0.02,0.24,0.46,2023,5,,,,,,,,,34.32,0.02,0.0,0.02,Surplus (Recharging),,,,,,,,,,,,,,,,,,Construction & Transit,1650,2.97,82.5,1470.15,K-Electric,1710,6,39.0,3.62,9.1,Critical (High Er Visits),30,Extreme,5.2,13.5,ILO Labor Models (2019/2030); BMJ Global Health (2024),1800,,,
karachi,2023-05-15,Summer (May-Jul),29.53,0.04,0.24,0.46,2023,5,,,,,,,,,33.62,0.04,0.0,0.04,Surplus (Recharging),,,,,,,,,,,,,,,,,,Construction & Transit,1650,2.97,82.5,1470.15,K-Electric,1710,6,39.0,3.62,9.1,Critical (High Er Visits),30,Extreme,5.2,13.5,ILO Labor Models (2019/2030); BMJ Global Health (2024),1800,,,
karachi,2023-05-16,Summer (May-Jul),29.56,0.02,0.23,0.46,2023,5,,,,,,,,,33.1,0.02,0.0,0.02,Surplus (Recharging),,,,,,,,,,,,,,,,,,Construction & Transit,1650,2.97,82.5,1470.15,K-Electric,1710,6,39.0,3.62,9.1,Critical (High Er Visits),30,Extreme,5.2,13.5,ILO Labor Models (2019/2030); BMJ Global Health (2024),1800,,,
karachi,2023-05-17,Summer (May-Jul),29.78,0.02,0.23,0.46,2023,5,,,,,,,,,32.95,0.02,0.0,0.02,Surplus (Recharging),,,,,,,,,,,,,,,,,,Construction & Transit,1650,2.97,82.5,1470.15,K-Electric,1710,6,39.0,3.62,9.1,Critical (High Er Visits),30,Extreme,5.2,13.5,ILO Labor Models (2019/2030); BMJ Global Health (2024),1800,,,
karachi,2023-05-18,Summer (May-Jul),29.77,0.01,0.23,0.46,2023,5,,,,,,,,,33.45,0.01,0.0,0.01,Surplus (Recharging),,,,,,,,,,,,,,,,,,Construction & Transit,1650,2.97,82.5,1470.15,K-Electric,1710,6,39.0,3.62,9.1,Critical (High Er Visits),30,Extreme,5.2,13.5,ILO Labor Models (2019/2030); BMJ Global Health (2024),1800,,,
karachi,2023-05-19,Summer (May-Jul),29.62,0.0,0.22,0.46,2023,5,,,,,,,,,34.08,0.0,0.0,0.0,Surplus (Recharging),,,,,,,,,,,,,,,,,,Construction & Transit,1650,2.97,82.5,1470.15,K-Electric,1710,6,39.0,3.62,9.1,Critical (High Er Visits),30,Extreme,5.2,13.5,ILO Labor Models (2019/2030); BMJ Global Health (2024),1800,,,
karachi,2023-05-20,Summer (May-Jul),29.32,0.0,0.22,0.46,2023,5,,,,,,,,,33.57,0.0,0.0,0.0,Surplus (Recharging),,,,,,,,,,,,,,,,,,Construction & Transit,1650,2.97,82.5,1470.15,K-Electric,1710,6,39.0,3.62,9.1,Critical (High Er Visits),30,Extreme,5.2,13.5,ILO Labor Models (2019/2030); BMJ Global Health (2024),1800,,,
karachi,2023-05-21,Summer (May-Jul),29.59,0.01,0.22,0.46,2023,5,,,,,,,,,32.55,0.01,0.0,0.01,Surplus (Recharging),,,,,,,,,,,,,,,,,,Construction & Transit,1650,2.97,82.5,1470.15,K-Electric,1710,6,39.0,3.62,9.1,Critical (High Er Visits),30,Extreme,5.2,13.5,ILO Labor Models (2019/2030); BMJ Global Health (2024),1800,,,
karachi,2023-05-22,Summer (May-Jul),29.39,0.01,0.22,0.46,2023,5,,,,,,,,,31.01,0.01,0.0,0.01,Surplus (Recharging),,,,,,,,,,,,,,,,,,Construction & Transit,1650,2.97,82.5,1470.15,K-Electric,1710,6,39.0,3.62,9.1,Critical (High Er Visits),30,Extreme,5.2,13.5,ILO Labor Models (2019/2030); BMJ Global Health (2024),1800,,,
karachi,2023-05-23,Summer (May-Jul),29.45,0.02,0.22,0.46,2023,5,,,,,,,,,31.36,0.02,0.0,0.02,Surplus (Recharging),,,,,,,,,,,,,,,,,,Construction & Transit,1650,2.97,82.5,1470.15,K-Electric,1710,6,39.0,3.62,9.1,Critical (High Er Visits),30,Extreme,5.2,13.5,ILO Labor Models (2019/2030); BMJ Global Health (2024),1800,,,
karachi,2023-05-24,Summer (May-Jul),29.86,0.03,0.22,0.46,2023,5,,,,,,,,,33.11,0.03,0.0,0.03,Surplus (Recharging),,,,,,,,,,,,,,,,,,Construction & Transit,1650,2.97,82.5,1470.15,K-Electric,1710,6,39.0,3.62,9.1,Critical (High Er Visits),30,Extreme,5.2,13.5,ILO Labor Models (2019/2030); BMJ Global Health (2024),1800,,,
karachi,2023-05-25,Summer (May-Jul),30.5,0.02,0.22,0.46,2023,5,,,,,,,,,34.71,0.02,0.0,0.02,Surplus (Recharging),,,,,,,,,,,,,,,,,,Construction & Transit,1650,2.97,82.5,1470.15,K-Electric,1710,6,39.0,3.62,9.1,Critical (High Er Visits),30,Extreme,5.2,13.5,ILO Labor Models (2019/2030); BMJ Global Health (2024),1800,,,
karachi,2023-05-26,Summer (May-Jul),30.03,0.1,0.22,0.46,2023,5,,,,,,,,,33.71,0.1,0.0,0.1,Surplus (Recharging),,,,,,,,,,,,,,,,,,Construction & Transit,1650,2.97,82.5,1470.15,K-Electric,1710,6,39.0,3.62,9.1,Critical (High Er Visits),30,Extreme,5.2,13.5,ILO Labor Models (2019/2030); BMJ Global Health (2024),1800,,,
karachi,2023-05-27,Summer (May-Jul),30.09,0.26,0.22,0.46,2023,5,,,,,,,,,33.38,0.26,0.0,0.26,Surplus (Recharging),,,,,,,,,,,,,,,,,,Construction & Transit,1650,2.97,82.5,1470.15,K-Electric,1710,6,39.0,3.62,9.1,Critical (High Er Visits),30,Extreme,5.2,13.5,ILO Labor Models (2019/2030); BMJ Global Health (2024),1800,,,
karachi,2023-05-28,Summer (May-Jul),30.12,0.32,0.23,0.46,2023,5,,,,,,,,,33.46,0.32,0.0,0.32,Surplus (Recharging),,,,,,,,,,,,,,,,,,Construction & Transit,1650,2.97,82.5,1470.15,K-Electric,1710,6,39.0,3.62,9.1,Critical (High Er Visits),30,Extreme,5.2,13.5,ILO Labor Models (2019/2030); BMJ Global Health (2024),1800,,,
karachi,2023-05-29,Summer (May-Jul),30.18,0.44,0.24,0.46,2023,5,,,,,,,,,33.71,0.44,0.0,0.44,Surplus (Recharging),,,,,,,,,,,,,,,,,,Construction & Transit,1650,2.97,82.5,1470.15,K-Electric,1710,6,39.0,3.62,9.1,Critical (High Er Visits),30,Extreme,5.2,13.5,ILO Labor Models (2019/2030); BMJ Global Health (2024),1800,,,
karachi,2023-05-30,Summer (May-Jul),30.25,0.82,0.26,0.46,2023,5,,,,,,,,,34.24,0.82,0.0,0.82,Surplus (Recharging),,,,,,,,,,,,,,,,,,Construction & Transit,1650,2.97,82.5,1470.15,K-Electric,1710,6,39.0,3.62,9.1,Critical (High Er Visits),30,Extreme,5.2,13.5,ILO Labor Models (2019/2030); BMJ Global Health (2024),1800,,,
karachi,2023-05-31,Summer (May-Jul),29.42,1.17,0.3,0.46,2023,5,,,,,,,,,32.64,1.17,0.0,1.17,Surplus (Recharging),,,,,,,,,,,,,,,,,,Construction & Transit,1650,2.97,82.5,1470.15,K-Electric,1710,6,39.0,3.62,9.1,Critical (High Er Visits),30,Extreme,5.2,13.5,ILO Labor Models (2019/2030); BMJ Global Health (2024),1800,,,
karachi,2023-06-01,Summer (May-Jul),29.54,0.0,0.3,0.46,2023,6,June,32.0,28.3,29.9,77.0,35.0,1.4,33.7,31.53,0.0,0.0,0.0,Surplus (Recharging),42.16,50.5,184.0,8.0,148613155.0,4500.0,90.7,70.6,22.4,74.4,159.0,367.0,19.0,13.0,1033.0,41.9,Pdma Sindh,Construction & Transit,2750,4.95,137.5,4083.75,K-Electric,2280,8,40.5,4.13,10.3,Critical (High Er Visits),40,Extreme,6.8,17.8,ILO Labor Models (2019/2030); BMJ Global Health (2024),1800,,,
karachi,2023-06-02,Summer (May-Jul),30.2,0.0,0.29,0.46,2023,6,June,32.4,28.5,30.0,81.0,37.0,0.1,29.7,33.29,0.0,0.0,0.0,Surplus (Recharging),33.5,39.0,113.0,3.0,161366146.0,4500.0,90.7,70.6,22.4,74.4,159.0,367.0,19.0,13.0,1033.0,41.9,Pdma Sindh,Construction & Transit,2750,4.95,137.5,4083.75,K-Electric,2280,8,40.5,4.13,10.3,Critical (High Er Visits),40,Extreme,6.8,17.8,ILO Labor Models (2019/2030); BMJ Global Health (2024),1800,,,
karachi,2023-06-03,Summer (May-Jul),30.58,0.0,0.28,0.46,2023,6,June,32.9,28.0,29.9,82.0,37.1,0.0,32.7,34.78,0.0,0.0,0.0,Surplus (Recharging),38.5,43.5,149.0,3.0,158809291.0,4500.0,90.7,70.6,22.4,74.4,159.0,367.0,19.0,13.0,1033.0,41.9,Pdma Sindh,Construction & Transit,2750,4.95,137.5,4083.75,K-Electric,2280,8,40.5,4.13,10.3,Critical (High Er Visits),40,Extreme,6.8,17.8,ILO Labor Models (2019/2030); BMJ Global Health (2024),1800,,,
karachi,2023-06-04,Summer (May-Jul),30.92,0.0,0.27,0.46,2023,6,June,33.2,28.0,30.0,81.0,37.9,0.0,30.3,35.0,0.0,0.0,0.0,Surplus (Recharging),42.5,48.4,179.0,13.0,127064403.0,4500.0,90.7,70.6,22.4,74.4,159.0,367.0,19.0,13.0,1033.0,41.9,Pdma Sindh,Construction & Transit,2750,4.95,137.5,4083.75,K-Electric,2280,8,40.5,4.13,10.3,Critical (High Er Visits),40,Extreme,6.8,17.8,ILO Labor Models (2019/2030); BMJ Global Health (2024),1800,,,
karachi,2023-06-05,Summer (May-Jul),30.67,0.0,0.26,0.46,2023,6,June,32.6,28.0,30.0,81.0,37.2,0.0,31.1,34.83,0.0,0.0,0.0,Surplus (Recharging),34.5,39.8,124.0,6.0,128752104.0,4500.0,90.7,70.6,22.4,74.4,159.0,367.0,19.0,13.0,1033.0,41.9,Pdma Sindh,Construction & Transit,2750,4.95,137.5,4083.75,K-Electric,2280,8,40.5,4.13,10.3,Critical (High Er Visits),40,Extreme,6.8,17.8,ILO Labor Models (2019/2030); BMJ Global Health (2024),1800,,,
karachi,2023-06-06,Summer (May-Jul),31.22,0.0,0.25,0.46,2023,6,June,33.2,28.2,30.4,81.0,37.9,0.0,31.4,35.47,0.0,0.0,0.0,Surplus (Recharging),35.6,42.4,130.0,4.0,148278500.0,4500.0,90.7,70.6,22.4,74.4,159.0,367.0,19.0,13.0,1033.0,41.9,Pdma Sindh,Construction & Transit,2750,4.95,137.5,4083.75,K-Electric,2280,8,40.5,4.13,10.3,Critical (High Er Visits),40,Extreme,6.8,17.8,ILO Labor Models (2019/2030); BMJ Global Health (2024),1800,,,
karachi,2023-06-07,Summer (May-Jul),31.53,0.0,0.24,0.46,2023,6,June,33.2,28.8,30.6,81.0,39.4,0.0,26.5,36.14,0.0,0.0,0.0,Surplus (Recharging),37.2,45.3,155.0,13.0,117429572.0,4500.0,90.7,70.6,22.4,74.4,159.0,367.0,19.0,13.0,1033.0,41.9,Pdma Sindh,Construction & Transit,2750,4.95,137.5,4083.75,K-Electric,2280,8,40.5,4.13,10.3,Critical (High Er Visits),40,Extreme,6.8,17.8,ILO Labor Models (2019/2030); BMJ Global Health (2024),1800,,,
karachi,2023-06-08,Summer (May-Jul),30.08,0.0,0.24,0.46,2023,6,June,32.6,28.7,30.3,78.0,36.5,0.0,27.4,32.74,0.0,0.0,0.0,Surplus (Recharging),35.7,40.3,132.0,7.0,145624086.0,4500.0,90.7,70.6,22.4,74.4,159.0,367.0,19.0,13.0,1033.0,41.9,Pdma Sindh,Construction & Transit,2750,4.95,137.5,4083.75,K-Electric,2280,8,40.5,4.13,10.3,Critical (High Er Visits),40,Extreme,6.8,17.8,ILO Labor Models (2019/2030); BMJ Global Health (2024),1800,,,
karachi,2023-06-09,Summer (May-Jul),30.14,0.0,0.23,0.46,2023,6,June,32.2,28.6,30.2,76.0,36.1,0.8,30.3,32.85,0.0,0.0,0.0,Surplus (Recharging),33.1,37.6,128.0,6.0,146159020.0,4500.0,90.7,70.6,22.4,74.4,159.0,367.0,19.0,13.0,1033.0,41.9,Pdma Sindh,Construction & Transit,2750,4.95,137.5,4083.75,K-Electric,2280,8,40.5,4.13,10.3,Critical (High Er Visits),40,Extreme,6.8,17.8,ILO Labor Models (2019/2030); BMJ Global Health (2024),1800,,,
karachi,2023-06-10,Summer (May-Jul),30.38,0.04,0.23,0.46,2023,6,June,32.0,28.3,29.9,76.0,37.3,0.2,23.4,33.64,0.04,0.0,0.04,Surplus (Recharging),37.2,42.4,147.0,6.0,128507344.0,4500.0,90.7,70.6,22.4,74.4,159.0,367.0,19.0,13.0,1033.0,41.9,Pdma Sindh,Construction & Transit,2750,4.95,137.5,4083.75,K-Electric,2280,8,40.5,4.13,10.3,Critical (High Er Visits),40,Extreme,6.8,17.8,ILO Labor Models (2019/2030); BMJ Global Health (2024),1800,,,
karachi,2023-06-11,Summer (May-Jul),30.75,0.06,0.23,0.46,2023,6,June,32.7,27.4,30.0,76.0,38.3,0.0,19.4,33.87,0.06,0.0,0.06,Surplus (Recharging),34.3,41.6,152.0,4.0,149478258.0,4500.0,90.7,70.6,22.4,74.4,159.0,367.0,19.0,13.0,1033.0,41.9,Pdma Sindh,Construction & Transit,2750,4.95,137.5,4083.75,K-Electric,2280,8,40.5,4.13,10.3,Critical (High Er Visits),40,Extreme,6.8,17.8,ILO Labor Models (2019/2030); BMJ Global Health (2024),1800,,,
karachi,2023-06-12,Summer (May-Jul),33.19,0.03,0.23,0.46,2023,6,June,36.7,28.3,32.1,65.0,40.7,0.0,30.9,38.7,0.03,0.0,0.03,Surplus (Recharging),38.2,44.9,151.0,14.0,121820344.0,4500.0,90.7,70.6,22.4,74.4,159.0,367.0,19.0,13.0,1033.0,41.9,Pdma Sindh,Construction & Transit,2750,4.95,137.5,4083.75,K-Electric,2280,8,40.5,4.13,10.3,Critical (High Er Visits),40,Extreme,6.8,17.8,ILO Labor Models (2019/2030); BMJ Global Health (2024),1800,,,
karachi,2023-06-13,Summer (May-Jul),33.83,0.09,0.22,0.46,2023,6,June,35.3,29.7,31.4,64.0,35.3,5.4,44.0,38.8,0.09,0.0,0.09,Surplus (Recharging),34.7,39.2,134.0,6.0,107264371.0,4500.0,90.7,70.6,22.4,74.4,159.0,367.0,19.0,13.0,1033.0,41.9,Pdma Sindh,Construction & Transit,2750,4.95,137.5,4083.75,K-Electric,2280,8,40.5,4.13,10.3,Critical (High Er Visits),40,Extreme,6.8,17.8,ILO Labor Models (2019/2030); BMJ Global Health (2024),1800,,,
karachi,2023-06-14,Summer (May-Jul),32.54,0.23,0.22,0.46,2023,6,June,35.0,28.5,31.0,64.0,36.8,0.5,40.1,36.96,0.23,0.0,0.23,Surplus (Recharging),40.9,49.0,178.0,10.0,133009366.0,4500.0,90.7,70.6,22.4,74.4,159.0,367.0,19.0,13.0,1033.0,41.9,Pdma Sindh,Construction & Transit,2750,4.95,137.5,4083.75,K-Electric,2280,8,40.5,4.13,10.3,Critical (High Er Visits),40,Extreme,6.8,17.8,ILO Labor Models (2019/2030); BMJ Global Health (2024),1800,,,
karachi,2023-06-15,Summer (May-Jul),31.89,1.67,0.25,0.46,2023,6,June,34.5,28.0,30.4,68.0,34.4,0.3,45.5,36.06,1.67,0.0,1.67,Surplus (Recharging),35.0,42.6,127.0,4.0,135682042.0,4500.0,90.7,70.6,22.4,74.4,159.0,367.0,19.0,13.0,1033.0,41.9,Pdma Sindh,Construction & Transit,2750,4.95,137.5,4083.75,K-Electric,2280,8,40.5,4.13,10.3,Critical (High Er Visits),40,Extreme,6.8,17.8,ILO Labor Models (2019/2030); BMJ Global Health (2024),1800,,,
karachi,2023-06-16,Summer (May-Jul),31.39,3.77,0.36,0.47,2023,6,June,34.7,28.5,31.1,71.0,38.7,1.3,34.9,34.23,3.77,0.0,3.77,Surplus (Recharging),36.2,40.3,124.0,7.0,123639575.0,4500.0,90.7,70.6,22.4,74.4,159.0,367.0,19.0,13.0,1033.0,41.9,Pdma Sindh,Construction & Transit,2750,4.95,137.5,4083.75,K-Electric,2280,8,40.5,4.13,10.3,Critical (High Er Visits),40,Extreme,6.8,17.8,ILO Labor Models (2019/2030); BMJ Global Health (2024),1800,,,
karachi,2023-06-17,Summer (May-Jul),30.3,2.99,0.47,0.47,2023,6,June,32.4,29.1,30.5,81.0,38.2,0.0,32.1,31.86,2.99,0.0,2.99,Surplus (Recharging),39.0,45.9,143.0,9.0,119067393.0,4500.0,90.7,70.6,22.4,74.4,159.0,367.0,19.0,13.0,1033.0,41.9,Pdma Sindh,Construction & Transit,2750,4.95,137.5,4083.75,K-Electric,2280,8,40.5,4.13,10.3,Critical (High Er Visits),40,Extreme,6.8,17.8,ILO Labor Models (2019/2030); BMJ Global Health (2024),1800,,,
karachi,2023-06-18,Summer (May-Jul),30.45,0.63,0.45,0.47,2023,6,June,32.3,29.0,30.3,74.0,35.1,0.0,30.1,32.19,0.63,0.0,0.63,Surplus (Recharging),33.9,41.4,112.0,3.0,141147571.0,4500.0,90.7,70.6,22.4,74.4,159.0,367.0,19.0,13.0,1033.0,41.9,Pdma Sindh,Construction & Transit,2750,4.95,137.5,4083.75,K-Electric,2280,8,40.5,4.13,10.3,Critical (High Er Visits),40,Extreme,6.8,17.8,ILO Labor Models (2019/2030); BMJ Global Health (2024),1800,,,
karachi,2023-06-19,Summer (May-Jul),30.62,0.26,0.41,0.47,2023,6,June,32.1,28.2,30.0,75.0,35.7,0.0,29.9,33.53,0.26,0.0,0.26,Surplus (Recharging),37.6,43.3,127.0,7.0,137300595.0,4500.0,90.7,70.6,22.4,74.4,159.0,367.0,19.0,13.0,1033.0,41.9,Pdma Sindh,Construction & Transit,2750,4.95,137.5,4083.75,K-Electric,2280,8,40.5,4.13,10.3,Critical (High Er Visits),40,Extreme,6.8,17.8,ILO Labor Models (2019/2030); BMJ Global Health (2024),1800,,,
karachi,2023-06-20,Summer (May-Jul),30.18,0.04,0.38,0.47,2023,6,June,32.8,28.9,30.6,69.0,36.1,0.0,31.4,32.9,0.04,0.0,0.04,Surplus (Recharging),40.3,44.6,163.0,9.0,113845379.0,4500.0,90.7,70.6,22.4,74.4,159.0,367.0,19.0,13.0,1033.0,41.9,Pdma Sindh,Construction & Transit,2750,4.95,137.5,4083.75,K-Electric,2280,8,40.5,4.13,10.3,Critical (High Er Visits),40,Extreme,6.8,17.8,ILO Labor Models (2019/2030); BMJ Global Health (2024),1800,,,
karachi,2023-06-21,Summer (May-Jul),30.48,0.0,0.36,0.47,2023,6,June,32.7,29.2,30.6,74.0,36.4,1.0,30.3,33.33,0.0,0.0,0.0,Surplus (Recharging),33.0,37.3,105.0,5.0,139398478.0,4500.0,90.7,70.6,22.4,74.4,159.0,367.0,19.0,13.0,1033.0,41.9,Pdma Sindh,Construction & Transit,2750,4.95,137.5,4083.75,K-Electric,2280,8,40.5,4.13,10.3,Critical (High Er Visits),40,Extreme,6.8,17.8,ILO Labor Models (2019/2030); BMJ Global Health (2024),1800,,,
karachi,2023-06-22,Summer (May-Jul),30.72,0.0,0.33,0.47,2023,6,June,32.2,28.8,30.2,77.0,36.3,2.2,29.5,33.42,0.0,0.0,0.0,Surplus (Recharging),37.5,42.0,144.0,3.0,148267580.0,4500.0,90.7,70.6,22.4,74.4,159.0,367.0,19.0,13.0,1033.0,41.9,Pdma Sindh,Construction & Transit,2750,4.95,137.5,4083.75,K-Electric,2280,8,40.5,4.13,10.3,Critical (High Er Visits),40,Extreme,6.8,17.8,ILO Labor Models (2019/2030); BMJ Global Health (2024),1800,,,
karachi,2023-06-23,Summer (May-Jul),31.32,0.0,0.31,0.46,2023,6,June,32.5,28.5,30.1,76.0,36.7,0.4,29.0,34.49,0.0,0.0,0.0,Surplus (Recharging),37.6,45.4,139.0,11.0,141118057.0,4500.0,90.7,70.6,22.4,74.4,159.0,367.0,19.0,13.0,1033.0,41.9,Pdma Sindh,Construction & Transit,2750,4.95,137.5,4083.75,K-Electric,2280,8,40.5,4.13,10.3,Critical (High Er Visits),40,Extreme,6.8,17.8,ILO Labor Models (2019/2030); BMJ Global Health (2024),1800,,,
karachi,2023-06-24,Summer (May-Jul),31.14,0.0,0.29,0.46,2023,6,June,32.0,28.5,30.1,78.0,37.1,1.0,27.3,33.73,0.0,0.0,0.0,Surplus (Recharging),39.0,47.1,149.0,10.0,114233098.0,4500.0,90.7,70.6,22.4,74.4,159.0,367.0,19.0,13.0,1033.0,41.9,Pdma Sindh,Construction & Transit,2750,4.95,137.5,4083.75,K-Electric,2280,8,40.5,4.13,10.3,Critical (High Er Visits),40,Extreme,6.8,17.8,ILO Labor Models (2019/2030); BMJ Global Health (2024),1800,,,
karachi,2023-06-25,Summer (May-Jul),31.2,0.12,0.28,0.46,2023,6,June,32.0,28.7,30.3,79.0,37.3,0.5,27.2,34.19,0.12,0.0,0.12,Surplus (Recharging),33.9,38.5,128.0,5.0,134003878.0,4500.0,90.7,70.6,22.4,74.4,159.0,367.0,19.0,13.0,1033.0,41.9,Pdma Sindh,Construction & Transit,2750,4.95,137.5,4083.75,K-Electric,2280,8,40.5,4.13,10.3,Critical (High Er Visits),40,Extreme,6.8,17.8,ILO Labor Models (2019/2030); BMJ Global Health (2024),1800,,,
karachi,2023-06-26,Summer (May-Jul),31.07,0.43,0.28,0.46,2023,6,June,32.8,28.5,30.5,77.0,37.3,0.8,28.3,33.69,0.43,0.0,0.43,Surplus (Recharging),33.7,38.8,110.0,5.0,140116629.0,4500.0,90.7,70.6,22.4,74.4,159.0,367.0,19.0,13.0,1033.0,41.9,Pdma Sindh,Construction & Transit,2750,4.95,137.5,4083.75,K-Electric,2280,8,40.5,4.13,10.3,Critical (High Er Visits),40,Extreme,6.8,17.8,ILO Labor Models (2019/2030); BMJ Global Health (2024),1800,,,
karachi,2023-06-27,Summer (May-Jul),31.34,1.38,0.3,0.46,2023,6,June,32.8,28.9,30.6,76.0,37.6,0.8,22.2,34.3,1.38,0.0,1.38,Surplus (Recharging),38.3,43.0,155.0,6.0,146474093.0,4500.0,90.7,70.6,22.4,74.4,159.0,367.0,19.0,13.0,1033.0,41.9,Pdma Sindh,Construction & Transit,2750,4.95,137.5,4083.75,K-Electric,2280,8,40.5,4.13,10.3,Critical (High Er Visits),40,Extreme,6.8,17.8,ILO Labor Models (2019/2030); BMJ Global Health (2024),1800,,,
karachi,2023-06-28,Summer (May-Jul),30.63,2.18,0.39,0.47,2023,6,June,33.2,28.9,30.8,76.0,36.8,0.0,25.7,32.36,2.18,0.0,2.18,Surplus (Recharging),37.7,42.5,166.0,4.0,136957761.0,4500.0,90.7,70.6,22.4,74.4,159.0,367.0,19.0,13.0,1033.0,41.9,Pdma Sindh,Construction & Transit,2750,4.95,137.5,4083.75,K-Electric,2280,8,40.5,4.13,10.3,Critical (High Er Visits),40,Extreme,6.8,17.8,ILO Labor Models (2019/2030); BMJ Global Health (2024),1800,,,
karachi,2023-06-29,Summer (May-Jul),30.52,0.89,0.4,0.47,2023,6,June,34.0,28.6,31.1,73.0,37.6,0.3,29.4,32.05,0.89,0.0,0.89,Surplus (Recharging),37.6,45.4,147.0,8.0,141986413.0,4500.0,90.7,70.6,22.4,74.4,159.0,367.0,19.0,13.0,1033.0,41.9,Pdma Sindh,Construction & Transit,2750,4.95,137.5,4083.75,K-Electric,2280,8,40.5,4.13,10.3,Critical (High Er Visits),40,Extreme,6.8,17.8,ILO Labor Models (2019/2030); BMJ Global Health (2024),1800,,,
karachi,2023-06-30,Summer (May-Jul),30.05,9.75,0.48,0.49,2023,6,June,33.0,29.0,30.8,73.0,35.2,1.0,34.7,31.48,9.75,0.0,9.75,Surplus (Recharging),37.9,43.4,132.0,4.0,120626376.0,4500.0,90.7,70.6,22.4,74.4,159.0,367.0,19.0,13.0,1033.0,41.9,Pdma Sindh,Construction & Transit,2750,4.95,137.5,4083.75,K-Electric,2280,8,40.5,4.13,10.3,Critical (High Er Visits),40,Extreme,6.8,17.8,ILO Labor Models (2019/2030); BMJ Global Health (2024),1800,,,
karachi,2023-07-01,Summer (May-Jul),30.69,0.08,0.41,0.49,2023,7,July,33.7,28.9,30.8,74.0,37.3,1.1,28.0,32.75,0.08,0.0,0.08,Surplus (Recharging),33.3,38.7,107.0,5.0,124966518.0,4500.0,90.7,70.6,22.4,74.4,159.0,367.0,19.0,13.0,1033.0,41.9,Pdma Sindh,Construction & Transit,2475,4.46,123.75,3311.55,K-Electric,1995,7,36.5,2.8,7.0,Elevated (Heat Stress),70,Extreme (Humid),6.1,15.9,ILO Labor Models (2019/2030); BMJ Global Health (2024),1800,,,
karachi,2023-07-02,Summer (May-Jul),30.97,0.04,0.39,0.48,2023,7,July,32.9,28.9,30.7,76.0,37.9,0.4,22.0,33.42,0.04,0.0,0.04,Surplus (Recharging),44.04,49.1,176.0,13.0,120986443.0,4500.0,90.7,70.6,22.4,74.4,159.0,367.0,19.0,13.0,1033.0,41.9,Pdma Sindh,Construction & Transit,2475,4.46,123.75,3311.55,K-Electric,1995,7,36.5,2.8,7.0,Elevated (Heat Stress),70,Extreme (Humid),6.1,15.9,ILO Labor Models (2019/2030); BMJ Global Health (2024),1800,,,
karachi,2023-07-03,Summer (May-Jul),31.74,0.02,0.37,0.48,2023,7,July,33.5,28.6,30.7,78.0,39.4,0.4,24.6,35.37,0.02,0.0,0.02,Surplus (Recharging),42.24,49.0,161.0,12.0,105891755.0,4500.0,90.7,70.6,22.4,74.4,159.0,367.0,19.0,13.0,1033.0,41.9,Pdma Sindh,Construction & Transit,2475,4.46,123.75,3311.55,K-Electric,1995,7,36.5,2.8,7.0,Elevated (Heat Stress),70,Extreme (Humid),6.1,15.9,ILO Labor Models (2019/2030); BMJ Global Health (2024),1800,,,
karachi,2023-07-04,Summer (May-Jul),31.31,0.02,0.35,0.48,2023,7,July,33.2,28.5,30.6,74.0,38.1,0.1,28.0,34.11,0.02,0.0,0.02,Surplus (Recharging),42.39,48.1,155.0,12.0,108255294.0,4500.0,90.7,70.6,22.4,74.4,159.0,367.0,19.0,13.0,1033.0,41.9,Pdma Sindh,Construction & Transit,2475,4.46,123.75,3311.55,K-Electric,1995,7,36.5,2.8,7.0,Elevated (Heat Stress),70,Extreme (Humid),6.1,15.9,ILO Labor Models (2019/2030); BMJ Global Health (2024),1800,,,
karachi,2023-07-05,Summer (May-Jul),31.39,0.71,0.35,0.48,2023,7,July,33.1,29.1,30.9,72.0,37.1,0.6,25.6,34.14,0.71,0.0,0.71,Surplus (Recharging),41.37,48.7,167.0,8.0,124722231.0,4500.0,90.7,70.6,22.4,74.4,159.0,367.0,19.0,13.0,1033.0,41.9,Pdma Sindh,Construction & Transit,2475,4.46,123.75,3311.55,K-Electric,1995,7,36.5,2.8,7.0,Elevated (Heat Stress),70,Extreme (Humid),6.1,15.9,ILO Labor Models (2019/2030); BMJ Global Health (2024),1800,,,
karachi,2023-07-06,Summer (May-Jul),32.06,1.18,0.36,0.48,2023,7,July,33.5,28.9,30.8,74.0,39.7,0.1,21.3,34.8,1.18,0.0,1.18,Surplus (Recharging),36.2,41.1,130.0,4.0,147714389.0,4500.0,90.7,70.6,22.4,74.4,159.0,367.0,19.0,13.0,1033.0,41.9,Pdma Sindh,Construction & Transit,2475,4.46,123.75,3311.55,K-Electric,1995,7,36.5,2.8,7.0,Elevated (Heat Stress),70,Extreme (Humid),6.1,15.9,ILO Labor Models (2019/2030); BMJ Global Health (2024),1800,,,
karachi,2023-07-07,Summer (May-Jul),31.47,8.66,0.45,0.48,2023,7,July,35.5,29.1,31.7,73.0,40.6,0.0,25.1,34.4,8.66,0.0,8.66,Surplus (Recharging),32.0,39.5,111.0,6.0,116040351.0,4500.0,90.7,70.6,22.4,74.4,159.0,367.0,19.0,13.0,1033.0,41.9,Pdma Sindh,Construction & Transit,2475,4.46,123.75,3311.55,K-Electric,1995,7,36.5,2.8,7.0,Elevated (Heat Stress),70,Extreme (Humid),6.1,15.9,ILO Labor Models (2019/2030); BMJ Global Health (2024),1800,,,
karachi,2023-07-08,Summer (May-Jul),30.13,5.14,0.54,0.5,2023,7,July,34.9,29.4,31.3,73.0,39.4,4.0,22.4,31.67,5.14,0.0,5.14,Surplus (Recharging),36.6,43.3,153.0,3.0,144202983.0,4500.0,90.7,70.6,22.4,74.4,159.0,367.0,19.0,13.0,1033.0,41.9,Pdma Sindh,Construction & Transit,2475,4.46,123.75,3311.55,K-Electric,1995,7,36.5,2.8,7.0,Elevated (Heat Stress),70,Extreme (Humid),6.1,15.9,ILO Labor Models (2019/2030); BMJ Global Health (2024),1800,,,
karachi,2023-07-09,Summer (May-Jul),30.49,6.5,0.53,0.51,2023,7,July,33.9,28.8,31.0,74.0,39.4,0.1,26.1,32.88,6.5,0.0,6.5,Surplus (Recharging),32.6,37.1,108.0,4.0,150329639.0,4500.0,90.7,70.6,22.4,74.4,159.0,367.0,19.0,13.0,1033.0,41.9,Pdma Sindh,Construction & Transit,2475,4.46,123.75,3311.55,K-Electric,1995,7,36.5,2.8,7.0,Elevated (Heat Stress),70,Extreme (Humid),6.1,15.9,ILO Labor Models (2019/2030); BMJ Global Health (2024),1800,,,
karachi,2023-07-10,Summer (May-Jul),30.69,0.35,0.47,0.5,2023,7,July,33.7,28.6,31.0,67.0,37.2,0.0,27.9,33.5,0.35,0.0,0.35,Surplus (Recharging),37.0,42.9,120.0,4.0,138050547.0,4500.0,90.7,70.6,22.4,74.4,159.0,367.0,19.0,13.0,1033.0,41.9,Pdma Sindh,Construction & Transit,2475,4.46,123.75,3311.55,K-Electric,1995,7,36.5,2.8,7.0,Elevated (Heat Stress),70,Extreme (Humid),6.1,15.9,ILO Labor Models (2019/2030); BMJ Global Health (2024),1800,,,
karachi,2023-07-11,Summer (May-Jul),30.3,0.01,0.46,0.5,2023,7,July,34.1,29.5,31.3,64.0,37.2,0.0,26.9,32.84,0.01,0.0,0.01,Surplus (Recharging),37.9,45.8,137.0,13.0,113811697.0,4500.0,90.7,70.6,22.4,74.4,159.0,367.0,19.0,13.0,1033.0,41.9,Pdma Sindh,Construction & Transit,2475,4.46,123.75,3311.55,K-Electric,1995,7,36.5,2.8,7.0,Elevated (Heat Stress),70,Extreme (Humid),6.1,15.9,ILO Labor Models (2019/2030); BMJ Global Health (2024),1800,,,
karachi,2023-07-12,Summer (May-Jul),30.51,0.01,0.45,0.49,2023,7,July,33.5,29.1,31.1,65.0,36.0,0.0,29.4,33.26,0.01,0.0,0.01,Surplus (Recharging),32.9,41.1,125.0,5.0,141517712.0,4500.0,90.7,70.6,22.4,74.4,159.0,367.0,19.0,13.0,1033.0,41.9,Pdma Sindh,Construction & Transit,2475,4.46,123.75,3311.55,K-Electric,1995,7,36.5,2.8,7.0,Elevated (Heat Stress),70,Extreme (Humid),6.1,15.9,ILO Labor Models (2019/2030); BMJ Global Health (2024),1800,,,
karachi,2023-07-13,Summer (May-Jul),30.5,0.01,0.44,0.49,2023,7,July,33.5,29.1,31.0,67.0,36.7,0.1,29.8,33.11,0.01,0.0,0.01,Surplus (Recharging),37.4,43.5,151.0,4.0,138078889.0,4500.0,90.7,70.6,22.4,74.4,159.0,367.0,19.0,13.0,1033.0,41.9,Pdma Sindh,Construction & Transit,2475,4.46,123.75,3311.55,K-Electric,1995,7,36.5,2.8,7.0,Elevated (Heat Stress),70,Extreme (Humid),6.1,15.9,ILO Labor Models (2019/2030); BMJ Global Health (2024),1800,,,
karachi,2023-07-14,Summer (May-Jul),30.39,0.01,0.44,0.49,2023,7,July,34.0,29.0,30.8,67.0,36.6,0.2,29.8,32.97,0.01,0.0,0.01,Surplus (Recharging),36.0,42.2,140.0,5.0,151404997.0,4500.0,90.7,70.6,22.4,74.4,159.0,367.0,19.0,13.0,1033.0,41.9,Pdma Sindh,Construction & Transit,2475,4.46,123.75,3311.55,K-Electric,1995,7,36.5,2.8,7.0,Elevated (Heat Stress),70,Extreme (Humid),6.1,15.9,ILO Labor Models (2019/2030); BMJ Global Health (2024),1800,,,
karachi,2023-07-15,Summer (May-Jul),30.22,0.07,0.43,0.48,2023,7,July,33.4,28.5,30.5,69.0,35.1,0.0,34.3,32.25,0.07,0.0,0.07,Surplus (Recharging),37.1,45.2,129.0,8.0,118885869.0,4500.0,90.7,70.6,22.4,74.4,159.0,367.0,19.0,13.0,1033.0,41.9,Pdma Sindh,Construction & Transit,2475,4.46,123.75,3311.55,K-Electric,1995,7,36.5,2.8,7.0,Elevated (Heat Stress),70,Extreme (Humid),6.1,15.9,ILO Labor Models (2019/2030); BMJ Global Health (2024),1800,,,
karachi,2023-07-16,Summer (May-Jul),29.99,0.05,0.42,0.48,2023,7,July,32.9,29.0,30.4,68.0,34.7,0.0,29.7,32.05,0.05,0.0,0.05,Surplus (Recharging),39.7,46.3,165.0,8.0,129483558.0,4500.0,90.7,70.6,22.4,74.4,159.0,367.0,19.0,13.0,1033.0,41.9,Pdma Sindh,Construction & Transit,2475,4.46,123.75,3311.55,K-Electric,1995,7,36.5,2.8,7.0,Elevated (Heat Stress),70,Extreme (Humid),6.1,15.9,ILO Labor Models (2019/2030); BMJ Global Health (2024),1800,,,
karachi,2023-07-17,Summer (May-Jul),29.95,0.04,0.41,0.48,2023,7,July,33.5,29.0,30.8,71.0,36.8,0.2,26.9,32.45,0.04,0.0,0.04,Surplus (Recharging),34.4,38.5,137.0,7.0,134556863.0,4500.0,90.7,70.6,22.4,74.4,159.0,367.0,19.0,13.0,1033.0,41.9,Pdma Sindh,Construction & Transit,2475,4.46,123.75,3311.55,K-Electric,1995,7,36.5,2.8,7.0,Elevated (Heat Stress),70,Extreme (Humid),6.1,15.9,ILO Labor Models (2019/2030); BMJ Global Health (2024),1800,,,
karachi,2023-07-18,Summer (May-Jul),29.82,0.04,0.4,0.48,2023,7,July,33.0,28.5,30.2,74.0,36.6,0.6,30.7,32.16,0.04,0.0,0.04,Surplus (Recharging),33.1,41.2,104.0,5.0,133715459.0,4500.0,90.7,70.6,22.4,74.4,159.0,367.0,19.0,13.0,1033.0,41.9,Pdma Sindh,Construction & Transit,2475,4.46,123.75,3311.55,K-Electric,1995,7,36.5,2.8,7.0,Elevated (Heat Stress),70,Extreme (Humid),6.1,15.9,ILO Labor Models (2019/2030); BMJ Global Health (2024),1800,,,
karachi,2023-07-19,Summer (May-Jul),30.12,0.11,0.39,0.48,2023,7,July,32.5,28.0,30.1,74.0,35.4,0.1,29.6,32.81,0.11,0.0,0.11,Surplus (Recharging),32.8,37.9,112.0,4.0,111287173.0,4500.0,90.7,70.6,22.4,74.4,159.0,367.0,19.0,13.0,1033.0,41.9,Pdma Sindh,Construction & Transit,2475,4.46,123.75,3311.55,K-Electric,1995,7,36.5,2.8,7.0,Elevated (Heat Stress),70,Extreme (Humid),6.1,15.9,ILO Labor Models (2019/2030); BMJ Global Health (2024),1800,,,
karachi,2023-07-20,Summer (May-Jul),29.46,1.2,0.4,0.48,2023,7,July,33.4,28.5,30.5,72.0,37.9,0.0,27.8,30.78,1.2,0.0,1.2,Surplus (Recharging),33.0,39.6,144.0,5.0,135890950.0,4500.0,90.7,70.6,22.4,74.4,159.0,367.0,19.0,13.0,1033.0,41.9,Pdma Sindh,Construction & Transit,2475,4.46,123.75,3311.55,K-Electric,1995,7,36.5,2.8,7.0,Elevated (Heat Stress),70,Extreme (Humid),6.1,15.9,ILO Labor Models (2019/2030); BMJ Global Health (2024),1800,,,
karachi,2023-07-21,Summer (May-Jul),29.78,2.07,0.45,0.48,2023,7,July,32.7,28.5,30.4,76.0,37.5,4.7,26.4,32.3,2.07,0.0,2.07,Surplus (Recharging),34.8,39.5,114.0,4.0,149001769.0,4500.0,90.7,70.6,22.4,74.4,159.0,367.0,19.0,13.0,1033.0,41.9,Pdma Sindh,Construction & Transit,2475,4.46,123.75,3311.55,K-Electric,1995,7,36.5,2.8,7.0,Elevated (Heat Stress),70,Extreme (Humid),6.1,15.9,ILO Labor Models (2019/2030); BMJ Global Health (2024),1800,,,
karachi,2023-07-22,Summer (May-Jul),30.14,3.92,0.45,0.48,2023,7,July,33.4,28.6,30.5,77.0,38.3,0.2,20.2,32.99,3.92,0.0,3.92,Surplus (Recharging),35.9,40.1,106.0,5.0,145281091.0,4500.0,90.7,70.6,22.4,74.4,159.0,367.0,19.0,13.0,1033.0,41.9,Pdma Sindh,Construction & Transit,2475,4.46,123.75,3311.55,K-Electric,1995,7,36.5,2.8,7.0,Elevated (Heat Stress),70,Extreme (Humid),6.1,15.9,ILO Labor Models (2019/2030); BMJ Global Health (2024),1800,,,
karachi,2023-07-23,Summer (May-Jul),29.63,18.25,0.62,0.5,2023,7,July,35.7,27.4,30.1,82.0,40.8,27.5,24.4,31.78,18.25,0.0,18.25,Surplus (Recharging),35.7,41.1,151.0,4.0,143547784.0,4500.0,90.7,70.6,22.4,74.4,159.0,367.0,19.0,13.0,1033.0,41.9,Pdma Sindh,Construction & Transit,2475,4.46,123.75,3311.55,K-Electric,1995,7,36.5,2.8,7.0,Elevated (Heat Stress),70,Extreme (Humid),6.1,15.9,ILO Labor Models (2019/2030); BMJ Global Health (2024),1800,,,
karachi,2023-07-24,Summer (May-Jul),30.23,29.91,0.66,0.54,2023,7,July,29.9,26.8,28.1,89.0,35.2,16.4,23.9,33.03,29.91,0.0,29.91,Surplus (Recharging),37.1,44.6,156.0,11.0,111521376.0,4500.0,90.7,70.6,22.4,74.4,159.0,367.0,19.0,13.0,1033.0,41.9,Pdma Sindh,Construction & Transit,2475,4.46,123.75,3311.55,K-Electric,1995,7,36.5,2.8,7.0,Elevated (Heat Stress),70,Extreme (Humid),6.1,15.9,ILO Labor Models (2019/2030); BMJ Global Health (2024),1800,,,
karachi,2023-07-25,Summer (May-Jul),29.57,8.46,0.61,0.58,2023,7,July,30.3,26.6,28.5,85.0,37.2,7.0,17.1,31.16,8.46,0.01,8.45,Surplus (Recharging),35.0,40.2,119.0,4.0,143953094.0,4500.0,90.7,70.6,22.4,74.4,159.0,367.0,19.0,13.0,1033.0,41.9,Pdma Sindh,Construction & Transit,2475,4.46,123.75,3311.55,K-Electric,1995,7,36.5,2.8,7.0,Elevated (Heat Stress),70,Extreme (Humid),6.1,15.9,ILO Labor Models (2019/2030); BMJ Global Health (2024),1800,,,
karachi,2023-07-26,Summer (May-Jul),29.79,1.86,0.54,0.58,2023,7,July,30.5,27.2,28.8,83.0,37.0,0.6,21.0,32.3,1.86,0.01,1.85,Surplus (Recharging),38.6,43.6,146.0,4.0,134265621.0,4500.0,90.7,70.6,22.4,74.4,159.0,367.0,19.0,13.0,1033.0,41.9,Pdma Sindh,Construction & Transit,2475,4.46,123.75,3311.55,K-Electric,1995,7,36.5,2.8,7.0,Elevated (Heat Stress),70,Extreme (Humid),6.1,15.9,ILO Labor Models (2019/2030); BMJ Global Health (2024),1800,,,
karachi,2023-07-27,Summer (May-Jul),29.27,0.67,0.53,0.57,2023,7,July,30.8,27.3,28.8,83.0,35.3,0.9,29.3,30.87,0.67,0.01,0.66,Surplus (Recharging),34.3,39.3,103.0,3.0,146034829.0,4500.0,90.7,70.6,22.4,74.4,159.0,367.0,19.0,13.0,1033.0,41.9,Pdma Sindh,Construction & Transit,2475,4.46,123.75,3311.55,K-Electric,1995,7,36.5,2.8,7.0,Elevated (Heat Stress),70,Extreme (Humid),6.1,15.9,ILO Labor Models (2019/2030); BMJ Global Health (2024),1800,,,
karachi,2023-07-28,Summer (May-Jul),29.08,0.81,0.52,0.57,2023,7,July,30.6,27.5,28.7,82.0,34.1,0.2,33.4,31.01,0.81,0.01,0.8,Surplus (Recharging),41.8,48.1,168.0,13.0,118715050.0,4500.0,90.7,70.6,22.4,74.4,159.0,367.0,19.0,13.0,1033.0,41.9,Pdma Sindh,Construction & Transit,2475,4.46,123.75,3311.55,K-Electric,1995,7,36.5,2.8,7.0,Elevated (Heat Stress),70,Extreme (Humid),6.1,15.9,ILO Labor Models (2019/2030); BMJ Global Health (2024),1800,,,
karachi,2023-07-29,Summer (May-Jul),28.93,0.78,0.52,0.57,2023,7,July,30.5,27.2,28.7,81.0,33.1,0.9,34.3,30.46,0.78,0.01,0.77,Surplus (Recharging),36.6,45.0,153.0,11.0,112736247.0,4500.0,90.7,70.6,22.4,74.4,159.0,367.0,19.0,13.0,1033.0,41.9,Pdma Sindh,Construction & Transit,2475,4.46,123.75,3311.55,K-Electric,1995,7,36.5,2.8,7.0,Elevated (Heat Stress),70,Extreme (Humid),6.1,15.9,ILO Labor Models (2019/2030); BMJ Global Health (2024),1800,,,
karachi,2023-07-30,Summer (May-Jul),29.33,0.23,0.51,0.56,2023,7,July,30.6,27.2,28.7,83.0,34.1,0.8,30.9,31.89,0.23,0.01,0.22,Surplus (Recharging),32.9,39.0,105.0,7.0,123575441.0,4500.0,90.7,70.6,22.4,74.4,159.0,367.0,19.0,13.0,1033.0,41.9,Pdma Sindh,Construction & Transit,2475,4.46,123.75,3311.55,K-Electric,1995,7,36.5,2.8,7.0,Elevated (Heat Stress),70,Extreme (Humid),6.1,15.9,ILO Labor Models (2019/2030); BMJ Global Health (2024),1800,,,
karachi,2023-07-31,Summer (May-Jul),29.22,0.03,0.51,0.56,2023,7,July,30.6,27.3,28.7,85.0,34.0,1.3,31.9,31.72,0.03,0.01,0.02,Surplus (Recharging),32.3,38.8,123.0,3.0,146050224.0,4500.0,90.7,70.6,22.4,74.4,159.0,367.0,19.0,13.0,1033.0,41.9,Pdma Sindh,Construction & Transit,2475,4.46,123.75,3311.55,K-Electric,1995,7,36.5,2.8,7.0,Elevated (Heat Stress),70,Extreme (Humid),6.1,15.9,ILO Labor Models (2019/2030); BMJ Global Health (2024),1800,,,
karachi,2023-12-01,Winter (Dec-Jan),23.64,0.0,0.29,0.46,2023,12,,,,,,,,,,,,,,,,,,,,,,,,,,,,,,,Construction & Transit,0,0.0,0.0,0.0,K-Electric,332,1,20.5,0.0,0.0,Baseline,65,Safe,0.0,0.0,ILO Labor Models (2019/2030); BMJ Global Health (2024),1800,,,
karachi,2023-12-02,Winter (Dec-Jan),22.82,0.0,0.28,0.46,2023,12,,,,,,,,,,,,,,,,,,,,,,,,,,,,,,,Construction & Transit,0,0.0,0.0,0.0,K-Electric,332,1,20.5,0.0,0.0,Baseline,65,Safe,0.0,0.0,ILO Labor Models (2019/2030); BMJ Global Health (2024),1800,,,
karachi,2023-12-03,Winter (Dec-Jan),22.88,0.0,0.27,0.46,2023,12,,,,,,,,,,,,,,,,,,,,,,,,,,,,,,,Construction & Transit,0,0.0,0.0,0.0,K-Electric,332,1,20.5,0.0,0.0,Baseline,65,Safe,0.0,0.0,ILO Labor Models (2019/2030); BMJ Global Health (2024),1800,,,
karachi,2023-12-04,Winter (Dec-Jan),23.07,0.0,0.26,0.46,2023,12,,,,,,,,,,,,,,,,,,,,,,,,,,,,,,,Construction & Transit,0,0.0,0.0,0.0,K-Electric,332,1,20.5,0.0,0.0,Baseline,65,Safe,0.0,0.0,ILO Labor Models (2019/2030); BMJ Global Health (2024),1800,,,
karachi,2023-12-05,Winter (Dec-Jan),22.75,0.0,0.25,0.46,2023,12,,,,,,,,,,,,,,,,,,,,,,,,,,,,,,,Construction & Transit,0,0.0,0.0,0.0,K-Electric,332,1,20.5,0.0,0.0,Baseline,65,Safe,0.0,0.0,ILO Labor Models (2019/2030); BMJ Global Health (2024),1800,,,
karachi,2023-12-06,Winter (Dec-Jan),21.89,0.0,0.24,0.46,2023,12,,,,,,,,,,,,,,,,,,,,,,,,,,,,,,,Construction & Transit,0,0.0,0.0,0.0,K-Electric,332,1,20.5,0.0,0.0,Baseline,65,Safe,0.0,0.0,ILO Labor Models (2019/2030); BMJ Global Health (2024),1800,,,
karachi,2023-12-07,Winter (Dec-Jan),21.8,0.0,0.23,0.46,2023,12,,,,,,,,,,,,,,,,,,,,,,,,,,,,,,,Construction & Transit,0,0.0,0.0,0.0,K-Electric,332,1,20.5,0.0,0.0,Baseline,65,Safe,0.0,0.0,ILO Labor Models (2019/2030); BMJ Global Health (2024),1800,,,
karachi,2023-12-08,Winter (Dec-Jan),21.66,0.0,0.23,0.46,2023,12,,,,,,,,,,,,,,,,,,,,,,,,,,,,,,,Construction & Transit,0,0.0,0.0,0.0,K-Electric,332,1,20.5,0.0,0.0,Baseline,65,Safe,0.0,0.0,ILO Labor Models (2019/2030); BMJ Global Health (2024),1800,,,
karachi,2023-12-09,Winter (Dec-Jan),22.92,0.0,0.22,0.46,2023,12,,,,,,,,,,,,,,,,,,,,,,,,,,,,,,,Construction & Transit,0,0.0,0.0,0.0,K-Electric,332,1,20.5,0.0,0.0,Baseline,65,Safe,0.0,0.0,ILO Labor Models (2019/2030); BMJ Global Health (2024),1800,,,
karachi,2023-12-10,Winter (Dec-Jan),22.27,0.0,0.22,0.46,2023,12,,,,,,,,,,,,,,,,,,,,,,,,,,,,,,,Construction & Transit,0,0.0,0.0,0.0,K-Electric,332,1,20.5,0.0,0.0,Baseline,65,Safe,0.0,0.0,ILO Labor Models (2019/2030); BMJ Global Health (2024),1800,,,
karachi,2023-12-11,Winter (Dec-Jan),22.07,0.0,0.22,0.46,2023,12,,,,,,,,,,,,,,,,,,,,,,,,,,,,,,,Construction & Transit,0,0.0,0.0,0.0,K-Electric,332,1,20.5,0.0,0.0,Baseline,65,Safe,0.0,0.0,ILO Labor Models (2019/2030); BMJ Global Health (2024),1800,,,
karachi,2023-12-12,Winter (Dec-Jan),22.86,0.0,0.22,0.46,2023,12,,,,,,,,,,,,,,,,,,,,,,,,,,,,,,,Construction & Transit,0,0.0,0.0,0.0,K-Electric,332,1,20.5,0.0,0.0,Baseline,65,Safe,0.0,0.0,ILO Labor Models (2019/2030); BMJ Global Health (2024),1800,,,
karachi,2023-12-13,Winter (Dec-Jan),22.24,0.0,0.21,0.46,2023,12,,,,,,,,,,,,,,,,,,,,,,,,,,,,,,,Construction & Transit,0,0.0,0.0,0.0,K-Electric,332,1,20.5,0.0,0.0,Baseline,65,Safe,0.0,0.0,ILO Labor Models (2019/2030); BMJ Global Health (2024),1800,,,
karachi,2023-12-14,Winter (Dec-Jan),21.87,0.0,0.21,0.46,2023,12,,,,,,,,,,,,,,,,,,,,,,,,,,,,,,,Construction & Transit,0,0.0,0.0,0.0,K-Electric,332,1,20.5,0.0,0.0,Baseline,65,Safe,0.0,0.0,ILO Labor Models (2019/2030); BMJ Global Health (2024),1800,,,
karachi,2023-12-15,Winter (Dec-Jan),21.7,0.0,0.2,0.46,2023,12,,,,,,,,,,,,,,,,,,,,,,,,,,,,,,,Construction & Transit,0,0.0,0.0,0.0,K-Electric,332,1,20.5,0.0,0.0,Baseline,65,Safe,0.0,0.0,ILO Labor Models (2019/2030); BMJ Global Health (2024),1800,,,
karachi,2023-12-16,Winter (Dec-Jan),22.56,0.01,0.2,0.46,2023,12,,,,,,,,,,,,,,,,,,,,,,,,,,,,,,,Construction & Transit,0,0.0,0.0,0.0,K-Electric,332,1,20.5,0.0,0.0,Baseline,65,Safe,0.0,0.0,ILO Labor Models (2019/2030); BMJ Global Health (2024),1800,,,
karachi,2023-12-17,Winter (Dec-Jan),21.63,0.0,0.2,0.46,2023,12,,,,,,,,,,,,,,,,,,,,,,,,,,,,,,,Construction & Transit,0,0.0,0.0,0.0,K-Electric,332,1,20.5,0.0,0.0,Baseline,65,Safe,0.0,0.0,ILO Labor Models (2019/2030); BMJ Global Health (2024),1800,,,
karachi,2023-12-18,Winter (Dec-Jan),20.52,0.0,0.2,0.46,2023,12,,,,,,,,,,,,,,,,,,,,,,,,,,,,,,,Construction & Transit,0,0.0,0.0,0.0,K-Electric,332,1,20.5,0.0,0.0,Baseline,65,Safe,0.0,0.0,ILO Labor Models (2019/2030); BMJ Global Health (2024),1800,,,
karachi,2023-12-19,Winter (Dec-Jan),20.61,0.0,0.19,0.46,2023,12,,,,,,,,,,,,,,,,,,,,,,,,,,,,,,,Construction & Transit,0,0.0,0.0,0.0,K-Electric,332,1,20.5,0.0,0.0,Baseline,65,Safe,0.0,0.0,ILO Labor Models (2019/2030); BMJ Global Health (2024),1800,,,
karachi,2023-12-20,Winter (Dec-Jan),21.17,0.0,0.19,0.46,2023,12,,,,,,,,,,,,,,,,,,,,,,,,,,,,,,,Construction & Transit,0,0.0,0.0,0.0,K-Electric,332,1,20.5,0.0,0.0,Baseline,65,Safe,0.0,0.0,ILO Labor Models (2019/2030); BMJ Global Health (2024),1800,,,
karachi,2023-12-21,Winter (Dec-Jan),22.08,0.0,0.19,0.46,2023,12,,,,,,,,,,,,,,,,,,,,,,,,,,,,,,,Construction & Transit,0,0.0,0.0,0.0,K-Electric,332,1,20.5,0.0,0.0,Baseline,65,Safe,0.0,0.0,ILO Labor Models (2019/2030); BMJ Global Health (2024),1800,,,
karachi,2023-12-22,Winter (Dec-Jan),22.45,0.0,0.18,0.46,2023,12,,,,,,,,,,,,,,,,,,,,,,,,,,,,,,,Construction & Transit,0,0.0,0.0,0.0,K-Electric,332,1,20.5,0.0,0.0,Baseline,65,Safe,0.0,0.0,ILO Labor Models (2019/2030); BMJ Global Health (2024),1800,,,
karachi,2023-12-23,Winter (Dec-Jan),21.92,0.0,0.18,0.46,2023,12,,,,,,,,,,,,,,,,,,,,,,,,,,,,,,,Construction & Transit,0,0.0,0.0,0.0,K-Electric,332,1,20.5,0.0,0.0,Baseline,65,Safe,0.0,0.0,ILO Labor Models (2019/2030); BMJ Global Health (2024),1800,,,
karachi,2023-12-24,Winter (Dec-Jan),21.44,0.0,0.18,0.46,2023,12,,,,,,,,,,,,,,,,,,,,,,,,,,,,,,,Construction & Transit,0,0.0,0.0,0.0,K-Electric,332,1,20.5,0.0,0.0,Baseline,65,Safe,0.0,0.0,ILO Labor Models (2019/2030); BMJ Global Health (2024),1800,,,
karachi,2023-12-25,Winter (Dec-Jan),21.4,0.0,0.17,0.46,2023,12,,,,,,,,,,,,,,,,,,,,,,,,,,,,,,,Construction & Transit,0,0.0,0.0,0.0,K-Electric,332,1,20.5,0.0,0.0,Baseline,65,Safe,0.0,0.0,ILO Labor Models (2019/2030); BMJ Global Health (2024),1800,,,
karachi,2023-12-26,Winter (Dec-Jan),21.19,0.0,0.17,0.46,2023,12,,,,,,,,,,,,,,,,,,,,,,,,,,,,,,,Construction & Transit,0,0.0,0.0,0.0,K-Electric,332,1,20.5,0.0,0.0,Baseline,65,Safe,0.0,0.0,ILO Labor Models (2019/2030); BMJ Global Health (2024),1800,,,
karachi,2023-12-27,Winter (Dec-Jan),21.74,0.0,0.17,0.46,2023,12,,,,,,,,,,,,,,,,,,,,,,,,,,,,,,,Construction & Transit,0,0.0,0.0,0.0,K-Electric,332,1,20.5,0.0,0.0,Baseline,65,Safe,0.0,0.0,ILO Labor Models (2019/2030); BMJ Global Health (2024),1800,,,
karachi,2023-12-28,Winter (Dec-Jan),21.44,0.0,0.17,0.46,2023,12,,,,,,,,,,,,,,,,,,,,,,,,,,,,,,,Construction & Transit,0,0.0,0.0,0.0,K-Electric,332,1,20.5,0.0,0.0,Baseline,65,Safe,0.0,0.0,ILO Labor Models (2019/2030); BMJ Global Health (2024),1800,,,
karachi,2023-12-29,Winter (Dec-Jan),21.86,0.0,0.17,0.46,2023,12,,,,,,,,,,,,,,,,,,,,,,,,,,,,,,,Construction & Transit,0,0.0,0.0,0.0,K-Electric,332,1,20.5,0.0,0.0,Baseline,65,Safe,0.0,0.0,ILO Labor Models (2019/2030); BMJ Global Health (2024),1800,,,
karachi,2023-12-30,Winter (Dec-Jan),21.77,0.0,0.17,0.46,2023,12,,,,,,,,,,,,,,,,,,,,,,,,,,,,,,,Construction & Transit,0,0.0,0.0,0.0,K-Electric,332,1,20.5,0.0,0.0,Baseline,65,Safe,0.0,0.0,ILO Labor Models (2019/2030); BMJ Global Health (2024),1800,,,
karachi,2023-12-31,Winter (Dec-Jan),21.49,0.0,0.16,0.46,2023,12,,,,,,,,,,,,,,,,,,,,,,,,,,,,,,,Construction & Transit,0,0.0,0.0,0.0,K-Electric,332,1,20.5,0.0,0.0,Baseline,65,Safe,0.0,0.0,ILO Labor Models (2019/2030); BMJ Global Health (2024),1800,,,
karachi,2024-01-01,Winter (Dec-Jan),21.44,0.0,0.16,0.46,2024,1,,,,,,,,,,,,,,,,,,,,,,,,,,,,,,,Construction & Transit,0,0.0,0.0,0.0,K-Electric,440,1,19.5,0.0,0.0,Baseline,65,Safe,0.0,0.0,ILO Labor Models (2019/2030); BMJ Global Health (2024),2200,,,
karachi,2024-01-02,Winter (Dec-Jan),20.82,0.01,0.16,0.46,2024,1,,,,,,,,,,,,,,,,,,,,,,,,,,,,,,,Construction & Transit,0,0.0,0.0,0.0,K-Electric,440,1,19.5,0.0,0.0,Baseline,65,Safe,0.0,0.0,ILO Labor Models (2019/2030); BMJ Global Health (2024),2200,,,
karachi,2024-01-03,Winter (Dec-Jan),21.42,0.02,0.16,0.46,2024,1,,,,,,,,,,,,,,,,,,,,,,,,,,,,,,,Construction & Transit,0,0.0,0.0,0.0,K-Electric,440,1,19.5,0.0,0.0,Baseline,65,Safe,0.0,0.0,ILO Labor Models (2019/2030); BMJ Global Health (2024),2200,,,
karachi,2024-01-04,Winter (Dec-Jan),20.11,0.02,0.16,0.46,2024,1,,,,,,,,,,,,,,,,,,,,,,,,,,,,,,,Construction & Transit,0,0.0,0.0,0.0,K-Electric,440,1,19.5,0.0,0.0,Baseline,65,Safe,0.0,0.0,ILO Labor Models (2019/2030); BMJ Global Health (2024),2200,,,
karachi,2024-01-05,Winter (Dec-Jan),19.79,0.07,0.16,0.46,2024,1,,,,,,,,,,,,,,,,,,,,,,,,,,,,,,,Construction & Transit,0,0.0,0.0,0.0,K-Electric,440,1,19.5,0.0,0.0,Baseline,65,Safe,0.0,0.0,ILO Labor Models (2019/2030); BMJ Global Health (2024),2200,,,
karachi,2024-01-06,Winter (Dec-Jan),20.15,0.01,0.16,0.46,2024,1,,,,,,,,,,,,,,,,,,,,,,,,,,,,,,,Construction & Transit,0,0.0,0.0,0.0,K-Electric,440,1,19.5,0.0,0.0,Baseline,65,Safe,0.0,0.0,ILO Labor Models (2019/2030); BMJ Global Health (2024),2200,,,
karachi,2024-01-07,Winter (Dec-Jan),19.96,0.0,0.16,0.46,2024,1,,,,,,,,,,,,,,,,,,,,,,,,,,,,,,,Construction & Transit,0,0.0,0.0,0.0,K-Electric,440,1,19.5,0.0,0.0,Baseline,65,Safe,0.0,0.0,ILO Labor Models (2019/2030); BMJ Global Health (2024),2200,,,
karachi,2024-01-08,Winter (Dec-Jan),20.24,0.24,0.17,0.46,2024,1,,,,,,,,,,,,,,,,,,,,,,,,,,,,,,,Construction & Transit,0,0.0,0.0,0.0,K-Electric,440,1,19.5,0.0,0.0,Baseline,65,Safe,0.0,0.0,ILO Labor Models (2019/2030); BMJ Global Health (2024),2200,,,
karachi,2024-01-09,Winter (Dec-Jan),18.82,0.0,0.17,0.46,2024,1,,,,,,,,,,,,,,,,,,,,,,,,,,,,,,,Construction & Transit,0,0.0,0.0,0.0,K-Electric,440,1,19.5,0.0,0.0,Baseline,65,Safe,0.0,0.0,ILO Labor Models (2019/2030); BMJ Global Health (2024),2200,,,
karachi,2024-01-10,Winter (Dec-Jan),17.53,2.88,0.29,0.46,2024,1,,,,,,,,,,,,,,,,,,,,,,,,,,,,,,,Construction & Transit,0,0.0,0.0,0.0,K-Electric,440,1,19.5,0.0,0.0,Baseline,65,Safe,0.0,0.0,ILO Labor Models (2019/2030); BMJ Global Health (2024),2200,,,
karachi,2024-01-11,Winter (Dec-Jan),18.53,0.0,0.28,0.46,2024,1,,,,,,,,,,,,,,,,,,,,,,,,,,,,,,,Construction & Transit,0,0.0,0.0,0.0,K-Electric,440,1,19.5,0.0,0.0,Baseline,65,Safe,0.0,0.0,ILO Labor Models (2019/2030); BMJ Global Health (2024),2200,,,
karachi,2024-01-12,Winter (Dec-Jan),19.05,0.0,0.27,0.46,2024,1,,,,,,,,,,,,,,,,,,,,,,,,,,,,,,,Construction & Transit,0,0.0,0.0,0.0,K-Electric,440,1,19.5,0.0,0.0,Baseline,65,Safe,0.0,0.0,ILO Labor Models (2019/2030); BMJ Global Health (2024),2200,,,
karachi,2024-01-13,Winter (Dec-Jan),18.99,0.0,0.26,0.46,2024,1,,,,,,,,,,,,,,,,,,,,,,,,,,,,,,,Construction & Transit,0,0.0,0.0,0.0,K-Electric,440,1,19.5,0.0,0.0,Baseline,65,Safe,0.0,0.0,ILO Labor Models (2019/2030); BMJ Global Health (2024),2200,,,
karachi,2024-01-14,Winter (Dec-Jan),20.65,0.03,0.26,0.46,2024,1,,,,,,,,,,,,,,,,,,,,,,,,,,,,,,,Construction & Transit,0,0.0,0.0,0.0,K-Electric,440,1,19.5,0.0,0.0,Baseline,65,Safe,0.0,0.0,ILO Labor Models (2019/2030); BMJ Global Health (2024),2200,,,
karachi,2024-01-15,Winter (Dec-Jan),20.56,0.03,0.26,0.46,2024,1,,,,,,,,,,,,,,,,,,,,,,,,,,,,,,,Construction & Transit,0,0.0,0.0,0.0,K-Electric,440,1,19.5,0.0,0.0,Baseline,65,Safe,0.0,0.0,ILO Labor Models (2019/2030); BMJ Global Health (2024),2200,,,
karachi,2024-01-16,Winter (Dec-Jan),21.56,0.03,0.25,0.46,2024,1,,,,,,,,,,,,,,,,,,,,,,,,,,,,,,,Construction & Transit,0,0.0,0.0,0.0,K-Electric,440,1,19.5,0.0,0.0,Baseline,65,Safe,0.0,0.0,ILO Labor Models (2019/2030); BMJ Global Health (2024),2200,,,
karachi,2024-01-17,Winter (Dec-Jan),21.88,0.0,0.25,0.46,2024,1,,,,,,,,,,,,,,,,,,,,,,,,,,,,,,,Construction & Transit,0,0.0,0.0,0.0,K-Electric,440,1,19.5,0.0,0.0,Baseline,65,Safe,0.0,0.0,ILO Labor Models (2019/2030); BMJ Global Health (2024),2200,,,
karachi,2024-01-18,Winter (Dec-Jan),21.52,0.0,0.24,0.46,2024,1,,,,,,,,,,,,,,,,,,,,,,,,,,,,,,,Construction & Transit,0,0.0,0.0,0.0,K-Electric,440,1,19.5,0.0,0.0,Baseline,65,Safe,0.0,0.0,ILO Labor Models (2019/2030); BMJ Global Health (2024),2200,,,
karachi,2024-01-19,Winter (Dec-Jan),21.29,0.0,0.23,0.46,2024,1,,,,,,,,,,,,,,,,,,,,,,,,,,,,,,,Construction & Transit,0,0.0,0.0,0.0,K-Electric,440,1,19.5,0.0,0.0,Baseline,65,Safe,0.0,0.0,ILO Labor Models (2019/2030); BMJ Global Health (2024),2200,,,
karachi,2024-01-20,Winter (Dec-Jan),21.78,0.0,0.23,0.46,2024,1,,,,,,,,,,,,,,,,,,,,,,,,,,,,,,,Construction & Transit,0,0.0,0.0,0.0,K-Electric,440,1,19.5,0.0,0.0,Baseline,65,Safe,0.0,0.0,ILO Labor Models (2019/2030); BMJ Global Health (2024),2200,,,
karachi,2024-01-21,Winter (Dec-Jan),21.62,0.0,0.23,0.46,2024,1,,,,,,,,,,,,,,,,,,,,,,,,,,,,,,,Construction & Transit,0,0.0,0.0,0.0,K-Electric,440,1,19.5,0.0,0.0,Baseline,65,Safe,0.0,0.0,ILO Labor Models (2019/2030); BMJ Global Health (2024),2200,,,
karachi,2024-01-22,Winter (Dec-Jan),21.19,0.0,0.23,0.46,2024,1,,,,,,,,,,,,,,,,,,,,,,,,,,,,,,,Construction & Transit,0,0.0,0.0,0.0,K-Electric,440,1,19.5,0.0,0.0,Baseline,65,Safe,0.0,0.0,ILO Labor Models (2019/2030); BMJ Global Health (2024),2200,,,
karachi,2024-01-23,Winter (Dec-Jan),21.27,0.0,0.22,0.46,2024,1,,,,,,,,,,,,,,,,,,,,,,,,,,,,,,,Construction & Transit,0,0.0,0.0,0.0,K-Electric,440,1,19.5,0.0,0.0,Baseline,65,Safe,0.0,0.0,ILO Labor Models (2019/2030); BMJ Global Health (2024),2200,,,
karachi,2024-01-24,Winter (Dec-Jan),19.93,0.0,0.22,0.46,2024,1,,,,,,,,,,,,,,,,,,,,,,,,,,,,,,,Construction & Transit,0,0.0,0.0,0.0,K-Electric,440,1,19.5,0.0,0.0,Baseline,65,Safe,0.0,0.0,ILO Labor Models (2019/2030); BMJ Global Health (2024),2200,,,
karachi,2024-01-25,Winter (Dec-Jan),19.87,0.0,0.21,0.46,2024,1,,,,,,,,,,,,,,,,,,,,,,,,,,,,,,,Construction & Transit,0,0.0,0.0,0.0,K-Electric,440,1,19.5,0.0,0.0,Baseline,65,Safe,0.0,0.0,ILO Labor Models (2019/2030); BMJ Global Health (2024),2200,,,
karachi,2024-01-26,Winter (Dec-Jan),20.64,0.02,0.21,0.46,2024,1,,,,,,,,,,,,,,,,,,,,,,,,,,,,,,,Construction & Transit,0,0.0,0.0,0.0,K-Electric,440,1,19.5,0.0,0.0,Baseline,65,Safe,0.0,0.0,ILO Labor Models (2019/2030); BMJ Global Health (2024),2200,,,
karachi,2024-01-27,Winter (Dec-Jan),21.05,0.0,0.21,0.46,2024,1,,,,,,,,,,,,,,,,,,,,,,,,,,,,,,,Construction & Transit,0,0.0,0.0,0.0,K-Electric,440,1,19.5,0.0,0.0,Baseline,65,Safe,0.0,0.0,ILO Labor Models (2019/2030); BMJ Global Health (2024),2200,,,
karachi,2024-01-28,Winter (Dec-Jan),20.52,0.02,0.21,0.46,2024,1,,,,,,,,,,,,,,,,,,,,,,,,,,,,,,,Construction & Transit,0,0.0,0.0,0.0,K-Electric,440,1,19.5,0.0,0.0,Baseline,65,Safe,0.0,0.0,ILO Labor Models (2019/2030); BMJ Global Health (2024),2200,,,
karachi,2024-01-29,Winter (Dec-Jan),22.83,0.22,0.21,0.46,2024,1,,,,,,,,,,,,,,,,,,,,,,,,,,,,,,,Construction & Transit,0,0.0,0.0,0.0,K-Electric,440,1,19.5,0.0,0.0,Baseline,65,Safe,0.0,0.0,ILO Labor Models (2019/2030); BMJ Global Health (2024),2200,,,
karachi,2024-01-30,Winter (Dec-Jan),22.21,0.97,0.22,0.46,2024,1,,,,,,,,,,,,,,,,,,,,,,,,,,,,,,,Construction & Transit,0,0.0,0.0,0.0,K-Electric,440,1,19.5,0.0,0.0,Baseline,65,Safe,0.0,0.0,ILO Labor Models (2019/2030); BMJ Global Health (2024),2200,,,
karachi,2024-01-31,Winter (Dec-Jan),22.39,0.7,0.28,0.46,2024,1,,,,,,,,,,,,,,,,,,,,,,,,,,,,,,,Construction & Transit,0,0.0,0.0,0.0,K-Electric,440,1,19.5,0.0,0.0,Baseline,65,Safe,0.0,0.0,ILO Labor Models (2019/2030); BMJ Global Health (2024),2200,,,
karachi,2024-05-01,Summer (May-Jul),28.56,0.0,0.22,0.46,2024,5,,,,,,,,,34.87,0.0,0.0,0.0,Surplus (Recharging),,,,,,,,,,,,,,,,,,Construction & Transit,2700,4.86,135.0,3936.6,K-Electric,1980,7,39.0,3.62,9.1,Critical (High Er Visits),30,Extreme,5.2,13.5,ILO Labor Models (2019/2030); BMJ Global Health (2024),2200,,,
karachi,2024-05-02,Summer (May-Jul),28.81,0.0,0.21,0.46,2024,5,,,,,,,,,35.02,0.0,0.0,0.0,Surplus (Recharging),,,,,,,,,,,,,,,,,,Construction & Transit,2700,4.86,135.0,3936.6,K-Electric,1980,7,39.0,3.62,9.1,Critical (High Er Visits),30,Extreme,5.2,13.5,ILO Labor Models (2019/2030); BMJ Global Health (2024),2200,,,
karachi,2024-05-03,Summer (May-Jul),28.04,0.54,0.22,0.46,2024,5,,,,,,,,,32.23,0.54,0.0,0.54,Surplus (Recharging),,,,,,,,,,,,,,,,,,Construction & Transit,2700,4.86,135.0,3936.6,K-Electric,1980,7,39.0,3.62,9.1,Critical (High Er Visits),30,Extreme,5.2,13.5,ILO Labor Models (2019/2030); BMJ Global Health (2024),2200,,,
karachi,2024-05-04,Summer (May-Jul),28.72,0.21,0.23,0.46,2024,5,,,,,,,,,33.14,0.21,0.0,0.21,Surplus (Recharging),,,,,,,,,,,,,,,,,,Construction & Transit,2700,4.86,135.0,3936.6,K-Electric,1980,7,39.0,3.62,9.1,Critical (High Er Visits),30,Extreme,5.2,13.5,ILO Labor Models (2019/2030); BMJ Global Health (2024),2200,,,
karachi,2024-05-05,Summer (May-Jul),28.8,0.24,0.23,0.46,2024,5,,,,,,,,,33.42,0.24,0.0,0.24,Surplus (Recharging),,,,,,,,,,,,,,,,,,Construction & Transit,2700,4.86,135.0,3936.6,K-Electric,1980,7,39.0,3.62,9.1,Critical (High Er Visits),30,Extreme,5.2,13.5,ILO Labor Models (2019/2030); BMJ Global Health (2024),2200,,,
karachi,2024-05-06,Summer (May-Jul),29.77,0.02,0.23,0.46,2024,5,,,,,,,,,35.42,0.02,0.0,0.02,Surplus (Recharging),,,,,,,,,,,,,,,,,,Construction & Transit,2700,4.86,135.0,3936.6,K-Electric,1980,7,39.0,3.62,9.1,Critical (High Er Visits),30,Extreme,5.2,13.5,ILO Labor Models (2019/2030); BMJ Global Health (2024),2200,,,
karachi,2024-05-07,Summer (May-Jul),30.09,0.0,0.22,0.46,2024,5,,,,,,,,,35.65,0.0,0.0,0.0,Surplus (Recharging),,,,,,,,,,,,,,,,,,Construction & Transit,2700,4.86,135.0,3936.6,K-Electric,1980,7,39.0,3.62,9.1,Critical (High Er Visits),30,Extreme,5.2,13.5,ILO Labor Models (2019/2030); BMJ Global Health (2024),2200,,,
karachi,2024-05-08,Summer (May-Jul),30.0,0.0,0.21,0.46,2024,5,,,,,,,,,35.53,0.0,0.0,0.0,Surplus (Recharging),,,,,,,,,,,,,,,,,,Construction & Transit,2700,4.86,135.0,3936.6,K-Electric,1980,7,39.0,3.62,9.1,Critical (High Er Visits),30,Extreme,5.2,13.5,ILO Labor Models (2019/2030); BMJ Global Health (2024),2200,,,
karachi,2024-05-09,Summer (May-Jul),30.04,0.0,0.21,0.46,2024,5,,,,,,,,,35.57,0.0,0.0,0.0,Surplus (Recharging),,,,,,,,,,,,,,,,,,Construction & Transit,2700,4.86,135.0,3936.6,K-Electric,1980,7,39.0,3.62,9.1,Critical (High Er Visits),30,Extreme,5.2,13.5,ILO Labor Models (2019/2030); BMJ Global Health (2024),2200,,,
karachi,2024-05-10,Summer (May-Jul),29.19,0.0,0.2,0.46,2024,5,,,,,,,,,33.73,0.0,0.0,0.0,Surplus (Recharging),,,,,,,,,,,,,,,,,,Construction & Transit,2700,4.86,135.0,3936.6,K-Electric,1980,7,39.0,3.62,9.1,Critical (High Er Visits),30,Extreme,5.2,13.5,ILO Labor Models (2019/2030); BMJ Global Health (2024),2200,,,
karachi,2024-05-11,Summer (May-Jul),29.43,0.08,0.2,0.46,2024,5,,,,,,,,,33.51,0.08,0.0,0.08,Surplus (Recharging),,,,,,,,,,,,,,,,,,Construction & Transit,2700,4.86,135.0,3936.6,K-Electric,1980,7,39.0,3.62,9.1,Critical (High Er Visits),30,Extreme,5.2,13.5,ILO Labor Models (2019/2030); BMJ Global Health (2024),2200,,,
karachi,2024-05-12,Summer (May-Jul),29.95,0.17,0.2,0.46,2024,5,,,,,,,,,34.84,0.17,0.0,0.17,Surplus (Recharging),,,,,,,,,,,,,,,,,,Construction & Transit,2700,4.86,135.0,3936.6,K-Electric,1980,7,39.0,3.62,9.1,Critical (High Er Visits),30,Extreme,5.2,13.5,ILO Labor Models (2019/2030); BMJ Global Health (2024),2200,,,
karachi,2024-05-13,Summer (May-Jul),30.09,0.38,0.2,0.46,2024,5,,,,,,,,,35.44,0.38,0.0,0.38,Surplus (Recharging),,,,,,,,,,,,,,,,,,Construction & Transit,2700,4.86,135.0,3936.6,K-Electric,1980,7,39.0,3.62,9.1,Critical (High Er Visits),30,Extreme,5.2,13.5,ILO Labor Models (2019/2030); BMJ Global Health (2024),2200,,,
karachi,2024-05-14,Summer (May-Jul),29.59,0.52,0.22,0.46,2024,5,,,,,,,,,34.31,0.52,0.0,0.52,Surplus (Recharging),,,,,,,,,,,,,,,,,,Construction & Transit,2700,4.86,135.0,3936.6,K-Electric,1980,7,39.0,3.62,9.1,Critical (High Er Visits),30,Extreme,5.2,13.5,ILO Labor Models (2019/2030); BMJ Global Health (2024),2200,,,
karachi,2024-05-15,Summer (May-Jul),30.22,0.05,0.22,0.46,2024,5,,,,,,,,,35.23,0.05,0.0,0.05,Surplus (Recharging),,,,,,,,,,,,,,,,,,Construction & Transit,2700,4.86,135.0,3936.6,K-Electric,1980,7,39.0,3.62,9.1,Critical (High Er Visits),30,Extreme,5.2,13.5,ILO Labor Models (2019/2030); BMJ Global Health (2024),2200,,,
karachi,2024-05-16,Summer (May-Jul),30.5,5.55,0.3,0.47,2024,5,,,,,,,,,35.76,5.55,0.0,5.55,Surplus (Recharging),,,,,,,,,,,,,,,,,,Construction & Transit,2700,4.86,135.0,3936.6,K-Electric,1980,7,39.0,3.62,9.1,Critical (High Er Visits),30,Extreme,5.2,13.5,ILO Labor Models (2019/2030); BMJ Global Health (2024),2200,,,
karachi,2024-05-17,Summer (May-Jul),31.04,1.44,0.31,0.47,2024,5,,,,,,,,,36.3,1.44,0.0,1.44,Surplus (Recharging),,,,,,,,,,,,,,,,,,Construction & Transit,2700,4.86,135.0,3936.6,K-Electric,1980,7,39.0,3.62,9.1,Critical (High Er Visits),30,Extreme,5.2,13.5,ILO Labor Models (2019/2030); BMJ Global Health (2024),2200,,,
karachi,2024-05-18,Summer (May-Jul),31.02,0.22,0.29,0.47,2024,5,,,,,,,,,36.13,0.22,0.0,0.22,Surplus (Recharging),,,,,,,,,,,,,,,,,,Construction & Transit,2700,4.86,135.0,3936.6,K-Electric,1980,7,39.0,3.62,9.1,Critical (High Er Visits),30,Extreme,5.2,13.5,ILO Labor Models (2019/2030); BMJ Global Health (2024),2200,,,
karachi,2024-05-19,Summer (May-Jul),29.86,2.66,0.31,0.47,2024,5,,,,,,,,,34.2,2.66,0.0,2.66,Surplus (Recharging),,,,,,,,,,,,,,,,,,Construction & Transit,2700,4.86,135.0,3936.6,K-Electric,1980,7,39.0,3.62,9.1,Critical (High Er Visits),30,Extreme,5.2,13.5,ILO Labor Models (2019/2030); BMJ Global Health (2024),2200,,,
karachi,2024-05-20,Summer (May-Jul),30.59,25.05,0.41,0.5,2024,5,,,,,,,,,34.15,25.05,0.0,25.05,Surplus (Recharging),,,,,,,,,,,,,,,,,,Construction & Transit,2700,4.86,135.0,3936.6,K-Electric,1980,7,39.0,3.62,9.1,Critical (High Er Visits),30,Extreme,5.2,13.5,ILO Labor Models (2019/2030); BMJ Global Health (2024),2200,,,
karachi,2024-05-21,Summer (May-Jul),32.08,4.78,0.36,0.52,2024,5,,,,,,,,,38.29,4.78,0.01,4.77,Surplus (Recharging),,,,,,,,,,,,,,,,,,Construction & Transit,2700,4.86,135.0,3936.6,K-Electric,1980,7,39.0,3.62,9.1,Critical (High Er Visits),30,Extreme,5.2,13.5,ILO Labor Models (2019/2030); BMJ Global Health (2024),2200,,,
karachi,2024-05-22,Summer (May-Jul),31.87,0.0,0.32,0.52,2024,5,,,,,,,,,37.21,0.0,0.01,-0.01,Severe Deficit (Water Loss),,,,,,,,,,,,,,,,,,Construction & Transit,2700,4.86,135.0,3936.6,K-Electric,1980,7,39.0,3.62,9.1,Critical (High Er Visits),30,Extreme,5.2,13.5,ILO Labor Models (2019/2030); BMJ Global Health (2024),2200,,,
karachi,2024-05-23,Summer (May-Jul),31.48,0.0,0.32,0.51,2024,5,,,,,,,,,36.85,0.0,0.01,-0.01,Severe Deficit (Water Loss),,,,,,,,,,,,,,,,,,Construction & Transit,2700,4.86,135.0,3936.6,K-Electric,1980,7,39.0,3.62,9.1,Critical (High Er Visits),30,Extreme,5.2,13.5,ILO Labor Models (2019/2030); BMJ Global Health (2024),2200,,,
karachi,2024-05-24,Summer (May-Jul),31.29,0.0,0.31,0.51,2024,5,,,,,,,,,36.06,0.0,0.01,-0.01,Severe Deficit (Water Loss),,,,,,,,,,,,,,,,,,Construction & Transit,2700,4.86,135.0,3936.6,K-Electric,1980,7,39.0,3.62,9.1,Critical (High Er Visits),30,Extreme,5.2,13.5,ILO Labor Models (2019/2030); BMJ Global Health (2024),2200,,,
karachi,2024-05-25,Summer (May-Jul),31.16,0.0,0.31,0.51,2024,5,,,,,,,,,35.68,0.0,0.01,-0.01,Severe Deficit (Water Loss),,,,,,,,,,,,,,,,,,Construction & Transit,2700,4.86,135.0,3936.6,K-Electric,1980,7,39.0,3.62,9.1,Critical (High Er Visits),30,Extreme,5.2,13.5,ILO Labor Models (2019/2030); BMJ Global Health (2024),2200,,,
karachi,2024-05-26,Summer (May-Jul),30.56,0.0,0.31,0.51,2024,5,,,,,,,,,33.95,0.0,0.01,-0.01,Severe Deficit (Water Loss),,,,,,,,,,,,,,,,,,Construction & Transit,2700,4.86,135.0,3936.6,K-Electric,1980,7,39.0,3.62,9.1,Critical (High Er Visits),30,Extreme,5.2,13.5,ILO Labor Models (2019/2030); BMJ Global Health (2024),2200,,,
karachi,2024-05-27,Summer (May-Jul),30.84,0.0,0.31,0.51,2024,5,,,,,,,,,35.0,0.0,0.02,-0.02,Severe Deficit (Water Loss),,,,,,,,,,,,,,,,,,Construction & Transit,2700,4.86,135.0,3936.6,K-Electric,1980,7,39.0,3.62,9.1,Critical (High Er Visits),30,Extreme,5.2,13.5,ILO Labor Models (2019/2030); BMJ Global Health (2024),2200,,,
karachi,2024-05-28,Summer (May-Jul),30.7,0.0,0.3,0.51,2024,5,,,,,,,,,34.64,0.0,0.01,-0.01,Severe Deficit (Water Loss),,,,,,,,,,,,,,,,,,Construction & Transit,2700,4.86,135.0,3936.6,K-Electric,1980,7,39.0,3.62,9.1,Critical (High Er Visits),30,Extreme,5.2,13.5,ILO Labor Models (2019/2030); BMJ Global Health (2024),2200,,,
karachi,2024-05-29,Summer (May-Jul),31.9,0.0,0.3,0.51,2024,5,,,,,,,,,38.05,0.0,0.01,-0.01,Severe Deficit (Water Loss),,,,,,,,,,,,,,,,,,Construction & Transit,2700,4.86,135.0,3936.6,K-Electric,1980,7,39.0,3.62,9.1,Critical (High Er Visits),30,Extreme,5.2,13.5,ILO Labor Models (2019/2030); BMJ Global Health (2024),2200,,,
karachi,2024-05-30,Summer (May-Jul),32.07,0.0,0.29,0.5,2024,5,,,,,,,,,39.37,0.0,0.01,-0.01,Severe Deficit (Water Loss),,,,,,,,,,,,,,,,,,Construction & Transit,2700,4.86,135.0,3936.6,K-Electric,1980,7,39.0,3.62,9.1,Critical (High Er Visits),30,Extreme,5.2,13.5,ILO Labor Models (2019/2030); BMJ Global Health (2024),2200,,,
karachi,2024-05-31,Summer (May-Jul),31.01,0.0,0.29,0.5,2024,5,,,,,,,,,35.71,0.0,0.01,-0.01,Severe Deficit (Water Loss),,,,,,,,,,,,,,,,,,Construction & Transit,2700,4.86,135.0,3936.6,K-Electric,1980,7,39.0,3.62,9.1,Critical (High Er Visits),30,Extreme,5.2,13.5,ILO Labor Models (2019/2030); BMJ Global Health (2024),2200,,,
karachi,2024-06-01,Summer (May-Jul),30.79,0.0,0.29,0.5,2024,6,June,38.2,27.9,31.9,68.0,40.5,0.0,25.5,35.2,0.0,0.01,-0.01,Severe Deficit (Water Loss),38.2,46.1,152.0,13.0,115288869.0,4536.0,91.4,71.4,21.7,75.0,157.0,433.0,20.0,15.0,1167.0,43.2,Pdma Sindh,Construction & Transit,4500,8.1,225.0,10935.0,K-Electric,2640,9,40.5,4.13,10.3,Critical (High Er Visits),40,Extreme,6.8,17.8,ILO Labor Models (2019/2030); BMJ Global Health (2024),2200,,,
karachi,2024-06-02,Summer (May-Jul),30.16,0.0,0.29,0.5,2024,6,June,33.4,28.1,30.5,78.0,38.6,0.0,25.4,33.78,0.0,0.0,0.0,Surplus (Recharging),36.4,42.8,143.0,3.0,134097185.0,4536.0,91.4,71.4,21.7,75.0,157.0,433.0,20.0,15.0,1167.0,43.2,Pdma Sindh,Construction & Transit,4500,8.1,225.0,10935.0,K-Electric,2640,9,40.5,4.13,10.3,Critical (High Er Visits),40,Extreme,6.8,17.8,ILO Labor Models (2019/2030); BMJ Global Health (2024),2200,,,
karachi,2024-06-03,Summer (May-Jul),30.4,0.0,0.29,0.5,2024,6,June,32.8,27.9,30.0,74.0,36.7,0.0,27.5,33.78,0.0,0.01,-0.01,Severe Deficit (Water Loss),38.8,43.6,142.0,7.0,123271698.0,4536.0,91.4,71.4,21.7,75.0,157.0,433.0,20.0,15.0,1167.0,43.2,Pdma Sindh,Construction & Transit,4500,8.1,225.0,10935.0,K-Electric,2640,9,40.5,4.13,10.3,Critical (High Er Visits),40,Extreme,6.8,17.8,ILO Labor Models (2019/2030); BMJ Global Health (2024),2200,,,
karachi,2024-06-04,Summer (May-Jul),30.5,0.0,0.29,0.5,2024,6,June,32.7,27.8,30.0,72.0,34.7,0.0,32.7,33.23,0.0,0.01,-0.01,Severe Deficit (Water Loss),38.2,43.5,140.0,6.0,131961691.0,4536.0,91.4,71.4,21.7,75.0,157.0,433.0,20.0,15.0,1167.0,43.2,Pdma Sindh,Construction & Transit,4500,8.1,225.0,10935.0,K-Electric,2640,9,40.5,4.13,10.3,Critical (High Er Visits),40,Extreme,6.8,17.8,ILO Labor Models (2019/2030); BMJ Global Health (2024),2200,,,
karachi,2024-06-05,Summer (May-Jul),30.3,0.07,0.29,0.49,2024,6,June,32.6,28.1,30.2,71.0,33.8,0.0,34.0,32.7,0.07,0.0,0.07,Surplus (Recharging),36.8,42.2,109.0,5.0,153181047.0,4536.0,91.4,71.4,21.7,75.0,157.0,433.0,20.0,15.0,1167.0,43.2,Pdma Sindh,Construction & Transit,4500,8.1,225.0,10935.0,K-Electric,2640,9,40.5,4.13,10.3,Critical (High Er Visits),40,Extreme,6.8,17.8,ILO Labor Models (2019/2030); BMJ Global Health (2024),2200,,,
karachi,2024-06-06,Summer (May-Jul),30.57,0.64,0.29,0.49,2024,6,June,33.0,28.4,30.4,74.0,35.4,0.6,30.9,33.68,0.64,0.01,0.63,Surplus (Recharging),34.9,40.7,117.0,5.0,132239219.0,4536.0,91.4,71.4,21.7,75.0,157.0,433.0,20.0,15.0,1167.0,43.2,Pdma Sindh,Construction & Transit,4500,8.1,225.0,10935.0,K-Electric,2640,9,40.5,4.13,10.3,Critical (High Er Visits),40,Extreme,6.8,17.8,ILO Labor Models (2019/2030); BMJ Global Health (2024),2200,,,
karachi,2024-06-07,Summer (May-Jul),30.5,0.76,0.32,0.49,2024,6,June,33.3,27.8,30.5,73.0,37.4,0.0,31.1,33.53,0.76,0.01,0.75,Surplus (Recharging),33.2,39.1,133.0,3.0,142359804.0,4536.0,91.4,71.4,21.7,75.0,157.0,433.0,20.0,15.0,1167.0,43.2,Pdma Sindh,Construction & Transit,4500,8.1,225.0,10935.0,K-Electric,2640,9,40.5,4.13,10.3,Critical (High Er Visits),40,Extreme,6.8,17.8,ILO Labor Models (2019/2030); BMJ Global Health (2024),2200,,,
karachi,2024-06-08,Summer (May-Jul),30.66,0.11,0.32,0.49,2024,6,June,33.5,28.0,30.4,74.0,36.8,0.0,32.1,34.23,0.11,0.01,0.1,Surplus (Recharging),35.9,43.5,117.0,3.0,143516442.0,4536.0,91.4,71.4,21.7,75.0,157.0,433.0,20.0,15.0,1167.0,43.2,Pdma Sindh,Construction & Transit,4500,8.1,225.0,10935.0,K-Electric,2640,9,40.5,4.13,10.3,Critical (High Er Visits),40,Extreme,6.8,17.8,ILO Labor Models (2019/2030); BMJ Global Health (2024),2200,,,
karachi,2024-06-09,Summer (May-Jul),30.82,0.12,0.31,0.49,2024,6,June,33.5,28.0,30.4,75.0,36.3,0.0,30.5,34.15,0.12,0.01,0.11,Surplus (Recharging),39.1,44.7,139.0,10.0,113689736.0,4536.0,91.4,71.4,21.7,75.0,157.0,433.0,20.0,15.0,1167.0,43.2,Pdma Sindh,Construction & Transit,4500,8.1,225.0,10935.0,K-Electric,2640,9,40.5,4.13,10.3,Critical (High Er Visits),40,Extreme,6.8,17.8,ILO Labor Models (2019/2030); BMJ Global Health (2024),2200,,,
karachi,2024-06-10,Summer (May-Jul),31.1,0.02,0.31,0.49,2024,6,June,33.3,27.8,30.4,76.0,36.9,0.0,32.3,34.99,0.02,0.01,0.01,Surplus (Recharging),37.5,43.6,151.0,7.0,114871675.0,4536.0,91.4,71.4,21.7,75.0,157.0,433.0,20.0,15.0,1167.0,43.2,Pdma Sindh,Construction & Transit,4500,8.1,225.0,10935.0,K-Electric,2640,9,40.5,4.13,10.3,Critical (High Er Visits),40,Extreme,6.8,17.8,ILO Labor Models (2019/2030); BMJ Global Health (2024),2200,,,
karachi,2024-06-11,Summer (May-Jul),30.44,0.0,0.3,0.49,2024,6,June,33.3,28.2,30.5,73.0,35.9,0.0,33.1,33.52,0.0,0.01,-0.01,Severe Deficit (Water Loss),33.9,40.7,125.0,4.0,129733592.0,4536.0,91.4,71.4,21.7,75.0,157.0,433.0,20.0,15.0,1167.0,43.2,Pdma Sindh,Construction & Transit,4500,8.1,225.0,10935.0,K-Electric,2640,9,40.5,4.13,10.3,Critical (High Er Visits),40,Extreme,6.8,17.8,ILO Labor Models (2019/2030); BMJ Global Health (2024),2200,,,
karachi,2024-06-12,Summer (May-Jul),30.32,0.0,0.3,0.49,2024,6,June,33.4,28.5,30.7,71.0,35.5,0.0,33.0,32.99,0.0,0.0,0.0,Surplus (Recharging),37.4,43.1,151.0,7.0,134970773.0,4536.0,91.4,71.4,21.7,75.0,157.0,433.0,20.0,15.0,1167.0,43.2,Pdma Sindh,Construction & Transit,4500,8.1,225.0,10935.0,K-Electric,2640,9,40.5,4.13,10.3,Critical (High Er Visits),40,Extreme,6.8,17.8,ILO Labor Models (2019/2030); BMJ Global Health (2024),2200,,,
karachi,2024-06-13,Summer (May-Jul),30.5,0.0,0.3,0.49,2024,6,June,33.2,28.9,30.9,71.0,36.0,0.3,31.1,33.25,0.0,0.0,0.0,Surplus (Recharging),38.0,45.8,127.0,14.0,115873310.0,4536.0,91.4,71.4,21.7,75.0,157.0,433.0,20.0,15.0,1167.0,43.2,Pdma Sindh,Construction & Transit,4500,8.1,225.0,10935.0,K-Electric,2640,9,40.5,4.13,10.3,Critical (High Er Visits),40,Extreme,6.8,17.8,ILO Labor Models (2019/2030); BMJ Global Health (2024),2200,,,
karachi,2024-06-14,Summer (May-Jul),30.8,0.0,0.3,0.48,2024,6,June,33.5,28.9,30.9,73.0,37.1,0.4,29.8,33.35,0.0,0.0,0.0,Surplus (Recharging),34.8,41.4,163.0,6.0,142024065.0,4536.0,91.4,71.4,21.7,75.0,157.0,433.0,20.0,15.0,1167.0,43.2,Pdma Sindh,Construction & Transit,4500,8.1,225.0,10935.0,K-Electric,2640,9,40.5,4.13,10.3,Critical (High Er Visits),40,Extreme,6.8,17.8,ILO Labor Models (2019/2030); BMJ Global Health (2024),2200,,,
karachi,2024-06-15,Summer (May-Jul),31.06,0.01,0.29,0.48,2024,6,June,33.6,29.0,31.0,74.0,39.0,0.4,22.5,33.84,0.01,0.0,0.01,Surplus (Recharging),37.4,42.7,122.0,3.0,143467498.0,4536.0,91.4,71.4,21.7,75.0,157.0,433.0,20.0,15.0,1167.0,43.2,Pdma Sindh,Construction & Transit,4500,8.1,225.0,10935.0,K-Electric,2640,9,40.5,4.13,10.3,Critical (High Er Visits),40,Extreme,6.8,17.8,ILO Labor Models (2019/2030); BMJ Global Health (2024),2200,,,
karachi,2024-06-16,Summer (May-Jul),31.2,0.01,0.29,0.48,2024,6,June,34.2,28.8,31.0,74.0,38.3,0.1,28.2,34.32,0.01,0.0,0.01,Surplus (Recharging),37.1,44.3,141.0,14.0,113904507.0,4536.0,91.4,71.4,21.7,75.0,157.0,433.0,20.0,15.0,1167.0,43.2,Pdma Sindh,Construction & Transit,4500,8.1,225.0,10935.0,K-Electric,2640,9,40.5,4.13,10.3,Critical (High Er Visits),40,Extreme,6.8,17.8,ILO Labor Models (2019/2030); BMJ Global Health (2024),2200,,,
karachi,2024-06-17,Summer (May-Jul),31.28,0.01,0.28,0.48,2024,6,June,33.2,29.1,30.9,71.0,37.4,0.5,25.2,34.27,0.01,0.0,0.01,Surplus (Recharging),34.1,40.5,118.0,7.0,126459877.0,4536.0,91.4,71.4,21.7,75.0,157.0,433.0,20.0,15.0,1167.0,43.2,Pdma Sindh,Construction & Transit,4500,8.1,225.0,10935.0,K-Electric,2640,9,40.5,4.13,10.3,Critical (High Er Visits),40,Extreme,6.8,17.8,ILO Labor Models (2019/2030); BMJ Global Health (2024),2200,,,
karachi,2024-06-18,Summer (May-Jul),31.37,0.0,0.28,0.48,2024,6,June,33.5,29.5,31.2,70.0,36.8,0.7,28.1,34.31,0.0,0.0,0.0,Surplus (Recharging),37.9,44.3,126.0,11.0,131346067.0,4536.0,91.4,71.4,21.7,75.0,157.0,433.0,20.0,15.0,1167.0,43.2,Pdma Sindh,Construction & Transit,4500,8.1,225.0,10935.0,K-Electric,2640,9,40.5,4.13,10.3,Critical (High Er Visits),40,Extreme,6.8,17.8,ILO Labor Models (2019/2030); BMJ Global Health (2024),2200,,,
karachi,2024-06-19,Summer (May-Jul),31.16,0.0,0.28,0.48,2024,6,June,34.0,29.0,31.1,76.0,38.6,0.0,31.8,34.23,0.0,0.01,-0.01,Severe Deficit (Water Loss),38.4,44.6,141.0,9.0,118308198.0,4536.0,91.4,71.4,21.7,75.0,157.0,433.0,20.0,15.0,1167.0,43.2,Pdma Sindh,Construction & Transit,4500,8.1,225.0,10935.0,K-Electric,2640,9,40.5,4.13,10.3,Critical (High Er Visits),40,Extreme,6.8,17.8,ILO Labor Models (2019/2030); BMJ Global Health (2024),2200,,,
karachi,2024-06-20,Summer (May-Jul),31.45,0.18,0.28,0.48,2024,6,June,33.8,28.9,31.0,81.0,39.7,0.0,29.6,35.01,0.18,0.01,0.17,Surplus (Recharging),39.7,45.9,155.0,14.0,103896004.0,4536.0,91.4,71.4,21.7,75.0,157.0,433.0,20.0,15.0,1167.0,43.2,Pdma Sindh,Construction & Transit,4500,8.1,225.0,10935.0,K-Electric,2640,9,40.5,4.13,10.3,Critical (High Er Visits),40,Extreme,6.8,17.8,ILO Labor Models (2019/2030); BMJ Global Health (2024),2200,,,
karachi,2024-06-21,Summer (May-Jul),31.68,0.35,0.28,0.48,2024,6,June,33.7,29.1,31.1,79.0,40.0,0.4,25.7,35.13,0.35,0.01,0.34,Surplus (Recharging),39.6,47.0,144.0,14.0,120670555.0,4536.0,91.4,71.4,21.7,75.0,157.0,433.0,20.0,15.0,1167.0,43.2,Pdma Sindh,Construction & Transit,4500,8.1,225.0,10935.0,K-Electric,2640,9,40.5,4.13,10.3,Critical (High Er Visits),40,Extreme,6.8,17.8,ILO Labor Models (2019/2030); BMJ Global Health (2024),2200,,,
karachi,2024-06-22,Summer (May-Jul),32.58,0.21,0.28,0.48,2024,6,June,34.5,29.1,31.4,76.0,40.7,0.0,23.7,37.4,0.21,0.0,0.21,Surplus (Recharging),33.6,38.1,132.0,6.0,121668426.0,4536.0,91.4,71.4,21.7,75.0,157.0,433.0,20.0,15.0,1167.0,43.2,Pdma Sindh,Construction & Transit,4500,8.1,225.0,10935.0,K-Electric,2640,9,40.5,4.13,10.3,Critical (High Er Visits),40,Extreme,6.8,17.8,ILO Labor Models (2019/2030); BMJ Global Health (2024),2200,,,
karachi,2024-06-23,Summer (May-Jul),32.66,0.21,0.27,0.48,2024,6,June,35.3,28.9,31.6,74.0,40.8,0.0,26.4,37.85,0.21,0.0,0.21,Surplus (Recharging),34.7,40.2,122.0,4.0,164147909.0,4536.0,91.4,71.4,21.7,75.0,157.0,433.0,20.0,15.0,1167.0,43.2,Pdma Sindh,Construction & Transit,4500,8.1,225.0,10935.0,K-Electric,2640,9,40.5,4.13,10.3,Critical (High Er Visits),40,Extreme,6.8,17.8,ILO Labor Models (2019/2030); BMJ Global Health (2024),2200,,,
karachi,2024-06-24,Summer (May-Jul),32.56,0.11,0.27,0.47,2024,6,June,38.5,28.4,32.3,71.0,42.8,0.0,31.4,37.72,0.11,0.01,0.1,Surplus (Recharging),41.32,45.7,144.0,11.0,123299933.0,4536.0,91.4,71.4,21.7,75.0,157.0,433.0,20.0,15.0,1167.0,43.2,Pdma Sindh,Construction & Transit,4500,8.1,225.0,10935.0,K-Electric,2640,9,40.5,4.13,10.3,Critical (High Er Visits),40,Extreme,6.8,17.8,ILO Labor Models (2019/2030); BMJ Global Health (2024),2200,,,
karachi,2024-06-25,Summer (May-Jul),32.69,0.2,0.27,0.47,2024,6,June,37.2,28.4,31.9,74.0,41.7,0.0,35.8,38.21,0.2,0.01,0.19,Surplus (Recharging),42.68,50.1,151.0,12.0,123479061.0,4536.0,91.4,71.4,21.7,75.0,157.0,433.0,20.0,15.0,1167.0,43.2,Pdma Sindh,Construction & Transit,4500,8.1,225.0,10935.0,K-Electric,2640,9,40.5,4.13,10.3,Critical (High Er Visits),40,Extreme,6.8,17.8,ILO Labor Models (2019/2030); BMJ Global Health (2024),2200,,,
karachi,2024-06-26,Summer (May-Jul),32.34,0.28,0.27,0.47,2024,6,June,34.8,28.9,31.5,75.0,40.8,0.0,23.7,37.4,0.28,0.0,0.28,Surplus (Recharging),42.66,47.9,181.0,8.0,121915801.0,4536.0,91.4,71.4,21.7,75.0,157.0,433.0,20.0,15.0,1167.0,43.2,Pdma Sindh,Construction & Transit,4500,8.1,225.0,10935.0,K-Electric,2640,9,40.5,4.13,10.3,Critical (High Er Visits),40,Extreme,6.8,17.8,ILO Labor Models (2019/2030); BMJ Global Health (2024),2200,,,
karachi,2024-06-27,Summer (May-Jul),32.14,0.28,0.27,0.47,2024,6,June,35.8,29.8,32.3,71.0,41.2,0.0,25.3,36.59,0.28,0.0,0.28,Surplus (Recharging),42.24,50.3,147.0,8.0,126847351.0,4536.0,91.4,71.4,21.7,75.0,157.0,433.0,20.0,15.0,1167.0,43.2,Pdma Sindh,Construction & Transit,4500,8.1,225.0,10935.0,K-Electric,2640,9,40.5,4.13,10.3,Critical (High Er Visits),40,Extreme,6.8,17.8,ILO Labor Models (2019/2030); BMJ Global Health (2024),2200,,,
karachi,2024-06-28,Summer (May-Jul),33.15,1.67,0.31,0.47,2024,6,June,37.5,29.6,32.5,68.0,40.8,8.8,26.6,36.63,1.67,0.0,1.67,Surplus (Recharging),43.27,49.6,180.0,8.0,125732428.0,4536.0,91.4,71.4,21.7,75.0,157.0,433.0,20.0,15.0,1167.0,43.2,Pdma Sindh,Construction & Transit,4500,8.1,225.0,10935.0,K-Electric,2640,9,40.5,4.13,10.3,Critical (High Er Visits),40,Extreme,6.8,17.8,ILO Labor Models (2019/2030); BMJ Global Health (2024),2200,,,
karachi,2024-06-29,Summer (May-Jul),33.54,0.31,0.32,0.47,2024,6,June,36.3,29.5,32.1,72.0,41.5,0.0,27.4,37.28,0.31,0.0,0.31,Surplus (Recharging),42.68,50.3,179.0,8.0,124581650.0,4536.0,91.4,71.4,21.7,75.0,157.0,433.0,20.0,15.0,1167.0,43.2,Pdma Sindh,Construction & Transit,4500,8.1,225.0,10935.0,K-Electric,2640,9,40.5,4.13,10.3,Critical (High Er Visits),40,Extreme,6.8,17.8,ILO Labor Models (2019/2030); BMJ Global Health (2024),2200,,,
karachi,2024-06-30,Summer (May-Jul),32.71,0.59,0.31,0.47,2024,6,June,35.0,29.9,32.0,72.0,40.4,0.0,25.5,36.4,0.59,0.0,0.59,Surplus (Recharging),39.4,47.8,137.0,10.0,131329617.0,4536.0,91.4,71.4,21.7,75.0,157.0,433.0,20.0,15.0,1167.0,43.2,Pdma Sindh,Construction & Transit,4500,8.1,225.0,10935.0,K-Electric,2640,9,40.5,4.13,10.3,Critical (High Er Visits),40,Extreme,6.8,17.8,ILO Labor Models (2019/2030); BMJ Global Health (2024),2200,,,
karachi,2024-07-01,Summer (May-Jul),31.68,0.83,0.34,0.47,2024,7,July,35.8,30.3,32.3,74.0,40.3,0.0,31.4,33.36,0.83,0.0,0.83,Surplus (Recharging),36.6,44.4,149.0,11.0,118004239.0,4536.0,91.4,71.4,21.7,75.0,157.0,433.0,20.0,15.0,1167.0,43.2,Pdma Sindh,Construction & Transit,4050,7.29,202.5,8857.35,K-Electric,2310,8,36.5,2.8,7.0,Elevated (Heat Stress),70,Extreme (Humid),6.1,15.9,ILO Labor Models (2019/2030); BMJ Global Health (2024),2200,,,
karachi,2024-07-02,Summer (May-Jul),32.24,0.05,0.34,0.47,2024,7,July,34.9,30.5,32.5,70.0,39.1,0.0,26.9,35.11,0.05,0.0,0.05,Surplus (Recharging),34.2,42.1,95.0,7.0,142675012.0,4536.0,91.4,71.4,21.7,75.0,157.0,433.0,20.0,15.0,1167.0,43.2,Pdma Sindh,Construction & Transit,4050,7.29,202.5,8857.35,K-Electric,2310,8,36.5,2.8,7.0,Elevated (Heat Stress),70,Extreme (Humid),6.1,15.9,ILO Labor Models (2019/2030); BMJ Global Health (2024),2200,,,
karachi,2024-07-03,Summer (May-Jul),32.34,0.05,0.33,0.47,2024,7,July,34.8,30.4,32.2,73.0,39.7,0.3,28.3,35.16,0.05,0.0,0.05,Surplus (Recharging),36.9,42.7,142.0,5.0,164131823.0,4536.0,91.4,71.4,21.7,75.0,157.0,433.0,20.0,15.0,1167.0,43.2,Pdma Sindh,Construction & Transit,4050,7.29,202.5,8857.35,K-Electric,2310,8,36.5,2.8,7.0,Elevated (Heat Stress),70,Extreme (Humid),6.1,15.9,ILO Labor Models (2019/2030); BMJ Global Health (2024),2200,,,
karachi,2024-07-04,Summer (May-Jul),32.23,0.07,0.32,0.47,2024,7,July,34.0,29.8,31.6,73.0,39.5,0.4,22.9,35.19,0.07,0.0,0.07,Surplus (Recharging),33.1,39.6,114.0,4.0,137044587.0,4536.0,91.4,71.4,21.7,75.0,157.0,433.0,20.0,15.0,1167.0,43.2,Pdma Sindh,Construction & Transit,4050,7.29,202.5,8857.35,K-Electric,2310,8,36.5,2.8,7.0,Elevated (Heat Stress),70,Extreme (Humid),6.1,15.9,ILO Labor Models (2019/2030); BMJ Global Health (2024),2200,,,
karachi,2024-07-05,Summer (May-Jul),31.87,1.03,0.32,0.47,2024,7,July,33.5,29.7,31.4,71.0,38.1,0.6,22.9,34.72,1.03,0.0,1.03,Surplus (Recharging),34.4,39.5,121.0,4.0,141523155.0,4536.0,91.4,71.4,21.7,75.0,157.0,433.0,20.0,15.0,1167.0,43.2,Pdma Sindh,Construction & Transit,4050,7.29,202.5,8857.35,K-Electric,2310,8,36.5,2.8,7.0,Elevated (Heat Stress),70,Extreme (Humid),6.1,15.9,ILO Labor Models (2019/2030); BMJ Global Health (2024),2200,,,
karachi,2024-07-06,Summer (May-Jul),31.82,1.43,0.34,0.47,2024,7,July,35.2,29.9,31.9,68.0,38.4,0.0,31.3,34.57,1.43,0.0,1.43,Surplus (Recharging),33.8,38.7,101.0,3.0,146294820.0,4536.0,91.4,71.4,21.7,75.0,157.0,433.0,20.0,15.0,1167.0,43.2,Pdma Sindh,Construction & Transit,4050,7.29,202.5,8857.35,K-Electric,2310,8,36.5,2.8,7.0,Elevated (Heat Stress),70,Extreme (Humid),6.1,15.9,ILO Labor Models (2019/2030); BMJ Global Health (2024),2200,,,
karachi,2024-07-07,Summer (May-Jul),32.53,0.68,0.34,0.47,2024,7,July,35.2,30.1,32.1,75.0,39.7,0.3,32.3,37.12,0.68,0.0,0.68,Surplus (Recharging),35.2,41.5,113.0,4.0,158115048.0,4536.0,91.4,71.4,21.7,75.0,157.0,433.0,20.0,15.0,1167.0,43.2,Pdma Sindh,Construction & Transit,4050,7.29,202.5,8857.35,K-Electric,2310,8,36.5,2.8,7.0,Elevated (Heat Stress),70,Extreme (Humid),6.1,15.9,ILO Labor Models (2019/2030); BMJ Global Health (2024),2200,,,
karachi,2024-07-08,Summer (May-Jul),31.69,1.16,0.34,0.47,2024,7,July,34.4,29.8,31.6,75.0,40.9,0.3,22.0,34.88,1.16,0.0,1.16,Surplus (Recharging),40.8,47.5,185.0,9.0,126673522.0,4536.0,91.4,71.4,21.7,75.0,157.0,433.0,20.0,15.0,1167.0,43.2,Pdma Sindh,Construction & Transit,4050,7.29,202.5,8857.35,K-Electric,2310,8,36.5,2.8,7.0,Elevated (Heat Stress),70,Extreme (Humid),6.1,15.9,ILO Labor Models (2019/2030); BMJ Global Health (2024),2200,,,
karachi,2024-07-09,Summer (May-Jul),31.1,20.32,0.53,0.49,2024,7,July,34.7,29.8,31.6,78.0,41.7,0.9,20.4,33.64,20.32,0.0,20.32,Surplus (Recharging),30.3,35.8,116.0,4.0,131709830.0,4536.0,91.4,71.4,21.7,75.0,157.0,433.0,20.0,15.0,1167.0,43.2,Pdma Sindh,Construction & Transit,4050,7.29,202.5,8857.35,K-Electric,2310,8,36.5,2.8,7.0,Elevated (Heat Stress),70,Extreme (Humid),6.1,15.9,ILO Labor Models (2019/2030); BMJ Global Health (2024),2200,,,
karachi,2024-07-10,Summer (May-Jul),30.8,5.45,0.55,0.51,2024,7,July,35.0,29.5,31.8,78.0,41.5,0.1,23.9,33.29,5.45,0.0,5.45,Surplus (Recharging),36.7,43.3,147.0,7.0,119836594.0,4536.0,91.4,71.4,21.7,75.0,157.0,433.0,20.0,15.0,1167.0,43.2,Pdma Sindh,Construction & Transit,4050,7.29,202.5,8857.35,K-Electric,2310,8,36.5,2.8,7.0,Elevated (Heat Stress),70,Extreme (Humid),6.1,15.9,ILO Labor Models (2019/2030); BMJ Global Health (2024),2200,,,
karachi,2024-07-11,Summer (May-Jul),31.09,0.0,0.47,0.51,2024,7,July,34.4,29.5,31.5,74.0,37.7,0.6,34.0,33.63,0.0,0.0,0.0,Surplus (Recharging),31.0,39.0,116.0,3.0,141920160.0,4536.0,91.4,71.4,21.7,75.0,157.0,433.0,20.0,15.0,1167.0,43.2,Pdma Sindh,Construction & Transit,4050,7.29,202.5,8857.35,K-Electric,2310,8,36.5,2.8,7.0,Elevated (Heat Stress),70,Extreme (Humid),6.1,15.9,ILO Labor Models (2019/2030); BMJ Global Health (2024),2200,,,
karachi,2024-07-12,Summer (May-Jul),30.81,0.0,0.46,0.51,2024,7,July,33.2,29.5,31.0,75.0,35.0,1.2,39.8,32.96,0.0,0.0,0.0,Surplus (Recharging),33.8,40.3,131.0,5.0,133016197.0,4536.0,91.4,71.4,21.7,75.0,157.0,433.0,20.0,15.0,1167.0,43.2,Pdma Sindh,Construction & Transit,4050,7.29,202.5,8857.35,K-Electric,2310,8,36.5,2.8,7.0,Elevated (Heat Stress),70,Extreme (Humid),6.1,15.9,ILO Labor Models (2019/2030); BMJ Global Health (2024),2200,,,
karachi,2024-07-13,Summer (May-Jul),30.99,0.0,0.46,0.5,2024,7,July,33.0,29.2,30.8,78.0,36.5,2.2,32.5,33.74,0.0,0.0,0.0,Surplus (Recharging),43.52,50.8,172.0,12.0,140100092.0,4536.0,91.4,71.4,21.7,75.0,157.0,433.0,20.0,15.0,1167.0,43.2,Pdma Sindh,Construction & Transit,4050,7.29,202.5,8857.35,K-Electric,2310,8,36.5,2.8,7.0,Elevated (Heat Stress),70,Extreme (Humid),6.1,15.9,ILO Labor Models (2019/2030); BMJ Global Health (2024),2200,,,
karachi,2024-07-14,Summer (May-Jul),30.89,0.0,0.46,0.5,2024,7,July,33.0,28.8,30.7,78.0,36.7,0.6,28.1,33.17,0.0,0.0,0.0,Surplus (Recharging),41.22,48.8,164.0,9.0,145198624.0,4536.0,91.4,71.4,21.7,75.0,157.0,433.0,20.0,15.0,1167.0,43.2,Pdma Sindh,Construction & Transit,4050,7.29,202.5,8857.35,K-Electric,2310,8,36.5,2.8,7.0,Elevated (Heat Stress),70,Extreme (Humid),6.1,15.9,ILO Labor Models (2019/2030); BMJ Global Health (2024),2200,,,
karachi,2024-07-15,Summer (May-Jul),31.8,0.13,0.45,0.49,2024,7,July,34.1,28.9,31.1,75.0,39.6,0.0,21.4,35.63,0.13,0.0,0.13,Surplus (Recharging),41.52,50.0,143.0,9.0,117156271.0,4536.0,91.4,71.4,21.7,75.0,157.0,433.0,20.0,15.0,1167.0,43.2,Pdma Sindh,Construction & Transit,4050,7.29,202.5,8857.35,K-Electric,2310,8,36.5,2.8,7.0,Elevated (Heat Stress),70,Extreme (Humid),6.1,15.9,ILO Labor Models (2019/2030); BMJ Global Health (2024),2200,,,
karachi,2024-07-16,Summer (May-Jul),32.29,0.09,0.44,0.49,2024,7,July,35.9,29.2,31.9,74.0,42.1,0.1,26.9,36.29,0.09,0.0,0.09,Surplus (Recharging),41.47,48.2,163.0,13.0,110392398.0,4536.0,91.4,71.4,21.7,75.0,157.0,433.0,20.0,15.0,1167.0,43.2,Pdma Sindh,Construction & Transit,4050,7.29,202.5,8857.35,K-Electric,2310,8,36.5,2.8,7.0,Elevated (Heat Stress),70,Extreme (Humid),6.1,15.9,ILO Labor Models (2019/2030); BMJ Global Health (2024),2200,,,
karachi,2024-07-17,Summer (May-Jul),31.59,0.76,0.45,0.49,2024,7,July,35.3,29.6,31.8,77.0,42.3,0.0,30.7,34.15,0.76,0.0,0.76,Surplus (Recharging),36.7,44.3,154.0,11.0,123237701.0,4536.0,91.4,71.4,21.7,75.0,157.0,433.0,20.0,15.0,1167.0,43.2,Pdma Sindh,Construction & Transit,4050,7.29,202.5,8857.35,K-Electric,2310,8,36.5,2.8,7.0,Elevated (Heat Stress),70,Extreme (Humid),6.1,15.9,ILO Labor Models (2019/2030); BMJ Global Health (2024),2200,,,
karachi,2024-07-18,Summer (May-Jul),31.27,3.43,0.48,0.49,2024,7,July,34.8,30.2,32.1,77.0,40.6,0.0,29.5,33.67,3.43,0.0,3.43,Surplus (Recharging),33.2,41.5,105.0,5.0,151472264.0,4536.0,91.4,71.4,21.7,75.0,157.0,433.0,20.0,15.0,1167.0,43.2,Pdma Sindh,Construction & Transit,4050,7.29,202.5,8857.35,K-Electric,2310,8,36.5,2.8,7.0,Elevated (Heat Stress),70,Extreme (Humid),6.1,15.9,ILO Labor Models (2019/2030); BMJ Global Health (2024),2200,,,
karachi,2024-07-19,Summer (May-Jul),30.94,1.94,0.5,0.49,2024,7,July,34.7,29.5,31.8,72.0,39.9,0.0,24.8,33.14,1.94,0.0,1.94,Surplus (Recharging),35.5,43.7,144.0,6.0,135570131.0,4536.0,91.4,71.4,21.7,75.0,157.0,433.0,20.0,15.0,1167.0,43.2,Pdma Sindh,Construction & Transit,4050,7.29,202.5,8857.35,K-Electric,2310,8,36.5,2.8,7.0,Elevated (Heat Stress),70,Extreme (Humid),6.1,15.9,ILO Labor Models (2019/2030); BMJ Global Health (2024),2200,,,
karachi,2024-07-20,Summer (May-Jul),32.24,2.67,0.49,0.5,2024,7,July,38.6,29.5,32.8,71.0,44.7,0.2,22.0,35.72,2.67,0.0,2.67,Surplus (Recharging),35.1,39.7,128.0,3.0,136027593.0,4536.0,91.4,71.4,21.7,75.0,157.0,433.0,20.0,15.0,1167.0,43.2,Pdma Sindh,Construction & Transit,4050,7.29,202.5,8857.35,K-Electric,2310,8,36.5,2.8,7.0,Elevated (Heat Stress),70,Extreme (Humid),6.1,15.9,ILO Labor Models (2019/2030); BMJ Global Health (2024),2200,,,
karachi,2024-07-21,Summer (May-Jul),33.02,6.43,0.51,0.5,2024,7,July,37.3,30.0,33.3,69.0,43.7,4.2,16.1,36.87,6.43,0.0,6.43,Surplus (Recharging),33.4,39.2,96.0,6.0,134411181.0,4536.0,91.4,71.4,21.7,75.0,157.0,433.0,20.0,15.0,1167.0,43.2,Pdma Sindh,Construction & Transit,4050,7.29,202.5,8857.35,K-Electric,2310,8,36.5,2.8,7.0,Elevated (Heat Stress),70,Extreme (Humid),6.1,15.9,ILO Labor Models (2019/2030); BMJ Global Health (2024),2200,,,
karachi,2024-07-22,Summer (May-Jul),31.17,6.45,0.55,0.51,2024,7,July,35.2,30.0,31.9,77.0,41.1,3.4,30.9,32.97,6.45,0.0,6.45,Surplus (Recharging),40.4,45.9,142.0,11.0,116215151.0,4536.0,91.4,71.4,21.7,75.0,157.0,433.0,20.0,15.0,1167.0,43.2,Pdma Sindh,Construction & Transit,4050,7.29,202.5,8857.35,K-Electric,2310,8,36.5,2.8,7.0,Elevated (Heat Stress),70,Extreme (Humid),6.1,15.9,ILO Labor Models (2019/2030); BMJ Global Health (2024),2200,,,
karachi,2024-07-23,Summer (May-Jul),31.35,3.24,0.51,0.51,2024,7,July,33.0,29.5,30.9,77.0,36.5,0.1,29.3,34.25,3.24,0.0,3.24,Surplus (Recharging),36.6,41.0,149.0,3.0,148524772.0,4536.0,91.4,71.4,21.7,75.0,157.0,433.0,20.0,15.0,1167.0,43.2,Pdma Sindh,Construction & Transit,4050,7.29,202.5,8857.35,K-Electric,2310,8,36.5,2.8,7.0,Elevated (Heat Stress),70,Extreme (Humid),6.1,15.9,ILO Labor Models (2019/2030); BMJ Global Health (2024),2200,,,
karachi,2024-07-24,Summer (May-Jul),30.83,0.77,0.49,0.51,2024,7,July,32.3,29.3,30.6,76.0,35.5,0.0,31.2,33.14,0.77,0.0,0.77,Surplus (Recharging),29.9,36.7,104.0,7.0,125409662.0,4536.0,91.4,71.4,21.7,75.0,157.0,433.0,20.0,15.0,1167.0,43.2,Pdma Sindh,Construction & Transit,4050,7.29,202.5,8857.35,K-Electric,2310,8,36.5,2.8,7.0,Elevated (Heat Stress),70,Extreme (Humid),6.1,15.9,ILO Labor Models (2019/2030); BMJ Global Health (2024),2200,,,
karachi,2024-07-25,Summer (May-Jul),31.21,0.22,0.47,0.51,2024,7,July,32.9,28.9,30.7,76.0,36.7,0.3,25.5,33.94,0.22,0.0,0.22,Surplus (Recharging),35.5,42.8,131.0,6.0,129895639.0,4536.0,91.4,71.4,21.7,75.0,157.0,433.0,20.0,15.0,1167.0,43.2,Pdma Sindh,Construction & Transit,4050,7.29,202.5,8857.35,K-Electric,2310,8,36.5,2.8,7.0,Elevated (Heat Stress),70,Extreme (Humid),6.1,15.9,ILO Labor Models (2019/2030); BMJ Global Health (2024),2200,,,
karachi,2024-07-26,Summer (May-Jul),31.19,0.23,0.46,0.5,2024,7,July,33.8,29.4,31.2,76.0,38.3,0.4,28.5,34.0,0.23,0.0,0.23,Surplus (Recharging),33.3,41.1,112.0,6.0,146619338.0,4536.0,91.4,71.4,21.7,75.0,157.0,433.0,20.0,15.0,1167.0,43.2,Pdma Sindh,Construction & Transit,4050,7.29,202.5,8857.35,K-Electric,2310,8,36.5,2.8,7.0,Elevated (Heat Stress),70,Extreme (Humid),6.1,15.9,ILO Labor Models (2019/2030); BMJ Global Health (2024),2200,,,
karachi,2024-07-27,Summer (May-Jul),30.82,0.11,0.46,0.5,2024,7,July,34.0,29.3,31.2,74.0,38.4,0.0,28.7,33.25,0.11,0.0,0.11,Surplus (Recharging),37.1,41.7,142.0,7.0,124816350.0,4536.0,91.4,71.4,21.7,75.0,157.0,433.0,20.0,15.0,1167.0,43.2,Pdma Sindh,Construction & Transit,4050,7.29,202.5,8857.35,K-Electric,2310,8,36.5,2.8,7.0,Elevated (Heat Stress),70,Extreme (Humid),6.1,15.9,ILO Labor Models (2019/2030); BMJ Global Health (2024),2200,,,
karachi,2024-07-28,Summer (May-Jul),30.83,0.03,0.46,0.5,2024,7,July,33.3,29.3,31.1,74.0,39.1,0.0,19.5,33.57,0.03,0.0,0.03,Surplus (Recharging),33.0,40.9,127.0,6.0,120538719.0,4536.0,91.4,71.4,21.7,75.0,157.0,433.0,20.0,15.0,1167.0,43.2,Pdma Sindh,Construction & Transit,4050,7.29,202.5,8857.35,K-Electric,2310,8,36.5,2.8,7.0,Elevated (Heat Stress),70,Extreme (Humid),6.1,15.9,ILO Labor Models (2019/2030); BMJ Global Health (2024),2200,,,
karachi,2024-07-29,Summer (May-Jul),30.71,0.66,0.46,0.5,2024,7,July,33.0,28.8,30.4,77.0,39.4,3.3,22.8,33.21,0.66,0.0,0.66,Surplus (Recharging),34.7,41.6,146.0,6.0,135949937.0,4536.0,91.4,71.4,21.7,75.0,157.0,433.0,20.0,15.0,1167.0,43.2,Pdma Sindh,Construction & Transit,4050,7.29,202.5,8857.35,K-Electric,2310,8,36.5,2.8,7.0,Elevated (Heat Stress),70,Extreme (Humid),6.1,15.9,ILO Labor Models (2019/2030); BMJ Global Health (2024),2200,,,
karachi,2024-07-30,Summer (May-Jul),30.37,2.11,0.47,0.49,2024,7,July,32.8,28.0,29.2,85.0,40.1,18.4,20.4,33.51,2.11,0.0,2.11,Surplus (Recharging),36.3,43.5,157.0,6.0,131395265.0,4536.0,91.4,71.4,21.7,75.0,157.0,433.0,20.0,15.0,1167.0,43.2,Pdma Sindh,Construction & Transit,4050,7.29,202.5,8857.35,K-Electric,2310,8,36.5,2.8,7.0,Elevated (Heat Stress),70,Extreme (Humid),6.1,15.9,ILO Labor Models (2019/2030); BMJ Global Health (2024),2200,,,
karachi,2024-07-31,Summer (May-Jul),29.53,28.09,0.62,0.53,2024,7,July,30.5,28.0,29.2,86.0,36.5,2.3,22.0,31.39,28.09,0.0,28.09,Surplus (Recharging),37.2,45.3,145.0,14.0,120114155.0,4536.0,91.4,71.4,21.7,75.0,157.0,433.0,20.0,15.0,1167.0,43.2,Pdma Sindh,Construction & Transit,4050,7.29,202.5,8857.35,K-Electric,2310,8,36.5,2.8,7.0,Elevated (Heat Stress),70,Extreme (Humid),6.1,15.9,ILO Labor Models (2019/2030); BMJ Global Health (2024),2200,,,
karachi,2024-12-01,Winter (Dec-Jan),25.14,0.03,0.25,0.46,2024,12,,,,,,,,,,,,,,,,,,,,,,,,,,,,,,,Construction & Transit,0,0.0,0.0,0.0,K-Electric,385,1,20.5,0.0,0.0,Baseline,65,Safe,0.0,0.0,ILO Labor Models (2019/2030); BMJ Global Health (2024),2200,,,
karachi,2024-12-02,Winter (Dec-Jan),25.0,0.02,0.25,0.46,2024,12,,,,,,,,,,,,,,,,,,,,,,,,,,,,,,,Construction & Transit,0,0.0,0.0,0.0,K-Electric,385,1,20.5,0.0,0.0,Baseline,65,Safe,0.0,0.0,ILO Labor Models (2019/2030); BMJ Global Health (2024),2200,,,
karachi,2024-12-03,Winter (Dec-Jan),25.11,0.0,0.24,0.46,2024,12,,,,,,,,,,,,,,,,,,,,,,,,,,,,,,,Construction & Transit,0,0.0,0.0,0.0,K-Electric,385,1,20.5,0.0,0.0,Baseline,65,Safe,0.0,0.0,ILO Labor Models (2019/2030); BMJ Global Health (2024),2200,,,
karachi,2024-12-04,Winter (Dec-Jan),25.05,0.0,0.23,0.46,2024,12,,,,,,,,,,,,,,,,,,,,,,,,,,,,,,,Construction & Transit,0,0.0,0.0,0.0,K-Electric,385,1,20.5,0.0,0.0,Baseline,65,Safe,0.0,0.0,ILO Labor Models (2019/2030); BMJ Global Health (2024),2200,,,
karachi,2024-12-05,Winter (Dec-Jan),23.79,0.0,0.23,0.46,2024,12,,,,,,,,,,,,,,,,,,,,,,,,,,,,,,,Construction & Transit,0,0.0,0.0,0.0,K-Electric,385,1,20.5,0.0,0.0,Baseline,65,Safe,0.0,0.0,ILO Labor Models (2019/2030); BMJ Global Health (2024),2200,,,
karachi,2024-12-06,Winter (Dec-Jan),22.62,0.0,0.22,0.46,2024,12,,,,,,,,,,,,,,,,,,,,,,,,,,,,,,,Construction & Transit,0,0.0,0.0,0.0,K-Electric,385,1,20.5,0.0,0.0,Baseline,65,Safe,0.0,0.0,ILO Labor Models (2019/2030); BMJ Global Health (2024),2200,,,
karachi,2024-12-07,Winter (Dec-Jan),22.34,0.0,0.21,0.46,2024,12,,,,,,,,,,,,,,,,,,,,,,,,,,,,,,,Construction & Transit,0,0.0,0.0,0.0,K-Electric,385,1,20.5,0.0,0.0,Baseline,65,Safe,0.0,0.0,ILO Labor Models (2019/2030); BMJ Global Health (2024),2200,,,
karachi,2024-12-08,Winter (Dec-Jan),21.12,0.0,0.21,0.46,2024,12,,,,,,,,,,,,,,,,,,,,,,,,,,,,,,,Construction & Transit,0,0.0,0.0,0.0,K-Electric,385,1,20.5,0.0,0.0,Baseline,65,Safe,0.0,0.0,ILO Labor Models (2019/2030); BMJ Global Health (2024),2200,,,
karachi,2024-12-09,Winter (Dec-Jan),19.68,0.0,0.2,0.46,2024,12,,,,,,,,,,,,,,,,,,,,,,,,,,,,,,,Construction & Transit,0,0.0,0.0,0.0,K-Electric,385,1,20.5,0.0,0.0,Baseline,65,Safe,0.0,0.0,ILO Labor Models (2019/2030); BMJ Global Health (2024),2200,,,
karachi,2024-12-10,Winter (Dec-Jan),20.49,0.0,0.19,0.46,2024,12,,,,,,,,,,,,,,,,,,,,,,,,,,,,,,,Construction & Transit,0,0.0,0.0,0.0,K-Electric,385,1,20.5,0.0,0.0,Baseline,65,Safe,0.0,0.0,ILO Labor Models (2019/2030); BMJ Global Health (2024),2200,,,
karachi,2024-12-11,Winter (Dec-Jan),20.82,0.0,0.19,0.46,2024,12,,,,,,,,,,,,,,,,,,,,,,,,,,,,,,,Construction & Transit,0,0.0,0.0,0.0,K-Electric,385,1,20.5,0.0,0.0,Baseline,65,Safe,0.0,0.0,ILO Labor Models (2019/2030); BMJ Global Health (2024),2200,,,
karachi,2024-12-12,Winter (Dec-Jan),18.84,0.0,0.19,0.46,2024,12,,,,,,,,,,,,,,,,,,,,,,,,,,,,,,,Construction & Transit,0,0.0,0.0,0.0,K-Electric,385,1,20.5,0.0,0.0,Baseline,65,Safe,0.0,0.0,ILO Labor Models (2019/2030); BMJ Global Health (2024),2200,,,
karachi,2024-12-13,Winter (Dec-Jan),19.02,0.0,0.18,0.46,2024,12,,,,,,,,,,,,,,,,,,,,,,,,,,,,,,,Construction & Transit,0,0.0,0.0,0.0,K-Electric,385,1,20.5,0.0,0.0,Baseline,65,Safe,0.0,0.0,ILO Labor Models (2019/2030); BMJ Global Health (2024),2200,,,
karachi,2024-12-14,Winter (Dec-Jan),19.27,0.0,0.18,0.46,2024,12,,,,,,,,,,,,,,,,,,,,,,,,,,,,,,,Construction & Transit,0,0.0,0.0,0.0,K-Electric,385,1,20.5,0.0,0.0,Baseline,65,Safe,0.0,0.0,ILO Labor Models (2019/2030); BMJ Global Health (2024),2200,,,
karachi,2024-12-15,Winter (Dec-Jan),20.02,0.0,0.18,0.46,2024,12,,,,,,,,,,,,,,,,,,,,,,,,,,,,,,,Construction & Transit,0,0.0,0.0,0.0,K-Electric,385,1,20.5,0.0,0.0,Baseline,65,Safe,0.0,0.0,ILO Labor Models (2019/2030); BMJ Global Health (2024),2200,,,
karachi,2024-12-16,Winter (Dec-Jan),21.07,0.0,0.18,0.46,2024,12,,,,,,,,,,,,,,,,,,,,,,,,,,,,,,,Construction & Transit,0,0.0,0.0,0.0,K-Electric,385,1,20.5,0.0,0.0,Baseline,65,Safe,0.0,0.0,ILO Labor Models (2019/2030); BMJ Global Health (2024),2200,,,
karachi,2024-12-17,Winter (Dec-Jan),19.43,0.0,0.17,0.46,2024,12,,,,,,,,,,,,,,,,,,,,,,,,,,,,,,,Construction & Transit,0,0.0,0.0,0.0,K-Electric,385,1,20.5,0.0,0.0,Baseline,65,Safe,0.0,0.0,ILO Labor Models (2019/2030); BMJ Global Health (2024),2200,,,
karachi,2024-12-18,Winter (Dec-Jan),19.32,0.0,0.17,0.46,2024,12,,,,,,,,,,,,,,,,,,,,,,,,,,,,,,,Construction & Transit,0,0.0,0.0,0.0,K-Electric,385,1,20.5,0.0,0.0,Baseline,65,Safe,0.0,0.0,ILO Labor Models (2019/2030); BMJ Global Health (2024),2200,,,
karachi,2024-12-19,Winter (Dec-Jan),19.48,0.0,0.17,0.46,2024,12,,,,,,,,,,,,,,,,,,,,,,,,,,,,,,,Construction & Transit,0,0.0,0.0,0.0,K-Electric,385,1,20.5,0.0,0.0,Baseline,65,Safe,0.0,0.0,ILO Labor Models (2019/2030); BMJ Global Health (2024),2200,,,
karachi,2024-12-20,Winter (Dec-Jan),18.7,0.0,0.17,0.46,2024,12,,,,,,,,,,,,,,,,,,,,,,,,,,,,,,,Construction & Transit,0,0.0,0.0,0.0,K-Electric,385,1,20.5,0.0,0.0,Baseline,65,Safe,0.0,0.0,ILO Labor Models (2019/2030); BMJ Global Health (2024),2200,,,
karachi,2024-12-21,Winter (Dec-Jan),17.6,0.0,0.17,0.46,2024,12,,,,,,,,,,,,,,,,,,,,,,,,,,,,,,,Construction & Transit,0,0.0,0.0,0.0,K-Electric,385,1,20.5,0.0,0.0,Baseline,65,Safe,0.0,0.0,ILO Labor Models (2019/2030); BMJ Global Health (2024),2200,,,
karachi,2024-12-22,Winter (Dec-Jan),18.23,0.0,0.16,0.46,2024,12,,,,,,,,,,,,,,,,,,,,,,,,,,,,,,,Construction & Transit,0,0.0,0.0,0.0,K-Electric,385,1,20.5,0.0,0.0,Baseline,65,Safe,0.0,0.0,ILO Labor Models (2019/2030); BMJ Global Health (2024),2200,,,
karachi,2024-12-23,Winter (Dec-Jan),19.63,0.0,0.16,0.46,2024,12,,,,,,,,,,,,,,,,,,,,,,,,,,,,,,,Construction & Transit,0,0.0,0.0,0.0,K-Electric,385,1,20.5,0.0,0.0,Baseline,65,Safe,0.0,0.0,ILO Labor Models (2019/2030); BMJ Global Health (2024),2200,,,
karachi,2024-12-24,Winter (Dec-Jan),18.34,0.0,0.16,0.46,2024,12,,,,,,,,,,,,,,,,,,,,,,,,,,,,,,,Construction & Transit,0,0.0,0.0,0.0,K-Electric,385,1,20.5,0.0,0.0,Baseline,65,Safe,0.0,0.0,ILO Labor Models (2019/2030); BMJ Global Health (2024),2200,,,
karachi,2024-12-25,Winter (Dec-Jan),17.99,0.0,0.16,0.46,2024,12,,,,,,,,,,,,,,,,,,,,,,,,,,,,,,,Construction & Transit,0,0.0,0.0,0.0,K-Electric,385,1,20.5,0.0,0.0,Baseline,65,Safe,0.0,0.0,ILO Labor Models (2019/2030); BMJ Global Health (2024),2200,,,
karachi,2024-12-26,Winter (Dec-Jan),18.38,0.0,0.16,0.46,2024,12,,,,,,,,,,,,,,,,,,,,,,,,,,,,,,,Construction & Transit,0,0.0,0.0,0.0,K-Electric,385,1,20.5,0.0,0.0,Baseline,65,Safe,0.0,0.0,ILO Labor Models (2019/2030); BMJ Global Health (2024),2200,,,
karachi,2024-12-27,Winter (Dec-Jan),19.43,0.0,0.16,0.46,2024,12,,,,,,,,,,,,,,,,,,,,,,,,,,,,,,,Construction & Transit,0,0.0,0.0,0.0,K-Electric,385,1,20.5,0.0,0.0,Baseline,65,Safe,0.0,0.0,ILO Labor Models (2019/2030); BMJ Global Health (2024),2200,,,
karachi,2024-12-28,Winter (Dec-Jan),18.75,0.0,0.16,0.46,2024,12,,,,,,,,,,,,,,,,,,,,,,,,,,,,,,,Construction & Transit,0,0.0,0.0,0.0,K-Electric,385,1,20.5,0.0,0.0,Baseline,65,Safe,0.0,0.0,ILO Labor Models (2019/2030); BMJ Global Health (2024),2200,,,
karachi,2024-12-29,Winter (Dec-Jan),18.4,0.0,0.16,0.46,2024,12,,,,,,,,,,,,,,,,,,,,,,,,,,,,,,,Construction & Transit,0,0.0,0.0,0.0,K-Electric,385,1,20.5,0.0,0.0,Baseline,65,Safe,0.0,0.0,ILO Labor Models (2019/2030); BMJ Global Health (2024),2200,,,
karachi,2024-12-30,Winter (Dec-Jan),18.8,0.0,0.16,0.46,2024,12,,,,,,,,,,,,,,,,,,,,,,,,,,,,,,,Construction & Transit,0,0.0,0.0,0.0,K-Electric,385,1,20.5,0.0,0.0,Baseline,65,Safe,0.0,0.0,ILO Labor Models (2019/2030); BMJ Global Health (2024),2200,,,
karachi,2024-12-31,Winter (Dec-Jan),20.33,0.0,0.15,0.46,2024,12,,,,,,,,,,,,,,,,,,,,,,,,,,,,,,,Construction & Transit,0,0.0,0.0,0.0,K-Electric,385,1,20.5,0.0,0.0,Baseline,65,Safe,0.0,0.0,ILO Labor Models (2019/2030); BMJ Global Health (2024),2200,,,
karachi,2025-01-01,Winter (Dec-Jan),20.95,0.0,0.15,0.46,2025,1,,,,,,,,,,,,,,,,,,,,,,,,,,,,,,,Construction & Transit,0,0.0,0.0,0.0,K-Electric,400,1,19.5,0.0,0.0,Baseline,65,Safe,0.0,0.0,,1500,,,
karachi,2025-01-02,Winter (Dec-Jan),20.86,0.0,0.15,0.46,2025,1,,,,,,,,,,,,,,,,,,,,,,,,,,,,,,,Construction & Transit,0,0.0,0.0,0.0,K-Electric,400,1,19.5,0.0,0.0,Baseline,65,Safe,0.0,0.0,,1500,,,
karachi,2025-01-03,Winter (Dec-Jan),20.83,0.0,0.15,0.46,2025,1,,,,,,,,,,,,,,,,,,,,,,,,,,,,,,,Construction & Transit,0,0.0,0.0,0.0,K-Electric,400,1,19.5,0.0,0.0,Baseline,65,Safe,0.0,0.0,,1500,,,
karachi,2025-01-04,Winter (Dec-Jan),19.28,0.0,0.15,0.46,2025,1,,,,,,,,,,,,,,,,,,,,,,,,,,,,,,,Construction & Transit,0,0.0,0.0,0.0,K-Electric,400,1,19.5,0.0,0.0,Baseline,65,Safe,0.0,0.0,,1500,,,
karachi,2025-01-05,Winter (Dec-Jan),17.9,0.0,0.15,0.46,2025,1,,,,,,,,,,,,,,,,,,,,,,,,,,,,,,,Construction & Transit,0,0.0,0.0,0.0,K-Electric,400,1,19.5,0.0,0.0,Baseline,65,Safe,0.0,0.0,,1500,,,
karachi,2025-01-06,Winter (Dec-Jan),18.95,0.0,0.15,0.46,2025,1,,,,,,,,,,,,,,,,,,,,,,,,,,,,,,,Construction & Transit,0,0.0,0.0,0.0,K-Electric,400,1,19.5,0.0,0.0,Baseline,65,Safe,0.0,0.0,,1500,,,
karachi,2025-01-07,Winter (Dec-Jan),18.85,0.0,0.15,0.46,2025,1,,,,,,,,,,,,,,,,,,,,,,,,,,,,,,,Construction & Transit,0,0.0,0.0,0.0,K-Electric,400,1,19.5,0.0,0.0,Baseline,65,Safe,0.0,0.0,,1500,,,
karachi,2025-01-08,Winter (Dec-Jan),19.34,0.0,0.15,0.46,2025,1,,,,,,,,,,,,,,,,,,,,,,,,,,,,,,,Construction & Transit,0,0.0,0.0,0.0,K-Electric,400,1,19.5,0.0,0.0,Baseline,65,Safe,0.0,0.0,,1500,,,
karachi,2025-01-09,Winter (Dec-Jan),19.92,0.0,0.14,0.46,2025,1,,,,,,,,,,,,,,,,,,,,,,,,,,,,,,,Construction & Transit,0,0.0,0.0,0.0,K-Electric,400,1,19.5,0.0,0.0,Baseline,65,Safe,0.0,0.0,,1500,,,
karachi,2025-01-10,Winter (Dec-Jan),19.58,0.0,0.14,0.46,2025,1,,,,,,,,,,,,,,,,,,,,,,,,,,,,,,,Construction & Transit,0,0.0,0.0,0.0,K-Electric,400,1,19.5,0.0,0.0,Baseline,65,Safe,0.0,0.0,,1500,,,
karachi,2025-01-11,Winter (Dec-Jan),20.55,0.0,0.14,0.46,2025,1,,,,,,,,,,,,,,,,,,,,,,,,,,,,,,,Construction & Transit,0,0.0,0.0,0.0,K-Electric,400,1,19.5,0.0,0.0,Baseline,65,Safe,0.0,0.0,,1500,,,
karachi,2025-01-12,Winter (Dec-Jan),20.28,0.0,0.14,0.46,2025,1,,,,,,,,,,,,,,,,,,,,,,,,,,,,,,,Construction & Transit,0,0.0,0.0,0.0,K-Electric,400,1,19.5,0.0,0.0,Baseline,65,Safe,0.0,0.0,,1500,,,
karachi,2025-01-13,Winter (Dec-Jan),17.95,0.0,0.14,0.46,2025,1,,,,,,,,,,,,,,,,,,,,,,,,,,,,,,,Construction & Transit,0,0.0,0.0,0.0,K-Electric,400,1,19.5,0.0,0.0,Baseline,65,Safe,0.0,0.0,,1500,,,
karachi,2025-01-14,Winter (Dec-Jan),18.33,0.0,0.14,0.46,2025,1,,,,,,,,,,,,,,,,,,,,,,,,,,,,,,,Construction & Transit,0,0.0,0.0,0.0,K-Electric,400,1,19.5,0.0,0.0,Baseline,65,Safe,0.0,0.0,,1500,,,
karachi,2025-01-15,Winter (Dec-Jan),19.84,0.0,0.14,0.46,2025,1,,,,,,,,,,,,,,,,,,,,,,,,,,,,,,,Construction & Transit,0,0.0,0.0,0.0,K-Electric,400,1,19.5,0.0,0.0,Baseline,65,Safe,0.0,0.0,,1500,,,
karachi,2025-01-16,Winter (Dec-Jan),19.9,0.0,0.14,0.46,2025,1,,,,,,,,,,,,,,,,,,,,,,,,,,,,,,,Construction & Transit,0,0.0,0.0,0.0,K-Electric,400,1,19.5,0.0,0.0,Baseline,65,Safe,0.0,0.0,,1500,,,
karachi,2025-01-17,Winter (Dec-Jan),18.61,0.0,0.14,0.46,2025,1,,,,,,,,,,,,,,,,,,,,,,,,,,,,,,,Construction & Transit,0,0.0,0.0,0.0,K-Electric,400,1,19.5,0.0,0.0,Baseline,65,Safe,0.0,0.0,,1500,,,
karachi,2025-01-18,Winter (Dec-Jan),19.17,0.0,0.14,0.46,2025,1,,,,,,,,,,,,,,,,,,,,,,,,,,,,,,,Construction & Transit,0,0.0,0.0,0.0,K-Electric,400,1,19.5,0.0,0.0,Baseline,65,Safe,0.0,0.0,,1500,,,
karachi,2025-01-19,Winter (Dec-Jan),20.02,0.0,0.14,0.46,2025,1,,,,,,,,,,,,,,,,,,,,,,,,,,,,,,,Construction & Transit,0,0.0,0.0,0.0,K-Electric,400,1,19.5,0.0,0.0,Baseline,65,Safe,0.0,0.0,,1500,,,
karachi,2025-01-20,Winter (Dec-Jan),20.33,0.0,0.14,0.46,2025,1,,,,,,,,,,,,,,,,,,,,,,,,,,,,,,,Construction & Transit,0,0.0,0.0,0.0,K-Electric,400,1,19.5,0.0,0.0,Baseline,65,Safe,0.0,0.0,,1500,,,
karachi,2025-01-21,Winter (Dec-Jan),19.87,0.0,0.14,0.46,2025,1,,,,,,,,,,,,,,,,,,,,,,,,,,,,,,,Construction & Transit,0,0.0,0.0,0.0,K-Electric,400,1,19.5,0.0,0.0,Baseline,65,Safe,0.0,0.0,,1500,,,
karachi,2025-01-22,Winter (Dec-Jan),20.18,0.0,0.14,0.46,2025,1,,,,,,,,,,,,,,,,,,,,,,,,,,,,,,,Construction & Transit,0,0.0,0.0,0.0,K-Electric,400,1,19.5,0.0,0.0,Baseline,65,Safe,0.0,0.0,,1500,,,
karachi,2025-01-23,Winter (Dec-Jan),19.91,0.0,0.14,0.46,2025,1,,,,,,,,,,,,,,,,,,,,,,,,,,,,,,,Construction & Transit,0,0.0,0.0,0.0,K-Electric,400,1,19.5,0.0,0.0,Baseline,65,Safe,0.0,0.0,,1500,,,
karachi,2025-01-24,Winter (Dec-Jan),19.13,0.0,0.13,0.46,2025,1,,,,,,,,,,,,,,,,,,,,,,,,,,,,,,,Construction & Transit,0,0.0,0.0,0.0,K-Electric,400,1,19.5,0.0,0.0,Baseline,65,Safe,0.0,0.0,,1500,,,
karachi,2025-01-25,Winter (Dec-Jan),19.68,0.0,0.13,0.46,2025,1,,,,,,,,,,,,,,,,,,,,,,,,,,,,,,,Construction & Transit,0,0.0,0.0,0.0,K-Electric,400,1,19.5,0.0,0.0,Baseline,65,Safe,0.0,0.0,,1500,,,
karachi,2025-01-26,Winter (Dec-Jan),19.98,0.0,0.13,0.46,2025,1,,,,,,,,,,,,,,,,,,,,,,,,,,,,,,,Construction & Transit,0,0.0,0.0,0.0,K-Electric,400,1,19.5,0.0,0.0,Baseline,65,Safe,0.0,0.0,,1500,,,
karachi,2025-01-27,Winter (Dec-Jan),20.78,0.0,0.13,0.45,2025,1,,,,,,,,,,,,,,,,,,,,,,,,,,,,,,,Construction & Transit,0,0.0,0.0,0.0,K-Electric,400,1,19.5,0.0,0.0,Baseline,65,Safe,0.0,0.0,,1500,,,
karachi,2025-01-28,Winter (Dec-Jan),20.67,0.0,0.13,0.45,2025,1,,,,,,,,,,,,,,,,,,,,,,,,,,,,,,,Construction & Transit,0,0.0,0.0,0.0,K-Electric,400,1,19.5,0.0,0.0,Baseline,65,Safe,0.0,0.0,,1500,,,
karachi,2025-01-29,Winter (Dec-Jan),21.99,0.0,0.13,0.45,2025,1,,,,,,,,,,,,,,,,,,,,,,,,,,,,,,,Construction & Transit,0,0.0,0.0,0.0,K-Electric,400,1,19.5,0.0,0.0,Baseline,65,Safe,0.0,0.0,,1500,,,
karachi,2025-01-30,Winter (Dec-Jan),20.39,0.0,0.13,0.45,2025,1,,,,,,,,,,,,,,,,,,,,,,,,,,,,,,,Construction & Transit,0,0.0,0.0,0.0,K-Electric,400,1,19.5,0.0,0.0,Baseline,65,Safe,0.0,0.0,,1500,,,
karachi,2025-01-31,Winter (Dec-Jan),18.51,0.0,0.13,0.45,2025,1,,,,,,,,,,,,,,,,,,,,,,,,,,,,,,,Construction & Transit,0,0.0,0.0,0.0,K-Electric,400,1,19.5,0.0,0.0,Baseline,65,Safe,0.0,0.0,,1500,,,
karachi,2025-05-01,Summer (May-Jul),29.28,0.07,0.1,0.45,2025,5,,,,,,,,,33.62,0.07,0.0,0.07,Surplus (Recharging),,,,,,,,,,,,,,,,,,Construction & Transit,1800,3.24,90.0,1749.6,K-Electric,1800,6,39.0,3.62,9.1,Critical (High Er Visits),30,Extreme,5.2,13.5,,1500,,,
karachi,2025-05-02,Summer (May-Jul),29.45,0.19,0.1,0.45,2025,5,,,,,,,,,33.77,0.19,0.0,0.19,Surplus (Recharging),,,,,,,,,,,,,,,,,,Construction & Transit,1800,3.24,90.0,1749.6,K-Electric,1800,6,39.0,3.62,9.1,Critical (High Er Visits),30,Extreme,5.2,13.5,,1500,,,
karachi,2025-05-03,Summer (May-Jul),29.46,0.24,0.11,0.45,2025,5,,,,,,,,,34.34,0.24,0.0,0.24,Surplus (Recharging),,,,,,,,,,,,,,,,,,Construction & Transit,1800,3.24,90.0,1749.6,K-Electric,1800,6,39.0,3.62,9.1,Critical (High Er Visits),30,Extreme,5.2,13.5,,1500,,,
karachi,2025-05-04,Summer (May-Jul),29.81,0.53,0.13,0.46,2025,5,,,,,,,,,34.84,0.53,0.0,0.53,Surplus (Recharging),,,,,,,,,,,,,,,,,,Construction & Transit,1800,3.24,90.0,1749.6,K-Electric,1800,6,39.0,3.62,9.1,Critical (High Er Visits),30,Extreme,5.2,13.5,,1500,,,
karachi,2025-05-05,Summer (May-Jul),30.59,0.73,0.14,0.46,2025,5,,,,,,,,,35.99,0.73,0.0,0.73,Surplus (Recharging),,,,,,,,,,,,,,,,,,Construction & Transit,1800,3.24,90.0,1749.6,K-Electric,1800,6,39.0,3.62,9.1,Critical (High Er Visits),30,Extreme,5.2,13.5,,1500,,,
karachi,2025-05-06,Summer (May-Jul),30.93,0.27,0.17,0.46,2025,5,,,,,,,,,36.13,0.27,0.0,0.27,Surplus (Recharging),,,,,,,,,,,,,,,,,,Construction & Transit,1800,3.24,90.0,1749.6,K-Electric,1800,6,39.0,3.62,9.1,Critical (High Er Visits),30,Extreme,5.2,13.5,,1500,,,
karachi,2025-05-07,Summer (May-Jul),30.71,0.06,0.17,0.46,2025,5,,,,,,,,,36.45,0.06,0.0,0.06,Surplus (Recharging),,,,,,,,,,,,,,,,,,Construction & Transit,1800,3.24,90.0,1749.6,K-Electric,1800,6,39.0,3.62,9.1,Critical (High Er Visits),30,Extreme,5.2,13.5,,1500,,,
karachi,2025-05-08,Summer (May-Jul),30.0,0.13,0.17,0.46,2025,5,,,,,,,,,34.33,0.13,0.0,0.13,Surplus (Recharging),,,,,,,,,,,,,,,,,,Construction & Transit,1800,3.24,90.0,1749.6,K-Electric,1800,6,39.0,3.62,9.1,Critical (High Er Visits),30,Extreme,5.2,13.5,,1500,,,
karachi,2025-05-09,Summer (May-Jul),29.76,0.16,0.18,0.46,2025,5,,,,,,,,,34.8,0.16,0.0,0.16,Surplus (Recharging),,,,,,,,,,,,,,,,,,Construction & Transit,1800,3.24,90.0,1749.6,K-Electric,1800,6,39.0,3.62,9.1,Critical (High Er Visits),30,Extreme,5.2,13.5,,1500,,,
karachi,2025-05-10,Summer (May-Jul),30.15,0.02,0.17,0.46,2025,5,,,,,,,,,35.07,0.02,0.0,0.02,Surplus (Recharging),,,,,,,,,,,,,,,,,,Construction & Transit,1800,3.24,90.0,1749.6,K-Electric,1800,6,39.0,3.62,9.1,Critical (High Er Visits),30,Extreme,5.2,13.5,,1500,,,
karachi,2025-05-11,Summer (May-Jul),29.78,0.0,0.17,0.46,2025,5,,,,,,,,,33.96,0.0,0.0,0.0,Surplus (Recharging),,,,,,,,,,,,,,,,,,Construction & Transit,1800,3.24,90.0,1749.6,K-Electric,1800,6,39.0,3.62,9.1,Critical (High Er Visits),30,Extreme,5.2,13.5,,1500,,,
karachi,2025-05-12,Summer (May-Jul),29.49,0.0,0.17,0.46,2025,5,,,,,,,,,33.38,0.0,0.0,0.0,Surplus (Recharging),,,,,,,,,,,,,,,,,,Construction & Transit,1800,3.24,90.0,1749.6,K-Electric,1800,6,39.0,3.62,9.1,Critical (High Er Visits),30,Extreme,5.2,13.5,,1500,,,
karachi,2025-05-13,Summer (May-Jul),29.68,0.0,0.17,0.46,2025,5,,,,,,,,,33.37,0.0,0.0,0.0,Surplus (Recharging),,,,,,,,,,,,,,,,,,Construction & Transit,1800,3.24,90.0,1749.6,K-Electric,1800,6,39.0,3.62,9.1,Critical (High Er Visits),30,Extreme,5.2,13.5,,1500,,,
karachi,2025-05-14,Summer (May-Jul),31.24,0.0,0.17,0.46,2025,5,,,,,,,,,36.84,0.0,0.0,0.0,Surplus (Recharging),,,,,,,,,,,,,,,,,,Construction & Transit,1800,3.24,90.0,1749.6,K-Electric,1800,6,39.0,3.62,9.1,Critical (High Er Visits),30,Extreme,5.2,13.5,,1500,,,
karachi,2025-05-15,Summer (May-Jul),31.08,0.0,0.17,0.46,2025,5,,,,,,,,,36.12,0.0,0.0,0.0,Surplus (Recharging),,,,,,,,,,,,,,,,,,Construction & Transit,1800,3.24,90.0,1749.6,K-Electric,1800,6,39.0,3.62,9.1,Critical (High Er Visits),30,Extreme,5.2,13.5,,1500,,,
karachi,2025-05-16,Summer (May-Jul),30.91,0.24,0.17,0.46,2025,5,,,,,,,,,35.74,0.24,0.0,0.24,Surplus (Recharging),,,,,,,,,,,,,,,,,,Construction & Transit,1800,3.24,90.0,1749.6,K-Electric,1800,6,39.0,3.62,9.1,Critical (High Er Visits),30,Extreme,5.2,13.5,,1500,,,
karachi,2025-05-17,Summer (May-Jul),30.47,0.83,0.19,0.46,2025,5,,,,,,,,,34.92,0.83,0.0,0.83,Surplus (Recharging),,,,,,,,,,,,,,,,,,Construction & Transit,1800,3.24,90.0,1749.6,K-Electric,1800,6,39.0,3.62,9.1,Critical (High Er Visits),30,Extreme,5.2,13.5,,1500,,,
karachi,2025-05-18,Summer (May-Jul),30.46,2.32,0.28,0.46,2025,5,,,,,,,,,35.0,2.32,0.0,2.32,Surplus (Recharging),,,,,,,,,,,,,,,,,,Construction & Transit,1800,3.24,90.0,1749.6,K-Electric,1800,6,39.0,3.62,9.1,Critical (High Er Visits),30,Extreme,5.2,13.5,,1500,,,
karachi,2025-05-19,Summer (May-Jul),29.81,0.12,0.28,0.46,2025,5,,,,,,,,,33.36,0.12,0.0,0.12,Surplus (Recharging),,,,,,,,,,,,,,,,,,Construction & Transit,1800,3.24,90.0,1749.6,K-Electric,1800,6,39.0,3.62,9.1,Critical (High Er Visits),30,Extreme,5.2,13.5,,1500,,,
karachi,2025-05-20,Summer (May-Jul),29.7,0.83,0.29,0.46,2025,5,,,,,,,,,32.83,0.83,0.0,0.83,Surplus (Recharging),,,,,,,,,,,,,,,,,,Construction & Transit,1800,3.24,90.0,1749.6,K-Electric,1800,6,39.0,3.62,9.1,Critical (High Er Visits),30,Extreme,5.2,13.5,,1500,,,
karachi,2025-05-21,Summer (May-Jul),29.82,0.23,0.3,0.46,2025,5,,,,,,,,,33.12,0.23,0.0,0.23,Surplus (Recharging),,,,,,,,,,,,,,,,,,Construction & Transit,1800,3.24,90.0,1749.6,K-Electric,1800,6,39.0,3.62,9.1,Critical (High Er Visits),30,Extreme,5.2,13.5,,1500,,,
karachi,2025-05-22,Summer (May-Jul),29.94,0.0,0.28,0.46,2025,5,,,,,,,,,33.39,0.0,0.0,0.0,Surplus (Recharging),,,,,,,,,,,,,,,,,,Construction & Transit,1800,3.24,90.0,1749.6,K-Electric,1800,6,39.0,3.62,9.1,Critical (High Er Visits),30,Extreme,5.2,13.5,,1500,,,
karachi,2025-05-23,Summer (May-Jul),30.06,0.0,0.27,0.46,2025,5,,,,,,,,,33.7,0.0,0.0,0.0,Surplus (Recharging),,,,,,,,,,,,,,,,,,Construction & Transit,1800,3.24,90.0,1749.6,K-Electric,1800,6,39.0,3.62,9.1,Critical (High Er Visits),30,Extreme,5.2,13.5,,1500,,,
karachi,2025-05-24,Summer (May-Jul),30.57,0.0,0.26,0.46,2025,5,,,,,,,,,34.3,0.0,0.0,0.0,Surplus (Recharging),,,,,,,,,,,,,,,,,,Construction & Transit,1800,3.24,90.0,1749.6,K-Electric,1800,6,39.0,3.62,9.1,Critical (High Er Visits),30,Extreme,5.2,13.5,,1500,,,
karachi,2025-05-25,Summer (May-Jul),30.59,0.0,0.25,0.46,2025,5,,,,,,,,,34.48,0.0,0.0,0.0,Surplus (Recharging),,,,,,,,,,,,,,,,,,Construction & Transit,1800,3.24,90.0,1749.6,K-Electric,1800,6,39.0,3.62,9.1,Critical (High Er Visits),30,Extreme,5.2,13.5,,1500,,,
karachi,2025-05-26,Summer (May-Jul),30.64,0.02,0.24,0.46,2025,5,,,,,,,,,35.54,0.02,0.0,0.02,Surplus (Recharging),,,,,,,,,,,,,,,,,,Construction & Transit,1800,3.24,90.0,1749.6,K-Electric,1800,6,39.0,3.62,9.1,Critical (High Er Visits),30,Extreme,5.2,13.5,,1500,,,
karachi,2025-05-27,Summer (May-Jul),30.52,0.05,0.24,0.46,2025,5,,,,,,,,,34.5,0.05,0.0,0.05,Surplus (Recharging),,,,,,,,,,,,,,,,,,Construction & Transit,1800,3.24,90.0,1749.6,K-Electric,1800,6,39.0,3.62,9.1,Critical (High Er Visits),30,Extreme,5.2,13.5,,1500,,,
karachi,2025-05-28,Summer (May-Jul),31.85,0.06,0.23,0.46,2025,5,,,,,,,,,37.59,0.06,0.0,0.06,Surplus (Recharging),,,,,,,,,,,,,,,,,,Construction & Transit,1800,3.24,90.0,1749.6,K-Electric,1800,6,39.0,3.62,9.1,Critical (High Er Visits),30,Extreme,5.2,13.5,,1500,,,
karachi,2025-05-29,Summer (May-Jul),33.19,0.09,0.23,0.46,2025,5,,,,,,,,,40.41,0.09,0.0,0.09,Surplus (Recharging),,,,,,,,,,,,,,,,,,Construction & Transit,1800,3.24,90.0,1749.6,K-Electric,1800,6,39.0,3.62,9.1,Critical (High Er Visits),30,Extreme,5.2,13.5,,1500,,,
karachi,2025-05-30,Summer (May-Jul),32.69,0.0,0.21,0.46,2025,5,,,,,,,,,39.25,0.0,0.0,0.0,Surplus (Recharging),,,,,,,,,,,,,,,,,,Construction & Transit,1800,3.24,90.0,1749.6,K-Electric,1800,6,39.0,3.62,9.1,Critical (High Er Visits),30,Extreme,5.2,13.5,,1500,,,
karachi,2025-05-31,Summer (May-Jul),31.53,0.0,0.2,0.46,2025,5,,,,,,,,,37.21,0.0,0.0,0.0,Surplus (Recharging),,,,,,,,,,,,,,,,,,Construction & Transit,1800,3.24,90.0,1749.6,K-Electric,1800,6,39.0,3.62,9.1,Critical (High Er Visits),30,Extreme,5.2,13.5,,1500,,,
karachi,2025-06-01,Summer (May-Jul),31.09,0.0,0.2,0.46,2025,6,,,,,,,,,36.32,0.0,0.0,0.0,Surplus (Recharging),34.0,40.8,117.0,7.0,135674719.0,,,,,,,,,,,,,Construction & Transit,3000,5.4,150.0,4860.0,K-Electric,2400,8,40.5,4.13,10.3,Critical (High Er Visits),40,Extreme,6.8,17.8,,1500,,,
karachi,2025-06-02,Summer (May-Jul),30.41,0.0,0.19,0.46,2025,6,,,,,,,,,35.41,0.0,0.0,0.0,Surplus (Recharging),36.2,41.7,135.0,6.0,134680815.0,,,,,,,,,,,,,Construction & Transit,3000,5.4,150.0,4860.0,K-Electric,2400,8,40.5,4.13,10.3,Critical (High Er Visits),40,Extreme,6.8,17.8,,1500,,,
karachi,2025-06-03,Summer (May-Jul),29.5,0.0,0.19,0.46,2025,6,,,,,,,,,32.46,0.0,0.0,0.0,Surplus (Recharging),35.8,43.5,139.0,7.0,131889565.0,,,,,,,,,,,,,Construction & Transit,3000,5.4,150.0,4860.0,K-Electric,2400,8,40.5,4.13,10.3,Critical (High Er Visits),40,Extreme,6.8,17.8,,1500,,,
karachi,2025-06-04,Summer (May-Jul),29.91,0.0,0.19,0.46,2025,6,,,,,,,,,33.07,0.0,0.0,0.0,Surplus (Recharging),35.4,41.0,136.0,5.0,130141415.0,,,,,,,,,,,,,Construction & Transit,3000,5.4,150.0,4860.0,K-Electric,2400,8,40.5,4.13,10.3,Critical (High Er Visits),40,Extreme,6.8,17.8,,1500,,,
karachi,2025-06-05,Summer (May-Jul),30.27,0.0,0.19,0.46,2025,6,,,,,,,,,33.56,0.0,0.0,0.0,Surplus (Recharging),41.4,45.6,184.0,10.0,125833470.0,,,,,,,,,,,,,Construction & Transit,3000,5.4,150.0,4860.0,K-Electric,2400,8,40.5,4.13,10.3,Critical (High Er Visits),40,Extreme,6.8,17.8,,1500,,,
karachi,2025-06-06,Summer (May-Jul),30.04,0.0,0.18,0.46,2025,6,,,,,,,,,33.2,0.0,0.0,0.0,Surplus (Recharging),44.23,52.0,213.0,10.0,133812847.0,,,,,,,,,,,,,Construction & Transit,3000,5.4,150.0,4860.0,K-Electric,2400,8,40.5,4.13,10.3,Critical (High Er Visits),40,Extreme,6.8,17.8,,1500,,,
karachi,2025-06-07,Summer (May-Jul),30.0,0.0,0.18,0.46,2025,6,,,,,,,,,33.25,0.0,0.0,0.0,Surplus (Recharging),41.83,47.4,164.0,12.0,110265532.0,,,,,,,,,,,,,Construction & Transit,3000,5.4,150.0,4860.0,K-Electric,2400,8,40.5,4.13,10.3,Critical (High Er Visits),40,Extreme,6.8,17.8,,1500,,,
karachi,2025-06-08,Summer (May-Jul),29.81,0.0,0.18,0.46,2025,6,,,,,,,,,33.48,0.0,0.0,0.0,Surplus (Recharging),43.66,51.1,210.0,12.0,119946026.0,,,,,,,,,,,,,Construction & Transit,3000,5.4,150.0,4860.0,K-Electric,2400,8,40.5,4.13,10.3,Critical (High Er Visits),40,Extreme,6.8,17.8,,1500,,,
karachi,2025-06-09,Summer (May-Jul),30.19,0.0,0.18,0.46,2025,6,,,,,,,,,33.74,0.0,0.0,0.0,Surplus (Recharging),42.86,48.5,191.0,14.0,125383887.0,,,,,,,,,,,,,Construction & Transit,3000,5.4,150.0,4860.0,K-Electric,2400,8,40.5,4.13,10.3,Critical (High Er Visits),40,Extreme,6.8,17.8,,1500,,,
karachi,2025-06-10,Summer (May-Jul),29.91,0.0,0.18,0.46,2025,6,,,,,,,,,33.06,0.0,0.0,0.0,Surplus (Recharging),39.6,47.5,152.0,10.0,130054240.0,,,,,,,,,,,,,Construction & Transit,3000,5.4,150.0,4860.0,K-Electric,2400,8,40.5,4.13,10.3,Critical (High Er Visits),40,Extreme,6.8,17.8,,1500,,,
karachi,2025-06-11,Summer (May-Jul),30.11,0.01,0.18,0.46,2025,6,,,,,,,,,33.3,0.01,0.0,0.01,Surplus (Recharging),33.2,38.2,138.0,5.0,150594728.0,,,,,,,,,,,,,Construction & Transit,3000,5.4,150.0,4860.0,K-Electric,2400,8,40.5,4.13,10.3,Critical (High Er Visits),40,Extreme,6.8,17.8,,1500,,,
karachi,2025-06-12,Summer (May-Jul),30.51,0.01,0.18,0.46,2025,6,,,,,,,,,34.13,0.01,0.0,0.01,Surplus (Recharging),42.98,51.4,199.0,14.0,109318576.0,,,,,,,,,,,,,Construction & Transit,3000,5.4,150.0,4860.0,K-Electric,2400,8,40.5,4.13,10.3,Critical (High Er Visits),40,Extreme,6.8,17.8,,1500,,,
karachi,2025-06-13,Summer (May-Jul),31.31,0.02,0.18,0.46,2025,6,,,,,,,,,37.18,0.02,0.0,0.02,Surplus (Recharging),42.33,49.8,163.0,12.0,101692315.0,,,,,,,,,,,,,Construction & Transit,3000,5.4,150.0,4860.0,K-Electric,2400,8,40.5,4.13,10.3,Critical (High Er Visits),40,Extreme,6.8,17.8,,1500,,,
karachi,2025-06-14,Summer (May-Jul),30.57,0.07,0.18,0.46,2025,6,,,,,,,,,34.13,0.07,0.0,0.07,Surplus (Recharging),42.18,46.7,195.0,11.0,124506518.0,,,,,,,,,,,,,Construction & Transit,3000,5.4,150.0,4860.0,K-Electric,2400,8,40.5,4.13,10.3,Critical (High Er Visits),40,Extreme,6.8,17.8,,1500,,,
karachi,2025-06-15,Summer (May-Jul),31.4,0.21,0.18,0.46,2025,6,,,,,,,,,36.19,0.21,0.0,0.21,Surplus (Recharging),44.15,50.7,197.0,14.0,118625708.0,,,,,,,,,,,,,Construction & Transit,3000,5.4,150.0,4860.0,K-Electric,2400,8,40.5,4.13,10.3,Critical (High Er Visits),40,Extreme,6.8,17.8,,1500,,,
karachi,2025-06-16,Summer (May-Jul),31.63,0.26,0.19,0.46,2025,6,,,,,,,,,36.95,0.26,0.0,0.26,Surplus (Recharging),38.9,47.3,185.0,8.0,143684219.0,,,,,,,,,,,,,Construction & Transit,3000,5.4,150.0,4860.0,K-Electric,2400,8,40.5,4.13,10.3,Critical (High Er Visits),40,Extreme,6.8,17.8,,1500,,,
karachi,2025-06-17,Summer (May-Jul),31.35,0.47,0.2,0.46,2025,6,,,,,,,,,35.89,0.47,0.0,0.47,Surplus (Recharging),34.7,40.8,118.0,3.0,154381457.0,,,,,,,,,,,,,Construction & Transit,3000,5.4,150.0,4860.0,K-Electric,2400,8,40.5,4.13,10.3,Critical (High Er Visits),40,Extreme,6.8,17.8,,1500,,,
karachi,2025-06-18,Summer (May-Jul),30.59,0.18,0.21,0.46,2025,6,,,,,,,,,34.0,0.18,0.0,0.18,Surplus (Recharging),36.9,41.7,132.0,7.0,137867436.0,,,,,,,,,,,,,Construction & Transit,3000,5.4,150.0,4860.0,K-Electric,2400,8,40.5,4.13,10.3,Critical (High Er Visits),40,Extreme,6.8,17.8,,1500,,,
karachi,2025-06-19,Summer (May-Jul),30.19,0.14,0.21,0.46,2025,6,,,,,,,,,32.85,0.14,0.0,0.14,Surplus (Recharging),28.9,35.1,75.0,7.0,140153902.0,,,,,,,,,,,,,Construction & Transit,3000,5.4,150.0,4860.0,K-Electric,2400,8,40.5,4.13,10.3,Critical (High Er Visits),40,Extreme,6.8,17.8,,1500,,,
karachi,2025-06-20,Summer (May-Jul),30.34,0.04,0.21,0.46,2025,6,,,,,,,,,33.0,0.04,0.0,0.04,Surplus (Recharging),34.4,40.7,131.0,4.0,138081785.0,,,,,,,,,,,,,Construction & Transit,3000,5.4,150.0,4860.0,K-Electric,2400,8,40.5,4.13,10.3,Critical (High Er Visits),40,Extreme,6.8,17.8,,1500,,,
karachi,2025-06-21,Summer (May-Jul),30.95,0.0,0.21,0.46,2025,6,,,,,,,,,33.73,0.0,0.0,0.0,Surplus (Recharging),36.4,43.7,140.0,4.0,127808853.0,,,,,,,,,,,,,Construction & Transit,3000,5.4,150.0,4860.0,K-Electric,2400,8,40.5,4.13,10.3,Critical (High Er Visits),40,Extreme,6.8,17.8,,1500,,,
karachi,2025-06-22,Summer (May-Jul),30.78,0.0,0.21,0.46,2025,6,,,,,,,,,33.63,0.0,0.0,0.0,Surplus (Recharging),33.9,41.0,111.0,7.0,133677212.0,,,,,,,,,,,,,Construction & Transit,3000,5.4,150.0,4860.0,K-Electric,2400,8,40.5,4.13,10.3,Critical (High Er Visits),40,Extreme,6.8,17.8,,1500,,,
karachi,2025-06-23,Summer (May-Jul),30.79,0.0,0.2,0.46,2025,6,,,,,,,,,33.64,0.0,0.0,0.0,Surplus (Recharging),41.1,46.9,161.0,12.0,129825734.0,,,,,,,,,,,,,Construction & Transit,3000,5.4,150.0,4860.0,K-Electric,2400,8,40.5,4.13,10.3,Critical (High Er Visits),40,Extreme,6.8,17.8,,1500,,,
karachi,2025-06-24,Summer (May-Jul),30.59,0.0,0.2,0.46,2025,6,,,,,,,,,33.39,0.0,0.0,0.0,Surplus (Recharging),33.4,38.4,97.0,7.0,139063608.0,,,,,,,,,,,,,Construction & Transit,3000,5.4,150.0,4860.0,K-Electric,2400,8,40.5,4.13,10.3,Critical (High Er Visits),40,Extreme,6.8,17.8,,1500,,,
karachi,2025-06-25,Summer (May-Jul),31.47,0.32,0.2,0.46,2025,6,,,,,,,,,35.5,0.32,0.0,0.32,Surplus (Recharging),35.9,42.8,149.0,4.0,148338073.0,,,,,,,,,,,,,Construction & Transit,3000,5.4,150.0,4860.0,K-Electric,2400,8,40.5,4.13,10.3,Critical (High Er Visits),40,Extreme,6.8,17.8,,1500,,,
karachi,2025-06-26,Summer (May-Jul),31.28,9.75,0.3,0.46,2025,6,,,,,,,,,35.3,9.75,0.0,9.75,Surplus (Recharging),37.3,43.2,132.0,7.0,128222443.0,,,,,,,,,,,,,Construction & Transit,3000,5.4,150.0,4860.0,K-Electric,2400,8,40.5,4.13,10.3,Critical (High Er Visits),40,Extreme,6.8,17.8,,1500,,,
karachi,2025-06-27,Summer (May-Jul),29.75,6.72,0.52,0.48,2025,6,,,,,,,,,31.9,6.72,0.0,6.72,Surplus (Recharging),40.6,45.2,206.0,13.0,114844531.0,,,,,,,,,,,,,Construction & Transit,3000,5.4,150.0,4860.0,K-Electric,2400,8,40.5,4.13,10.3,Critical (High Er Visits),40,Extreme,6.8,17.8,,1500,,,
karachi,2025-06-28,Summer (May-Jul),28.65,15.55,0.62,0.51,2025,6,,,,,,,,,29.71,15.55,0.0,15.55,Surplus (Recharging),33.4,41.5,114.0,6.0,139834254.0,,,,,,,,,,,,,Construction & Transit,3000,5.4,150.0,4860.0,K-Electric,2400,8,40.5,4.13,10.3,Critical (High Er Visits),40,Extreme,6.8,17.8,,1500,,,
karachi,2025-06-29,Summer (May-Jul),28.69,5.58,0.55,0.52,2025,6,,,,,,,,,29.94,5.58,0.0,5.58,Surplus (Recharging),39.9,47.0,144.0,11.0,117034926.0,,,,,,,,,,,,,Construction & Transit,3000,5.4,150.0,4860.0,K-Electric,2400,8,40.5,4.13,10.3,Critical (High Er Visits),40,Extreme,6.8,17.8,,1500,,,
karachi,2025-06-30,Summer (May-Jul),30.0,0.15,0.48,0.52,2025,6,,,,,,,,,32.76,0.15,0.0,0.15,Surplus (Recharging),37.0,44.1,132.0,12.0,114842829.0,,,,,,,,,,,,,Construction & Transit,3000,5.4,150.0,4860.0,K-Electric,2400,8,40.5,4.13,10.3,Critical (High Er Visits),40,Extreme,6.8,17.8,,1500,,,
karachi,2025-07-01,Summer (May-Jul),30.38,0.03,0.47,0.51,2025,7,,,,,,,,,33.01,0.03,0.0,0.03,Surplus (Recharging),32.5,40.2,90.0,3.0,145479822.0,,,,,,,,,,,,,Construction & Transit,2700,4.86,135.0,3936.6,K-Electric,2100,7,36.5,2.8,7.0,Elevated (Heat Stress),70,Extreme (Humid),6.1,15.9,,1500,,,
karachi,2025-07-02,Summer (May-Jul),30.21,0.04,0.46,0.51,2025,7,,,,,,,,,32.9,0.04,0.0,0.04,Surplus (Recharging),41.11,47.5,170.0,13.0,125109047.0,,,,,,,,,,,,,Construction & Transit,2700,4.86,135.0,3936.6,K-Electric,2100,7,36.5,2.8,7.0,Elevated (Heat Stress),70,Extreme (Humid),6.1,15.9,,1500,,,
karachi,2025-07-03,Summer (May-Jul),30.45,0.02,0.46,0.51,2025,7,,,,,,,,,33.19,0.02,0.0,0.02,Surplus (Recharging),42.92,50.6,167.0,10.0,123004713.0,,,,,,,,,,,,,Construction & Transit,2700,4.86,135.0,3936.6,K-Electric,2100,7,36.5,2.8,7.0,Elevated (Heat Stress),70,Extreme (Humid),6.1,15.9,,1500,,,
karachi,2025-07-04,Summer (May-Jul),30.3,0.09,0.46,0.5,2025,7,,,,,,,,,32.8,0.09,0.0,0.09,Surplus (Recharging),42.87,49.1,190.0,12.0,108368105.0,,,,,,,,,,,,,Construction & Transit,2700,4.86,135.0,3936.6,K-Electric,2100,7,36.5,2.8,7.0,Elevated (Heat Stress),70,Extreme (Humid),6.1,15.9,,1500,,,
karachi,2025-07-05,Summer (May-Jul),30.3,0.18,0.46,0.5,2025,7,,,,,,,,,32.34,0.18,0.0,0.18,Surplus (Recharging),42.25,46.5,165.0,14.0,107641960.0,,,,,,,,,,,,,Construction & Transit,2700,4.86,135.0,3936.6,K-Electric,2100,7,36.5,2.8,7.0,Elevated (Heat Stress),70,Extreme (Humid),6.1,15.9,,1500,,,
karachi,2025-07-06,Summer (May-Jul),30.16,0.48,0.46,0.5,2025,7,,,,,,,,,32.75,0.48,0.0,0.48,Surplus (Recharging),34.0,39.8,141.0,7.0,134536720.0,,,,,,,,,,,,,Construction & Transit,2700,4.86,135.0,3936.6,K-Electric,2100,7,36.5,2.8,7.0,Elevated (Heat Stress),70,Extreme (Humid),6.1,15.9,,1500,,,
karachi,2025-07-07,Summer (May-Jul),29.55,0.28,0.47,0.5,2025,7,,,,,,,,,31.41,0.28,0.0,0.28,Surplus (Recharging),35.3,41.5,139.0,4.0,141915209.0,,,,,,,,,,,,,Construction & Transit,2700,4.86,135.0,3936.6,K-Electric,2100,7,36.5,2.8,7.0,Elevated (Heat Stress),70,Extreme (Humid),6.1,15.9,,1500,,,
karachi,2025-07-08,Summer (May-Jul),30.19,0.55,0.46,0.49,2025,7,,,,,,,,,33.55,0.55,0.0,0.55,Surplus (Recharging),36.7,43.9,137.0,6.0,137412381.0,,,,,,,,,,,,,Construction & Transit,2700,4.86,135.0,3936.6,K-Electric,2100,7,36.5,2.8,7.0,Elevated (Heat Stress),70,Extreme (Humid),6.1,15.9,,1500,,,
karachi,2025-07-09,Summer (May-Jul),29.99,0.45,0.46,0.49,2025,7,,,,,,,,,32.7,0.45,0.0,0.45,Surplus (Recharging),39.0,43.5,174.0,4.0,145212952.0,,,,,,,,,,,,,Construction & Transit,2700,4.86,135.0,3936.6,K-Electric,2100,7,36.5,2.8,7.0,Elevated (Heat Stress),70,Extreme (Humid),6.1,15.9,,1500,,,
karachi,2025-07-10,Summer (May-Jul),30.32,6.89,0.5,0.49,2025,7,,,,,,,,,33.55,6.89,0.0,6.89,Surplus (Recharging),31.9,36.5,122.0,6.0,135058105.0,,,,,,,,,,,,,Construction & Transit,2700,4.86,135.0,3936.6,K-Electric,2100,7,36.5,2.8,7.0,Elevated (Heat Stress),70,Extreme (Humid),6.1,15.9,,1500,,,
karachi,2025-07-11,Summer (May-Jul),30.07,1.92,0.49,0.5,2025,7,,,,,,,,,32.95,1.92,0.0,1.92,Surplus (Recharging),40.3,45.5,202.0,9.0,130150560.0,,,,,,,,,,,,,Construction & Transit,2700,4.86,135.0,3936.6,K-Electric,2100,7,36.5,2.8,7.0,Elevated (Heat Stress),70,Extreme (Humid),6.1,15.9,,1500,,,
karachi,2025-07-12,Summer (May-Jul),29.77,1.93,0.49,0.5,2025,7,,,,,,,,,32.05,1.93,0.0,1.93,Surplus (Recharging),30.1,35.3,90.0,4.0,139549731.0,,,,,,,,,,,,,Construction & Transit,2700,4.86,135.0,3936.6,K-Electric,2100,7,36.5,2.8,7.0,Elevated (Heat Stress),70,Extreme (Humid),6.1,15.9,,1500,,,
karachi,2025-07-13,Summer (May-Jul),29.88,0.97,0.47,0.5,2025,7,,,,,,,,,32.46,0.97,0.0,0.97,Surplus (Recharging),34.6,41.9,125.0,5.0,148987334.0,,,,,,,,,,,,,Construction & Transit,2700,4.86,135.0,3936.6,K-Electric,2100,7,36.5,2.8,7.0,Elevated (Heat Stress),70,Extreme (Humid),6.1,15.9,,1500,,,
karachi,2025-07-14,Summer (May-Jul),29.86,7.75,0.51,0.5,2025,7,,,,,,,,,32.45,7.75,0.0,7.75,Surplus (Recharging),36.5,41.6,159.0,3.0,156823420.0,,,,,,,,,,,,,Construction & Transit,2700,4.86,135.0,3936.6,K-Electric,2100,7,36.5,2.8,7.0,Elevated (Heat Stress),70,Extreme (Humid),6.1,15.9,,1500,,,
karachi,2025-07-15,Summer (May-Jul),29.36,3.38,0.53,0.51,2025,7,,,,,,,,,31.68,3.38,0.0,3.38,Surplus (Recharging),35.7,42.5,107.0,7.0,120609887.0,,,,,,,,,,,,,Construction & Transit,2700,4.86,135.0,3936.6,K-Electric,2100,7,36.5,2.8,7.0,Elevated (Heat Stress),70,Extreme (Humid),6.1,15.9,,1500,,,
karachi,2025-07-16,Summer (May-Jul),29.57,0.5,0.47,0.51,2025,7,,,,,,,,,32.45,0.5,0.0,0.5,Surplus (Recharging),33.4,39.6,136.0,6.0,132447480.0,,,,,,,,,,,,,Construction & Transit,2700,4.86,135.0,3936.6,K-Electric,2100,7,36.5,2.8,7.0,Elevated (Heat Stress),70,Extreme (Humid),6.1,15.9,,1500,,,
karachi,2025-07-17,Summer (May-Jul),29.46,0.4,0.47,0.51,2025,7,,,,,,,,,31.98,0.4,0.0,0.4,Surplus (Recharging),34.5,41.1,130.0,7.0,132827244.0,,,,,,,,,,,,,Construction & Transit,2700,4.86,135.0,3936.6,K-Electric,2100,7,36.5,2.8,7.0,Elevated (Heat Stress),70,Extreme (Humid),6.1,15.9,,1500,,,
karachi,2025-07-18,Summer (May-Jul),30.02,0.32,0.46,0.5,2025,7,,,,,,,,,32.81,0.32,0.0,0.32,Surplus (Recharging),33.8,41.6,105.0,4.0,137330852.0,,,,,,,,,,,,,Construction & Transit,2700,4.86,135.0,3936.6,K-Electric,2100,7,36.5,2.8,7.0,Elevated (Heat Stress),70,Extreme (Humid),6.1,15.9,,1500,,,
karachi,2025-07-19,Summer (May-Jul),29.37,4.39,0.5,0.5,2025,7,,,,,,,,,31.18,4.39,0.0,4.39,Surplus (Recharging),33.5,39.3,97.0,7.0,150429225.0,,,,,,,,,,,,,Construction & Transit,2700,4.86,135.0,3936.6,K-Electric,2100,7,36.5,2.8,7.0,Elevated (Heat Stress),70,Extreme (Humid),6.1,15.9,,1500,,,
karachi,2025-07-20,Summer (May-Jul),29.99,8.56,0.56,0.52,2025,7,,,,,,,,,32.52,8.56,0.0,8.56,Surplus (Recharging),37.1,44.6,129.0,14.0,117239552.0,,,,,,,,,,,,,Construction & Transit,2700,4.86,135.0,3936.6,K-Electric,2100,7,36.5,2.8,7.0,Elevated (Heat Stress),70,Extreme (Humid),6.1,15.9,,1500,,,
karachi,2025-07-21,Summer (May-Jul),29.98,3.76,0.52,0.52,2025,7,,,,,,,,,32.37,3.76,0.0,3.76,Surplus (Recharging),35.9,41.8,97.0,7.0,124446281.0,,,,,,,,,,,,,Construction & Transit,2700,4.86,135.0,3936.6,K-Electric,2100,7,36.5,2.8,7.0,Elevated (Heat Stress),70,Extreme (Humid),6.1,15.9,,1500,,,
karachi,2025-07-22,Summer (May-Jul),29.82,0.11,0.48,0.52,2025,7,,,,,,,,,32.32,0.11,0.0,0.11,Surplus (Recharging),33.3,38.9,108.0,3.0,148464423.0,,,,,,,,,,,,,Construction & Transit,2700,4.86,135.0,3936.6,K-Electric,2100,7,36.5,2.8,7.0,Elevated (Heat Stress),70,Extreme (Humid),6.1,15.9,,1500,,,
karachi,2025-07-23,Summer (May-Jul),29.47,0.68,0.48,0.52,2025,7,,,,,,,,,31.78,0.68,0.0,0.68,Surplus (Recharging),37.2,45.5,149.0,9.0,130209745.0,,,,,,,,,,,,,Construction & Transit,2700,4.86,135.0,3936.6,K-Electric,2100,7,36.5,2.8,7.0,Elevated (Heat Stress),70,Extreme (Humid),6.1,15.9,,1500,,,
karachi,2025-07-24,Summer (May-Jul),29.61,0.35,0.47,0.51,2025,7,,,,,,,,,32.04,0.35,0.0,0.35,Surplus (Recharging),35.8,40.6,124.0,3.0,145541929.0,,,,,,,,,,,,,Construction & Transit,2700,4.86,135.0,3936.6,K-Electric,2100,7,36.5,2.8,7.0,Elevated (Heat Stress),70,Extreme (Humid),6.1,15.9,,1500,,,
karachi,2025-07-25,Summer (May-Jul),30.17,0.04,0.46,0.51,2025,7,,,,,,,,,33.53,0.04,0.0,0.04,Surplus (Recharging),37.0,41.4,159.0,3.0,160578761.0,,,,,,,,,,,,,Construction & Transit,2700,4.86,135.0,3936.6,K-Electric,2100,7,36.5,2.8,7.0,Elevated (Heat Stress),70,Extreme (Humid),6.1,15.9,,1500,,,
karachi,2025-07-26,Summer (May-Jul),29.73,0.0,0.46,0.51,2025,7,,,,,,,,,32.67,0.0,0.0,0.0,Surplus (Recharging),36.6,44.1,160.0,14.0,118507851.0,,,,,,,,,,,,,Construction & Transit,2700,4.86,135.0,3936.6,K-Electric,2100,7,36.5,2.8,7.0,Elevated (Heat Stress),70,Extreme (Humid),6.1,15.9,,1500,,,
karachi,2025-07-27,Summer (May-Jul),29.54,0.0,0.46,0.5,2025,7,,,,,,,,,32.25,0.0,0.0,0.0,Surplus (Recharging),32.9,37.2,133.0,3.0,139463384.0,,,,,,,,,,,,,Construction & Transit,2700,4.86,135.0,3936.6,K-Electric,2100,7,36.5,2.8,7.0,Elevated (Heat Stress),70,Extreme (Humid),6.1,15.9,,1500,,,
karachi,2025-07-28,Summer (May-Jul),29.51,0.0,0.46,0.5,2025,7,,,,,,,,,32.01,0.0,0.0,0.0,Surplus (Recharging),33.6,41.4,121.0,4.0,120447235.0,,,,,,,,,,,,,Construction & Transit,2700,4.86,135.0,3936.6,K-Electric,2100,7,36.5,2.8,7.0,Elevated (Heat Stress),70,Extreme (Humid),6.1,15.9,,1500,,,
karachi,2025-07-29,Summer (May-Jul),28.85,0.0,0.46,0.5,2025,7,,,,,,,,,31.52,0.0,0.0,0.0,Surplus (Recharging),36.9,42.9,103.0,6.0,133346009.0,,,,,,,,,,,,,Construction & Transit,2700,4.86,135.0,3936.6,K-Electric,2100,7,36.5,2.8,7.0,Elevated (Heat Stress),70,Extreme (Humid),6.1,15.9,,1500,,,
karachi,2025-07-30,Summer (May-Jul),28.75,0.11,0.46,0.49,2025,7,,,,,,,,,31.45,0.11,0.0,0.11,Surplus (Recharging),36.5,44.6,124.0,9.0,140559699.0,,,,,,,,,,,,,Construction & Transit,2700,4.86,135.0,3936.6,K-Electric,2100,7,36.5,2.8,7.0,Elevated (Heat Stress),70,Extreme (Humid),6.1,15.9,,1500,,,
karachi,2025-07-31,Summer (May-Jul),28.85,0.14,0.45,0.49,2025,7,,,,,,,,,31.96,0.14,0.0,0.14,Surplus (Recharging),34.9,42.1,123.0,3.0,141588308.0,,,,,,,,,,,,,Construction & Transit,2700,4.86,135.0,3936.6,K-Electric,2100,7,36.5,2.8,7.0,Elevated (Heat Stress),70,Extreme (Humid),6.1,15.9,,1500,,,
karachi,2025-12-01,Winter (Dec-Jan),21.27,0.0,0.29,0.46,2025,12,,,,,,,,,,,,,,,,,,,,,,,,,,,,,,,Construction & Transit,0,0.0,0.0,0.0,K-Electric,350,1,20.5,0.0,0.0,Baseline,65,Safe,0.0,0.0,,1500,,,
karachi,2025-12-02,Winter (Dec-Jan),20.45,0.0,0.29,0.46,2025,12,,,,,,,,,,,,,,,,,,,,,,,,,,,,,,,Construction & Transit,0,0.0,0.0,0.0,K-Electric,350,1,20.5,0.0,0.0,Baseline,65,Safe,0.0,0.0,,1500,,,
karachi,2025-12-03,Winter (Dec-Jan),20.25,0.0,0.28,0.46,2025,12,,,,,,,,,,,,,,,,,,,,,,,,,,,,,,,Construction & Transit,0,0.0,0.0,0.0,K-Electric,350,1,20.5,0.0,0.0,Baseline,65,Safe,0.0,0.0,,1500,,,
karachi,2025-12-04,Winter (Dec-Jan),21.16,0.0,0.27,0.46,2025,12,,,,,,,,,,,,,,,,,,,,,,,,,,,,,,,Construction & Transit,0,0.0,0.0,0.0,K-Electric,350,1,20.5,0.0,0.0,Baseline,65,Safe,0.0,0.0,,1500,,,
karachi,2025-12-05,Winter (Dec-Jan),22.31,0.0,0.26,0.46,2025,12,,,,,,,,,,,,,,,,,,,,,,,,,,,,,,,Construction & Transit,0,0.0,0.0,0.0,K-Electric,350,1,20.5,0.0,0.0,Baseline,65,Safe,0.0,0.0,,1500,,,
karachi,2025-12-06,Winter (Dec-Jan),21.45,0.0,0.25,0.46,2025,12,,,,,,,,,,,,,,,,,,,,,,,,,,,,,,,Construction & Transit,0,0.0,0.0,0.0,K-Electric,350,1,20.5,0.0,0.0,Baseline,65,Safe,0.0,0.0,,1500,,,
karachi,2025-12-07,Winter (Dec-Jan),22.05,0.0,0.24,0.46,2025,12,,,,,,,,,,,,,,,,,,,,,,,,,,,,,,,Construction & Transit,0,0.0,0.0,0.0,K-Electric,350,1,20.5,0.0,0.0,Baseline,65,Safe,0.0,0.0,,1500,,,
karachi,2025-12-08,Winter (Dec-Jan),22.74,0.0,0.23,0.46,2025,12,,,,,,,,,,,,,,,,,,,,,,,,,,,,,,,Construction & Transit,0,0.0,0.0,0.0,K-Electric,350,1,20.5,0.0,0.0,Baseline,65,Safe,0.0,0.0,,1500,,,
karachi,2025-12-09,Winter (Dec-Jan),22.88,0.0,0.22,0.46,2025,12,,,,,,,,,,,,,,,,,,,,,,,,,,,,,,,Construction & Transit,0,0.0,0.0,0.0,K-Electric,350,1,20.5,0.0,0.0,Baseline,65,Safe,0.0,0.0,,1500,,,
karachi,2025-12-10,Winter (Dec-Jan),22.06,0.0,0.22,0.46,2025,12,,,,,,,,,,,,,,,,,,,,,,,,,,,,,,,Construction & Transit,0,0.0,0.0,0.0,K-Electric,350,1,20.5,0.0,0.0,Baseline,65,Safe,0.0,0.0,,1500,,,
karachi,2025-12-11,Winter (Dec-Jan),21.59,0.0,0.21,0.46,2025,12,,,,,,,,,,,,,,,,,,,,,,,,,,,,,,,Construction & Transit,0,0.0,0.0,0.0,K-Electric,350,1,20.5,0.0,0.0,Baseline,65,Safe,0.0,0.0,,1500,,,
karachi,2025-12-12,Winter (Dec-Jan),21.07,0.0,0.21,0.46,2025,12,,,,,,,,,,,,,,,,,,,,,,,,,,,,,,,Construction & Transit,0,0.0,0.0,0.0,K-Electric,350,1,20.5,0.0,0.0,Baseline,65,Safe,0.0,0.0,,1500,,,
karachi,2025-12-13,Winter (Dec-Jan),21.19,0.0,0.21,0.46,2025,12,,,,,,,,,,,,,,,,,,,,,,,,,,,,,,,Construction & Transit,0,0.0,0.0,0.0,K-Electric,350,1,20.5,0.0,0.0,Baseline,65,Safe,0.0,0.0,,1500,,,
karachi,2025-12-14,Winter (Dec-Jan),21.03,0.0,0.21,0.46,2025,12,,,,,,,,,,,,,,,,,,,,,,,,,,,,,,,Construction & Transit,0,0.0,0.0,0.0,K-Electric,350,1,20.5,0.0,0.0,Baseline,65,Safe,0.0,0.0,,1500,,,
karachi,2025-12-15,Winter (Dec-Jan),21.97,0.0,0.2,0.46,2025,12,,,,,,,,,,,,,,,,,,,,,,,,,,,,,,,Construction & Transit,0,0.0,0.0,0.0,K-Electric,350,1,20.5,0.0,0.0,Baseline,65,Safe,0.0,0.0,,1500,,,
karachi,2025-12-16,Winter (Dec-Jan),21.5,0.0,0.2,0.46,2025,12,,,,,,,,,,,,,,,,,,,,,,,,,,,,,,,Construction & Transit,0,0.0,0.0,0.0,K-Electric,350,1,20.5,0.0,0.0,Baseline,65,Safe,0.0,0.0,,1500,,,
karachi,2025-12-17,Winter (Dec-Jan),21.67,0.0,0.2,0.46,2025,12,,,,,,,,,,,,,,,,,,,,,,,,,,,,,,,Construction & Transit,0,0.0,0.0,0.0,K-Electric,350,1,20.5,0.0,0.0,Baseline,65,Safe,0.0,0.0,,1500,,,
karachi,2025-12-18,Winter (Dec-Jan),22.67,0.0,0.19,0.46,2025,12,,,,,,,,,,,,,,,,,,,,,,,,,,,,,,,Construction & Transit,0,0.0,0.0,0.0,K-Electric,350,1,20.5,0.0,0.0,Baseline,65,Safe,0.0,0.0,,1500,,,
karachi,2025-12-19,Winter (Dec-Jan),23.66,0.0,0.19,0.46,2025,12,,,,,,,,,,,,,,,,,,,,,,,,,,,,,,,Construction & Transit,0,0.0,0.0,0.0,K-Electric,350,1,20.5,0.0,0.0,Baseline,65,Safe,0.0,0.0,,1500,,,
karachi,2025-12-20,Winter (Dec-Jan),23.06,0.0,0.19,0.46,2025,12,,,,,,,,,,,,,,,,,,,,,,,,,,,,,,,Construction & Transit,0,0.0,0.0,0.0,K-Electric,350,1,20.5,0.0,0.0,Baseline,65,Safe,0.0,0.0,,1500,,,
karachi,2025-12-21,Winter (Dec-Jan),22.84,0.01,0.19,0.46,2025,12,,,,,,,,,,,,,,,,,,,,,,,,,,,,,,,Construction & Transit,0,0.0,0.0,0.0,K-Electric,350,1,20.5,0.0,0.0,Baseline,65,Safe,0.0,0.0,,1500,,,
karachi,2025-12-22,Winter (Dec-Jan),22.6,0.0,0.19,0.46,2025,12,,,,,,,,,,,,,,,,,,,,,,,,,,,,,,,Construction & Transit,0,0.0,0.0,0.0,K-Electric,350,1,20.5,0.0,0.0,Baseline,65,Safe,0.0,0.0,,1500,,,
karachi,2025-12-23,Winter (Dec-Jan),21.46,0.0,0.18,0.46,2025,12,,,,,,,,,,,,,,,,,,,,,,,,,,,,,,,Construction & Transit,0,0.0,0.0,0.0,K-Electric,350,1,20.5,0.0,0.0,Baseline,65,Safe,0.0,0.0,,1500,,,
karachi,2025-12-24,Winter (Dec-Jan),20.76,0.0,0.18,0.46,2025,12,,,,,,,,,,,,,,,,,,,,,,,,,,,,,,,Construction & Transit,0,0.0,0.0,0.0,K-Electric,350,1,20.5,0.0,0.0,Baseline,65,Safe,0.0,0.0,,1500,,,
karachi,2025-12-25,Winter (Dec-Jan),19.56,0.0,0.18,0.46,2025,12,,,,,,,,,,,,,,,,,,,,,,,,,,,,,,,Construction & Transit,0,0.0,0.0,0.0,K-Electric,350,1,20.5,0.0,0.0,Baseline,65,Safe,0.0,0.0,,1500,,,
karachi,2025-12-26,Winter (Dec-Jan),20.51,0.0,0.18,0.46,2025,12,,,,,,,,,,,,,,,,,,,,,,,,,,,,,,,Construction & Transit,0,0.0,0.0,0.0,K-Electric,350,1,20.5,0.0,0.0,Baseline,65,Safe,0.0,0.0,,1500,,,
karachi,2025-12-27,Winter (Dec-Jan),20.76,0.0,0.18,0.46,2025,12,,,,,,,,,,,,,,,,,,,,,,,,,,,,,,,Construction & Transit,0,0.0,0.0,0.0,K-Electric,350,1,20.5,0.0,0.0,Baseline,65,Safe,0.0,0.0,,1500,,,
karachi,2025-12-28,Winter (Dec-Jan),20.59,0.0,0.17,0.46,2025,12,,,,,,,,,,,,,,,,,,,,,,,,,,,,,,,Construction & Transit,0,0.0,0.0,0.0,K-Electric,350,1,20.5,0.0,0.0,Baseline,65,Safe,0.0,0.0,,1500,,,
karachi,2025-12-29,Winter (Dec-Jan),20.82,0.0,0.17,0.46,2025,12,,,,,,,,,,,,,,,,,,,,,,,,,,,,,,,Construction & Transit,0,0.0,0.0,0.0,K-Electric,350,1,20.5,0.0,0.0,Baseline,65,Safe,0.0,0.0,,1500,,,
karachi,2025-12-30,Winter (Dec-Jan),20.91,0.42,0.17,0.46,2025,12,,,,,,,,,,,,,,,,,,,,,,,,,,,,,,,Construction & Transit,0,0.0,0.0,0.0,K-Electric,350,1,20.5,0.0,0.0,Baseline,65,Safe,0.0,0.0,,1500,,,
karachi,2025-12-31,Winter (Dec-Jan),21.04,2.25,0.27,0.46,2025,12,,,,,,,,,,,,,,,,,,,,,,,,,,,,,,,Construction & Transit,0,0.0,0.0,0.0,K-Electric,350,1,20.5,0.0,0.0,Baseline,65,Safe,0.0,0.0,,1500,,,
multan,2021-01-01,Winter (Dec-Jan),12.05,0.0,0.43,0.46,2021,1,,,,,,,,,,,,,,,,,,,,,,,,,,,,,,,Agriculture & Brick Kilns,0,0.0,0.0,0.0,Mepco,680,1,19.5,0.0,0.0,Baseline,65,Safe,0.0,0.0,ILO Labor Models (2019/2030); BMJ Global Health (2024),3500,37.09,0.4,0.0
multan,2021-01-02,Winter (Dec-Jan),10.04,0.0,0.43,0.46,2021,1,,,,,,,,,,,,,,,,,,,,,,,,,,,,,,,Agriculture & Brick Kilns,0,0.0,0.0,0.0,Mepco,680,1,19.5,0.0,0.0,Baseline,65,Safe,0.0,0.0,ILO Labor Models (2019/2030); BMJ Global Health (2024),3500,37.09,0.4,0.0
multan,2021-01-03,Winter (Dec-Jan),11.42,0.0,0.43,0.46,2021,1,,,,,,,,,,,,,,,,,,,,,,,,,,,,,,,Agriculture & Brick Kilns,0,0.0,0.0,0.0,Mepco,680,1,19.5,0.0,0.0,Baseline,65,Safe,0.0,0.0,ILO Labor Models (2019/2030); BMJ Global Health (2024),3500,37.09,0.4,0.0
multan,2021-01-04,Winter (Dec-Jan),13.4,0.0,0.43,0.46,2021,1,,,,,,,,,,,,,,,,,,,,,,,,,,,,,,,Agriculture & Brick Kilns,0,0.0,0.0,0.0,Mepco,680,1,19.5,0.0,0.0,Baseline,65,Safe,0.0,0.0,ILO Labor Models (2019/2030); BMJ Global Health (2024),3500,37.09,0.4,0.0
multan,2021-01-05,Winter (Dec-Jan),13.38,0.8,0.43,0.46,2021,1,,,,,,,,,,,,,,,,,,,,,,,,,,,,,,,Agriculture & Brick Kilns,0,0.0,0.0,0.0,Mepco,680,1,19.5,0.0,0.0,Baseline,65,Safe,0.0,0.0,ILO Labor Models (2019/2030); BMJ Global Health (2024),3500,37.09,0.4,0.0
multan,2021-01-06,Winter (Dec-Jan),12.77,0.95,0.43,0.46,2021,1,,,,,,,,,,,,,,,,,,,,,,,,,,,,,,,Agriculture & Brick Kilns,0,0.0,0.0,0.0,Mepco,680,1,19.5,0.0,0.0,Baseline,65,Safe,0.0,0.0,ILO Labor Models (2019/2030); BMJ Global Health (2024),3500,37.09,0.4,0.0
multan,2021-01-07,Winter (Dec-Jan),13.38,0.0,0.43,0.46,2021,1,,,,,,,,,,,,,,,,,,,,,,,,,,,,,,,Agriculture & Brick Kilns,0,0.0,0.0,0.0,Mepco,680,1,19.5,0.0,0.0,Baseline,65,Safe,0.0,0.0,ILO Labor Models (2019/2030); BMJ Global Health (2024),3500,37.09,0.4,0.0
multan,2021-01-08,Winter (Dec-Jan),12.36,0.0,0.42,0.46,2021,1,,,,,,,,,,,,,,,,,,,,,,,,,,,,,,,Agriculture & Brick Kilns,0,0.0,0.0,0.0,Mepco,680,1,19.5,0.0,0.0,Baseline,65,Safe,0.0,0.0,ILO Labor Models (2019/2030); BMJ Global Health (2024),3500,37.09,0.4,0.0
multan,2021-01-09,Winter (Dec-Jan),12.37,0.0,0.42,0.46,2021,1,,,,,,,,,,,,,,,,,,,,,,,,,,,,,,,Agriculture & Brick Kilns,0,0.0,0.0,0.0,Mepco,680,1,19.5,0.0,0.0,Baseline,65,Safe,0.0,0.0,ILO Labor Models (2019/2030); BMJ Global Health (2024),3500,37.09,0.4,0.0
multan,2021-01-10,Winter (Dec-Jan),12.88,0.0,0.42,0.46,2021,1,,,,,,,,,,,,,,,,,,,,,,,,,,,,,,,Agriculture & Brick Kilns,0,0.0,0.0,0.0,Mepco,680,1,19.5,0.0,0.0,Baseline,65,Safe,0.0,0.0,ILO Labor Models (2019/2030); BMJ Global Health (2024),3500,37.09,0.4,0.0
multan,2021-01-11,Winter (Dec-Jan),13.55,0.0,0.41,0.46,2021,1,,,,,,,,,,,,,,,,,,,,,,,,,,,,,,,Agriculture & Brick Kilns,0,0.0,0.0,0.0,Mepco,680,1,19.5,0.0,0.0,Baseline,65,Safe,0.0,0.0,ILO Labor Models (2019/2030); BMJ Global Health (2024),3500,37.09,0.4,0.0
multan,2021-01-12,Winter (Dec-Jan),12.72,0.0,0.41,0.45,2021,1,,,,,,,,,,,,,,,,,,,,,,,,,,,,,,,Agriculture & Brick Kilns,0,0.0,0.0,0.0,Mepco,680,1,19.5,0.0,0.0,Baseline,65,Safe,0.0,0.0,ILO Labor Models (2019/2030); BMJ Global Health (2024),3500,37.09,0.4,0.0
multan,2021-01-13,Winter (Dec-Jan),12.41,0.0,0.41,0.45,2021,1,,,,,,,,,,,,,,,,,,,,,,,,,,,,,,,Agriculture & Brick Kilns,0,0.0,0.0,0.0,Mepco,680,1,19.5,0.0,0.0,Baseline,65,Safe,0.0,0.0,ILO Labor Models (2019/2030); BMJ Global Health (2024),3500,37.09,0.4,0.0
multan,2021-01-14,Winter (Dec-Jan),11.9,0.0,0.41,0.45,2021,1,,,,,,,,,,,,,,,,,,,,,,,,,,,,,,,Agriculture & Brick Kilns,0,0.0,0.0,0.0,Mepco,680,1,19.5,0.0,0.0,Baseline,65,Safe,0.0,0.0,ILO Labor Models (2019/2030); BMJ Global Health (2024),3500,37.09,0.4,0.0
multan,2021-01-15,Winter (Dec-Jan),12.17,0.0,0.41,0.45,2021,1,,,,,,,,,,,,,,,,,,,,,,,,,,,,,,,Agriculture & Brick Kilns,0,0.0,0.0,0.0,Mepco,680,1,19.5,0.0,0.0,Baseline,65,Safe,0.0,0.0,ILO Labor Models (2019/2030); BMJ Global Health (2024),3500,37.09,0.4,0.0
multan,2021-01-16,Winter (Dec-Jan),11.88,0.0,0.41,0.45,2021,1,,,,,,,,,,,,,,,,,,,,,,,,,,,,,,,Agriculture & Brick Kilns,0,0.0,0.0,0.0,Mepco,680,1,19.5,0.0,0.0,Baseline,65,Safe,0.0,0.0,ILO Labor Models (2019/2030); BMJ Global Health (2024),3500,37.09,0.4,0.0
multan,2021-01-17,Winter (Dec-Jan),11.32,0.0,0.4,0.45,2021,1,,,,,,,,,,,,,,,,,,,,,,,,,,,,,,,Agriculture & Brick Kilns,0,0.0,0.0,0.0,Mepco,680,1,19.5,0.0,0.0,Baseline,65,Safe,0.0,0.0,ILO Labor Models (2019/2030); BMJ Global Health (2024),3500,37.09,0.4,0.0
multan,2021-01-18,Winter (Dec-Jan),10.17,0.0,0.4,0.45,2021,1,,,,,,,,,,,,,,,,,,,,,,,,,,,,,,,Agriculture & Brick Kilns,0,0.0,0.0,0.0,Mepco,680,1,19.5,0.0,0.0,Baseline,65,Safe,0.0,0.0,ILO Labor Models (2019/2030); BMJ Global Health (2024),3500,37.09,0.4,0.0
multan,2021-01-19,Winter (Dec-Jan),12.4,0.0,0.4,0.45,2021,1,,,,,,,,,,,,,,,,,,,,,,,,,,,,,,,Agriculture & Brick Kilns,0,0.0,0.0,0.0,Mepco,680,1,19.5,0.0,0.0,Baseline,65,Safe,0.0,0.0,ILO Labor Models (2019/2030); BMJ Global Health (2024),3500,37.09,0.4,0.0
multan,2021-01-20,Winter (Dec-Jan),14.87,0.0,0.4,0.45,2021,1,,,,,,,,,,,,,,,,,,,,,,,,,,,,,,,Agriculture & Brick Kilns,0,0.0,0.0,0.0,Mepco,680,1,19.5,0.0,0.0,Baseline,65,Safe,0.0,0.0,ILO Labor Models (2019/2030); BMJ Global Health (2024),3500,37.09,0.4,0.0
multan,2021-01-21,Winter (Dec-Jan),16.09,0.0,0.4,0.44,2021,1,,,,,,,,,,,,,,,,,,,,,,,,,,,,,,,Agriculture & Brick Kilns,0,0.0,0.0,0.0,Mepco,680,1,19.5,0.0,0.0,Baseline,65,Safe,0.0,0.0,ILO Labor Models (2019/2030); BMJ Global Health (2024),3500,37.09,0.4,0.0
multan,2021-01-22,Winter (Dec-Jan),16.37,0.0,0.39,0.44,2021,1,,,,,,,,,,,,,,,,,,,,,,,,,,,,,,,Agriculture & Brick Kilns,0,0.0,0.0,0.0,Mepco,680,1,19.5,0.0,0.0,Baseline,65,Safe,0.0,0.0,ILO Labor Models (2019/2030); BMJ Global Health (2024),3500,37.09,0.4,0.0
multan,2021-01-23,Winter (Dec-Jan),14.3,0.0,0.39,0.44,2021,1,,,,,,,,,,,,,,,,,,,,,,,,,,,,,,,Agriculture & Brick Kilns,0,0.0,0.0,0.0,Mepco,680,1,19.5,0.0,0.0,Baseline,65,Safe,0.0,0.0,ILO Labor Models (2019/2030); BMJ Global Health (2024),3500,37.09,0.4,0.0
multan,2021-01-24,Winter (Dec-Jan),11.69,0.0,0.39,0.44,2021,1,,,,,,,,,,,,,,,,,,,,,,,,,,,,,,,Agriculture & Brick Kilns,0,0.0,0.0,0.0,Mepco,680,1,19.5,0.0,0.0,Baseline,65,Safe,0.0,0.0,ILO Labor Models (2019/2030); BMJ Global Health (2024),3500,37.09,0.4,0.0
multan,2021-01-25,Winter (Dec-Jan),12.51,0.0,0.38,0.44,2021,1,,,,,,,,,,,,,,,,,,,,,,,,,,,,,,,Agriculture & Brick Kilns,0,0.0,0.0,0.0,Mepco,680,1,19.5,0.0,0.0,Baseline,65,Safe,0.0,0.0,ILO Labor Models (2019/2030); BMJ Global Health (2024),3500,37.09,0.4,0.0
multan,2021-01-26,Winter (Dec-Jan),12.19,0.0,0.38,0.44,2021,1,,,,,,,,,,,,,,,,,,,,,,,,,,,,,,,Agriculture & Brick Kilns,0,0.0,0.0,0.0,Mepco,680,1,19.5,0.0,0.0,Baseline,65,Safe,0.0,0.0,ILO Labor Models (2019/2030); BMJ Global Health (2024),3500,37.09,0.4,0.0
multan,2021-01-27,Winter (Dec-Jan),12.52,0.0,0.38,0.44,2021,1,,,,,,,,,,,,,,,,,,,,,,,,,,,,,,,Agriculture & Brick Kilns,0,0.0,0.0,0.0,Mepco,680,1,19.5,0.0,0.0,Baseline,65,Safe,0.0,0.0,ILO Labor Models (2019/2030); BMJ Global Health (2024),3500,37.09,0.4,0.0
multan,2021-01-28,Winter (Dec-Jan),12.44,0.0,0.38,0.44,2021,1,,,,,,,,,,,,,,,,,,,,,,,,,,,,,,,Agriculture & Brick Kilns,0,0.0,0.0,0.0,Mepco,680,1,19.5,0.0,0.0,Baseline,65,Safe,0.0,0.0,ILO Labor Models (2019/2030); BMJ Global Health (2024),3500,37.09,0.4,0.0
multan,2021-01-29,Winter (Dec-Jan),13.06,0.0,0.38,0.43,2021,1,,,,,,,,,,,,,,,,,,,,,,,,,,,,,,,Agriculture & Brick Kilns,0,0.0,0.0,0.0,Mepco,680,1,19.5,0.0,0.0,Baseline,65,Safe,0.0,0.0,ILO Labor Models (2019/2030); BMJ Global Health (2024),3500,37.09,0.4,0.0
multan,2021-01-30,Winter (Dec-Jan),13.77,0.0,0.37,0.43,2021,1,,,,,,,,,,,,,,,,,,,,,,,,,,,,,,,Agriculture & Brick Kilns,0,0.0,0.0,0.0,Mepco,680,1,19.5,0.0,0.0,Baseline,65,Safe,0.0,0.0,ILO Labor Models (2019/2030); BMJ Global Health (2024),3500,37.09,0.4,0.0
multan,2021-01-31,Winter (Dec-Jan),14.8,0.0,0.37,0.43,2021,1,,,,,,,,,,,,,,,,,,,,,,,,,,,,,,,Agriculture & Brick Kilns,0,0.0,0.0,0.0,Mepco,680,1,19.5,0.0,0.0,Baseline,65,Safe,0.0,0.0,ILO Labor Models (2019/2030); BMJ Global Health (2024),3500,37.09,0.4,0.0
multan,2021-05-01,Summer (May-Jul),34.7,0.01,0.14,0.4,2021,5,,,,,,,,,43.17,0.01,0.03,-0.02,Severe Deficit (Water Loss),,,,,,,,,,,,,,,,,,Agriculture & Brick Kilns,1080,3.3,54.0,2138.4,Mepco,3825,5,39.0,3.62,9.1,Critical (High Er Visits),30,Extreme,5.2,13.5,ILO Labor Models (2019/2030); BMJ Global Health (2024),3500,37.09,0.4,0.0
multan,2021-05-02,Summer (May-Jul),33.98,0.66,0.14,0.4,2021,5,,,,,,,,,43.13,0.66,0.04,0.62,Surplus (Recharging),,,,,,,,,,,,,,,,,,Agriculture & Brick Kilns,1080,3.3,54.0,2138.4,Mepco,3825,5,39.0,3.62,9.1,Critical (High Er Visits),30,Extreme,5.2,13.5,ILO Labor Models (2019/2030); BMJ Global Health (2024),3500,37.09,0.4,0.0
multan,2021-05-03,Summer (May-Jul),34.2,0.85,0.18,0.4,2021,5,,,,,,,,,41.38,0.85,0.01,0.84,Surplus (Recharging),,,,,,,,,,,,,,,,,,Agriculture & Brick Kilns,1080,3.3,54.0,2138.4,Mepco,3825,5,39.0,3.62,9.1,Critical (High Er Visits),30,Extreme,5.2,13.5,ILO Labor Models (2019/2030); BMJ Global Health (2024),3500,37.09,0.4,0.0
multan,2021-05-04,Summer (May-Jul),34.59,0.07,0.18,0.4,2021,5,,,,,,,,,40.46,0.07,0.02,0.05,Surplus (Recharging),,,,,,,,,,,,,,,,,,Agriculture & Brick Kilns,1080,3.3,54.0,2138.4,Mepco,3825,5,39.0,3.62,9.1,Critical (High Er Visits),30,Extreme,5.2,13.5,ILO Labor Models (2019/2030); BMJ Global Health (2024),3500,37.09,0.4,0.0
multan,2021-05-05,Summer (May-Jul),33.61,1.01,0.2,0.4,2021,5,,,,,,,,,40.07,1.01,0.03,0.98,Surplus (Recharging),,,,,,,,,,,,,,,,,,Agriculture & Brick Kilns,1080,3.3,54.0,2138.4,Mepco,3825,5,39.0,3.62,9.1,Critical (High Er Visits),30,Extreme,5.2,13.5,ILO Labor Models (2019/2030); BMJ Global Health (2024),3500,37.09,0.4,0.0
multan,2021-05-06,Summer (May-Jul),28.47,4.76,0.29,0.41,2021,5,,,,,,,,,31.36,4.76,0.02,4.74,Surplus (Recharging),,,,,,,,,,,,,,,,,,Agriculture & Brick Kilns,1080,3.3,54.0,2138.4,Mepco,3825,5,39.0,3.62,9.1,Critical (High Er Visits),30,Extreme,5.2,13.5,ILO Labor Models (2019/2030); BMJ Global Health (2024),3500,37.09,0.4,0.0
multan,2021-05-07,Summer (May-Jul),31.18,0.0,0.33,0.41,2021,5,,,,,,,,,38.51,0.0,0.01,-0.01,Severe Deficit (Water Loss),,,,,,,,,,,,,,,,,,Agriculture & Brick Kilns,1080,3.3,54.0,2138.4,Mepco,3825,5,39.0,3.62,9.1,Critical (High Er Visits),30,Extreme,5.2,13.5,ILO Labor Models (2019/2030); BMJ Global Health (2024),3500,37.09,0.4,0.0
multan,2021-05-08,Summer (May-Jul),33.31,0.0,0.28,0.41,2021,5,,,,,,,,,41.69,0.0,0.01,-0.01,Severe Deficit (Water Loss),,,,,,,,,,,,,,,,,,Agriculture & Brick Kilns,1080,3.3,54.0,2138.4,Mepco,3825,5,39.0,3.62,9.1,Critical (High Er Visits),30,Extreme,5.2,13.5,ILO Labor Models (2019/2030); BMJ Global Health (2024),3500,37.09,0.4,0.0
multan,2021-05-09,Summer (May-Jul),35.65,0.04,0.24,0.41,2021,5,,,,,,,,,43.53,0.04,0.01,0.03,Surplus (Recharging),,,,,,,,,,,,,,,,,,Agriculture & Brick Kilns,1080,3.3,54.0,2138.4,Mepco,3825,5,39.0,3.62,9.1,Critical (High Er Visits),30,Extreme,5.2,13.5,ILO Labor Models (2019/2030); BMJ Global Health (2024),3500,37.09,0.4,0.0
multan,2021-05-10,Summer (May-Jul),36.25,0.09,0.21,0.4,2021,5,,,,,,,,,43.82,0.09,0.01,0.08,Surplus (Recharging),,,,,,,,,,,,,,,,,,Agriculture & Brick Kilns,1080,3.3,54.0,2138.4,Mepco,3825,5,39.0,3.62,9.1,Critical (High Er Visits),30,Extreme,5.2,13.5,ILO Labor Models (2019/2030); BMJ Global Health (2024),3500,37.09,0.4,0.0
multan,2021-05-11,Summer (May-Jul),35.09,0.03,0.19,0.4,2021,5,,,,,,,,,42.49,0.03,0.02,0.01,Surplus (Recharging),,,,,,,,,,,,,,,,,,Agriculture & Brick Kilns,1080,3.3,54.0,2138.4,Mepco,3825,5,39.0,3.62,9.1,Critical (High Er Visits),30,Extreme,5.2,13.5,ILO Labor Models (2019/2030); BMJ Global Health (2024),3500,37.09,0.4,0.0
multan,2021-05-12,Summer (May-Jul),34.87,0.32,0.19,0.4,2021,5,,,,,,,,,41.83,0.32,0.01,0.31,Surplus (Recharging),,,,,,,,,,,,,,,,,,Agriculture & Brick Kilns,1080,3.3,54.0,2138.4,Mepco,3825,5,39.0,3.62,9.1,Critical (High Er Visits),30,Extreme,5.2,13.5,ILO Labor Models (2019/2030); BMJ Global Health (2024),3500,37.09,0.4,0.0
multan,2021-05-13,Summer (May-Jul),34.45,0.47,0.19,0.4,2021,5,,,,,,,,,41.94,0.47,0.02,0.45,Surplus (Recharging),,,,,,,,,,,,,,,,,,Agriculture & Brick Kilns,1080,3.3,54.0,2138.4,Mepco,3825,5,39.0,3.62,9.1,Critical (High Er Visits),30,Extreme,5.2,13.5,ILO Labor Models (2019/2030); BMJ Global Health (2024),3500,37.09,0.4,0.0
multan,2021-05-14,Summer (May-Jul),33.62,0.6,0.18,0.4,2021,5,,,,,,,,,40.35,0.6,0.03,0.57,Surplus (Recharging),,,,,,,,,,,,,,,,,,Agriculture & Brick Kilns,1080,3.3,54.0,2138.4,Mepco,3825,5,39.0,3.62,9.1,Critical (High Er Visits),30,Extreme,5.2,13.5,ILO Labor Models (2019/2030); BMJ Global Health (2024),3500,37.09,0.4,0.0
multan,2021-05-15,Summer (May-Jul),33.54,1.1,0.2,0.4,2021,5,,,,,,,,,40.88,1.1,0.02,1.08,Surplus (Recharging),,,,,,,,,,,,,,,,,,Agriculture & Brick Kilns,1080,3.3,54.0,2138.4,Mepco,3825,5,39.0,3.62,9.1,Critical (High Er Visits),30,Extreme,5.2,13.5,ILO Labor Models (2019/2030); BMJ Global Health (2024),3500,37.09,0.4,0.0
multan,2021-05-16,Summer (May-Jul),33.32,0.88,0.24,0.4,2021,5,,,,,,,,,40.84,0.88,0.01,0.87,Surplus (Recharging),,,,,,,,,,,,,,,,,,Agriculture & Brick Kilns,1080,3.3,54.0,2138.4,Mepco,3825,5,39.0,3.62,9.1,Critical (High Er Visits),30,Extreme,5.2,13.5,ILO Labor Models (2019/2030); BMJ Global Health (2024),3500,37.09,0.4,0.0
multan,2021-05-17,Summer (May-Jul),34.38,0.48,0.22,0.4,2021,5,,,,,,,,,42.23,0.48,0.01,0.47,Surplus (Recharging),,,,,,,,,,,,,,,,,,Agriculture & Brick Kilns,1080,3.3,54.0,2138.4,Mepco,3825,5,39.0,3.62,9.1,Critical (High Er Visits),30,Extreme,5.2,13.5,ILO Labor Models (2019/2030); BMJ Global Health (2024),3500,37.09,0.4,0.0
multan,2021-05-18,Summer (May-Jul),35.5,0.32,0.22,0.4,2021,5,,,,,,,,,42.61,0.32,0.01,0.31,Surplus (Recharging),,,,,,,,,,,,,,,,,,Agriculture & Brick Kilns,1080,3.3,54.0,2138.4,Mepco,3825,5,39.0,3.62,9.1,Critical (High Er Visits),30,Extreme,5.2,13.5,ILO Labor Models (2019/2030); BMJ Global Health (2024),3500,37.09,0.4,0.0
multan,2021-05-19,Summer (May-Jul),34.82,0.0,0.19,0.4,2021,5,,,,,,,,,41.74,0.0,0.01,-0.01,Severe Deficit (Water Loss),,,,,,,,,,,,,,,,,,Agriculture & Brick Kilns,1080,3.3,54.0,2138.4,Mepco,3825,5,39.0,3.62,9.1,Critical (High Er Visits),30,Extreme,5.2,13.5,ILO Labor Models (2019/2030); BMJ Global Health (2024),3500,37.09,0.4,0.0
multan,2021-05-20,Summer (May-Jul),35.33,0.0,0.18,0.4,2021,5,,,,,,,,,43.2,0.0,0.01,-0.01,Severe Deficit (Water Loss),,,,,,,,,,,,,,,,,,Agriculture & Brick Kilns,1080,3.3,54.0,2138.4,Mepco,3825,5,39.0,3.62,9.1,Critical (High Er Visits),30,Extreme,5.2,13.5,ILO Labor Models (2019/2030); BMJ Global Health (2024),3500,37.09,0.4,0.0
multan,2021-05-21,Summer (May-Jul),34.56,0.78,0.19,0.4,2021,5,,,,,,,,,41.49,0.78,0.02,0.76,Surplus (Recharging),,,,,,,,,,,,,,,,,,Agriculture & Brick Kilns,1080,3.3,54.0,2138.4,Mepco,3825,5,39.0,3.62,9.1,Critical (High Er Visits),30,Extreme,5.2,13.5,ILO Labor Models (2019/2030); BMJ Global Health (2024),3500,37.09,0.4,0.0
multan,2021-05-22,Summer (May-Jul),33.83,1.3,0.19,0.4,2021,5,,,,,,,,,41.98,1.3,0.02,1.28,Surplus (Recharging),,,,,,,,,,,,,,,,,,Agriculture & Brick Kilns,1080,3.3,54.0,2138.4,Mepco,3825,5,39.0,3.62,9.1,Critical (High Er Visits),30,Extreme,5.2,13.5,ILO Labor Models (2019/2030); BMJ Global Health (2024),3500,37.09,0.4,0.0
multan,2021-05-23,Summer (May-Jul),30.64,2.6,0.31,0.41,2021,5,,,,,,,,,37.98,2.6,0.01,2.59,Surplus (Recharging),,,,,,,,,,,,,,,,,,Agriculture & Brick Kilns,1080,3.3,54.0,2138.4,Mepco,3825,5,39.0,3.62,9.1,Critical (High Er Visits),30,Extreme,5.2,13.5,ILO Labor Models (2019/2030); BMJ Global Health (2024),3500,37.09,0.4,0.0
multan,2021-05-24,Summer (May-Jul),33.73,0.0,0.27,0.41,2021,5,,,,,,,,,40.23,0.0,0.01,-0.01,Severe Deficit (Water Loss),,,,,,,,,,,,,,,,,,Agriculture & Brick Kilns,1080,3.3,54.0,2138.4,Mepco,3825,5,39.0,3.62,9.1,Critical (High Er Visits),30,Extreme,5.2,13.5,ILO Labor Models (2019/2030); BMJ Global Health (2024),3500,37.09,0.4,0.0
multan,2021-05-25,Summer (May-Jul),36.55,0.0,0.23,0.4,2021,5,,,,,,,,,43.38,0.0,0.01,-0.01,Severe Deficit (Water Loss),,,,,,,,,,,,,,,,,,Agriculture & Brick Kilns,1080,3.3,54.0,2138.4,Mepco,3825,5,39.0,3.62,9.1,Critical (High Er Visits),30,Extreme,5.2,13.5,ILO Labor Models (2019/2030); BMJ Global Health (2024),3500,37.09,0.4,0.0
multan,2021-05-26,Summer (May-Jul),37.37,0.06,0.21,0.4,2021,5,,,,,,,,,44.92,0.06,0.01,0.05,Surplus (Recharging),,,,,,,,,,,,,,,,,,Agriculture & Brick Kilns,1080,3.3,54.0,2138.4,Mepco,3825,5,39.0,3.62,9.1,Critical (High Er Visits),30,Extreme,5.2,13.5,ILO Labor Models (2019/2030); BMJ Global Health (2024),3500,37.09,0.4,0.0
multan,2021-05-27,Summer (May-Jul),38.56,0.11,0.19,0.4,2021,5,,,,,,,,,47.27,0.11,0.01,0.1,Surplus (Recharging),,,,,,,,,,,,,,,,,,Agriculture & Brick Kilns,1080,3.3,54.0,2138.4,Mepco,3825,5,39.0,3.62,9.1,Critical (High Er Visits),30,Extreme,5.2,13.5,ILO Labor Models (2019/2030); BMJ Global Health (2024),3500,37.09,0.4,0.0
multan,2021-05-28,Summer (May-Jul),38.9,0.44,0.17,0.4,2021,5,,,,,,,,,47.38,0.44,0.01,0.43,Surplus (Recharging),,,,,,,,,,,,,,,,,,Agriculture & Brick Kilns,1080,3.3,54.0,2138.4,Mepco,3825,5,39.0,3.62,9.1,Critical (High Er Visits),30,Extreme,5.2,13.5,ILO Labor Models (2019/2030); BMJ Global Health (2024),3500,37.09,0.4,0.0
multan,2021-05-29,Summer (May-Jul),39.25,1.02,0.2,0.4,2021,5,,,,,,,,,45.93,1.02,0.01,1.01,Surplus (Recharging),,,,,,,,,,,,,,,,,,Agriculture & Brick Kilns,1080,3.3,54.0,2138.4,Mepco,3825,5,39.0,3.62,9.1,Critical (High Er Visits),30,Extreme,5.2,13.5,ILO Labor Models (2019/2030); BMJ Global Health (2024),3500,37.09,0.4,0.0
multan,2021-05-30,Summer (May-Jul),38.99,0.0,0.18,0.4,2021,5,,,,,,,,,47.22,0.0,0.0,0.0,Surplus (Recharging),,,,,,,,,,,,,,,,,,Agriculture & Brick Kilns,1080,3.3,54.0,2138.4,Mepco,3825,5,39.0,3.62,9.1,Critical (High Er Visits),30,Extreme,5.2,13.5,ILO Labor Models (2019/2030); BMJ Global Health (2024),3500,37.09,0.4,0.0
multan,2021-05-31,Summer (May-Jul),39.19,0.01,0.16,0.4,2021,5,,,,,,,,,46.28,0.01,0.01,0.0,Surplus (Recharging),,,,,,,,,,,,,,,,,,Agriculture & Brick Kilns,1080,3.3,54.0,2138.4,Mepco,3825,5,39.0,3.62,9.1,Critical (High Er Visits),30,Extreme,5.2,13.5,ILO Labor Models (2019/2030); BMJ Global Health (2024),3500,37.09,0.4,0.0
multan,2021-06-01,Summer (May-Jul),37.46,0.97,0.18,0.4,2021,6,June,35.7,29.1,32.2,48.0,38.2,0.2,28.6,43.61,0.97,0.02,0.95,Surplus (Recharging),,,,,,550.0,83.1,73.2,30.5,59.1,208.0,193.0,9.0,5.0,533.0,47.2,Ndma/Pdma Punjab,Agriculture & Brick Kilns,1800,5.5,90.0,5940.0,Mepco,5100,7,40.5,4.13,10.3,Critical (High Er Visits),40,Extreme,6.8,17.8,ILO Labor Models (2019/2030); BMJ Global Health (2024),3500,37.09,0.4,0.0
multan,2021-06-02,Summer (May-Jul),36.47,0.62,0.19,0.4,2021,6,June,37.5,27.5,32.2,51.0,40.9,0.1,16.2,42.79,0.62,0.03,0.59,Surplus (Recharging),,,,,,550.0,83.1,73.2,30.5,59.1,208.0,193.0,9.0,5.0,533.0,47.2,Ndma/Pdma Punjab,Agriculture & Brick Kilns,1800,5.5,90.0,5940.0,Mepco,5100,7,40.5,4.13,10.3,Critical (High Er Visits),40,Extreme,6.8,17.8,ILO Labor Models (2019/2030); BMJ Global Health (2024),3500,37.09,0.4,0.0
multan,2021-06-03,Summer (May-Jul),37.3,1.22,0.21,0.4,2021,6,June,38.8,27.7,33.1,45.0,42.5,0.0,13.9,43.12,1.22,0.03,1.19,Surplus (Recharging),,,,,,550.0,83.1,73.2,30.5,59.1,208.0,193.0,9.0,5.0,533.0,47.2,Ndma/Pdma Punjab,Agriculture & Brick Kilns,1800,5.5,90.0,5940.0,Mepco,5100,7,40.5,4.13,10.3,Critical (High Er Visits),40,Extreme,6.8,17.8,ILO Labor Models (2019/2030); BMJ Global Health (2024),3500,37.09,0.4,0.0
multan,2021-06-04,Summer (May-Jul),36.53,0.04,0.22,0.4,2021,6,June,38.2,27.6,33.1,45.0,42.8,0.0,12.6,42.14,0.04,0.01,0.03,Surplus (Recharging),,,,,,550.0,83.1,73.2,30.5,59.1,208.0,193.0,9.0,5.0,533.0,47.2,Ndma/Pdma Punjab,Agriculture & Brick Kilns,1800,5.5,90.0,5940.0,Mepco,5100,7,40.5,4.13,10.3,Critical (High Er Visits),40,Extreme,6.8,17.8,ILO Labor Models (2019/2030); BMJ Global Health (2024),3500,37.09,0.4,0.0
multan,2021-06-05,Summer (May-Jul),37.55,0.06,0.2,0.4,2021,6,June,39.6,28.6,33.2,44.0,43.5,0.9,25.1,43.18,0.06,0.02,0.04,Surplus (Recharging),,,,,,550.0,83.1,73.2,30.5,59.1,208.0,193.0,9.0,5.0,533.0,47.2,Ndma/Pdma Punjab,Agriculture & Brick Kilns,1800,5.5,90.0,5940.0,Mepco,5100,7,40.5,4.13,10.3,Critical (High Er Visits),40,Extreme,6.8,17.8,ILO Labor Models (2019/2030); BMJ Global Health (2024),3500,37.09,0.4,0.0
multan,2021-06-06,Summer (May-Jul),39.04,0.35,0.19,0.4,2021,6,June,41.2,28.0,34.7,40.0,44.0,0.0,14.6,45.07,0.35,0.01,0.34,Surplus (Recharging),,,,,,550.0,83.1,73.2,30.5,59.1,208.0,193.0,9.0,5.0,533.0,47.2,Ndma/Pdma Punjab,Agriculture & Brick Kilns,1800,5.5,90.0,5940.0,Mepco,5100,7,40.5,4.13,10.3,Critical (High Er Visits),40,Extreme,6.8,17.8,ILO Labor Models (2019/2030); BMJ Global Health (2024),3500,37.09,0.4,0.0
multan,2021-06-07,Summer (May-Jul),39.6,0.0,0.18,0.4,2021,6,June,42.2,30.5,35.9,36.0,44.1,0.0,18.4,46.45,0.0,0.02,-0.02,Severe Deficit (Water Loss),,,,,,550.0,83.1,73.2,30.5,59.1,208.0,193.0,9.0,5.0,533.0,47.2,Ndma/Pdma Punjab,Agriculture & Brick Kilns,1800,5.5,90.0,5940.0,Mepco,5100,7,40.5,4.13,10.3,Critical (High Er Visits),40,Extreme,6.8,17.8,ILO Labor Models (2019/2030); BMJ Global Health (2024),3500,37.09,0.4,0.0
multan,2021-06-08,Summer (May-Jul),40.09,0.0,0.17,0.4,2021,6,June,41.8,31.5,35.9,40.0,45.5,0.0,21.1,47.1,0.0,0.02,-0.02,Severe Deficit (Water Loss),,,,,,550.0,83.1,73.2,30.5,59.1,208.0,193.0,9.0,5.0,533.0,47.2,Ndma/Pdma Punjab,Agriculture & Brick Kilns,1800,5.5,90.0,5940.0,Mepco,5100,7,40.5,4.13,10.3,Critical (High Er Visits),40,Extreme,6.8,17.8,ILO Labor Models (2019/2030); BMJ Global Health (2024),3500,37.09,0.4,0.0
multan,2021-06-09,Summer (May-Jul),40.04,0.0,0.16,0.4,2021,6,June,42.0,31.4,36.3,42.0,45.5,0.0,21.2,46.46,0.0,0.03,-0.03,Severe Deficit (Water Loss),,,,,,550.0,83.1,73.2,30.5,59.1,208.0,193.0,9.0,5.0,533.0,47.2,Ndma/Pdma Punjab,Agriculture & Brick Kilns,1800,5.5,90.0,5940.0,Mepco,5100,7,40.5,4.13,10.3,Critical (High Er Visits),40,Extreme,6.8,17.8,ILO Labor Models (2019/2030); BMJ Global Health (2024),3500,37.09,0.4,0.0
multan,2021-06-10,Summer (May-Jul),40.09,0.0,0.15,0.4,2021,6,June,41.5,32.3,36.3,45.0,45.1,0.0,21.0,46.96,0.0,0.02,-0.02,Severe Deficit (Water Loss),,,,,,550.0,83.1,73.2,30.5,59.1,208.0,193.0,9.0,5.0,533.0,47.2,Ndma/Pdma Punjab,Agriculture & Brick Kilns,1800,5.5,90.0,5940.0,Mepco,5100,7,40.5,4.13,10.3,Critical (High Er Visits),40,Extreme,6.8,17.8,ILO Labor Models (2019/2030); BMJ Global Health (2024),3500,37.09,0.4,0.0
multan,2021-06-11,Summer (May-Jul),39.38,0.0,0.15,0.4,2021,6,June,40.8,31.6,35.8,47.0,45.4,0.0,21.5,45.14,0.0,0.03,-0.03,Severe Deficit (Water Loss),,,,,,550.0,83.1,73.2,30.5,59.1,208.0,193.0,9.0,5.0,533.0,47.2,Ndma/Pdma Punjab,Agriculture & Brick Kilns,1800,5.5,90.0,5940.0,Mepco,5100,7,40.5,4.13,10.3,Critical (High Er Visits),40,Extreme,6.8,17.8,ILO Labor Models (2019/2030); BMJ Global Health (2024),3500,37.09,0.4,0.0
multan,2021-06-12,Summer (May-Jul),39.79,1.92,0.18,0.4,2021,6,June,42.0,31.6,36.6,45.0,47.5,0.0,14.0,45.41,1.92,0.02,1.9,Surplus (Recharging),,,,,,550.0,83.1,73.2,30.5,59.1,208.0,193.0,9.0,5.0,533.0,47.2,Ndma/Pdma Punjab,Agriculture & Brick Kilns,1800,5.5,90.0,5940.0,Mepco,5100,7,40.5,4.13,10.3,Critical (High Er Visits),40,Extreme,6.8,17.8,ILO Labor Models (2019/2030); BMJ Global Health (2024),3500,37.09,0.4,0.0
multan,2021-06-13,Summer (May-Jul),40.18,0.12,0.2,0.4,2021,6,June,41.8,30.6,34.9,52.0,47.4,0.4,32.4,45.33,0.12,0.01,0.11,Surplus (Recharging),,,,,,550.0,83.1,73.2,30.5,59.1,208.0,193.0,9.0,5.0,533.0,47.2,Ndma/Pdma Punjab,Agriculture & Brick Kilns,1800,5.5,90.0,5940.0,Mepco,5100,7,40.5,4.13,10.3,Critical (High Er Visits),40,Extreme,6.8,17.8,ILO Labor Models (2019/2030); BMJ Global Health (2024),3500,37.09,0.4,0.0
multan,2021-06-14,Summer (May-Jul),37.48,0.64,0.2,0.4,2021,6,June,37.8,27.5,32.9,53.0,42.3,3.9,15.5,39.7,0.64,0.01,0.63,Surplus (Recharging),,,,,,550.0,83.1,73.2,30.5,59.1,208.0,193.0,9.0,5.0,533.0,47.2,Ndma/Pdma Punjab,Agriculture & Brick Kilns,1800,5.5,90.0,5940.0,Mepco,5100,7,40.5,4.13,10.3,Critical (High Er Visits),40,Extreme,6.8,17.8,ILO Labor Models (2019/2030); BMJ Global Health (2024),3500,37.09,0.4,0.0
multan,2021-06-15,Summer (May-Jul),34.07,21.11,0.4,0.42,2021,6,June,32.8,26.9,29.5,68.0,38.9,14.6,28.7,40.77,21.11,0.02,21.09,Surplus (Recharging),,,,,,550.0,83.1,73.2,30.5,59.1,208.0,193.0,9.0,5.0,533.0,47.2,Ndma/Pdma Punjab,Agriculture & Brick Kilns,1800,5.5,90.0,5940.0,Mepco,5100,7,40.5,4.13,10.3,Critical (High Er Visits),40,Extreme,6.8,17.8,ILO Labor Models (2019/2030); BMJ Global Health (2024),3500,37.09,0.4,0.0
multan,2021-06-16,Summer (May-Jul),32.94,0.37,0.43,0.44,2021,6,June,37.2,24.9,30.9,60.0,40.5,0.3,13.0,39.79,0.37,0.07,0.3,Surplus (Recharging),,,,,,550.0,83.1,73.2,30.5,59.1,208.0,193.0,9.0,5.0,533.0,47.2,Ndma/Pdma Punjab,Agriculture & Brick Kilns,1800,5.5,90.0,5940.0,Mepco,5100,7,40.5,4.13,10.3,Critical (High Er Visits),40,Extreme,6.8,17.8,ILO Labor Models (2019/2030); BMJ Global Health (2024),3500,37.09,0.4,0.0
multan,2021-06-17,Summer (May-Jul),33.2,1.2,0.42,0.43,2021,6,June,36.0,27.6,31.3,54.0,39.5,0.0,10.3,38.17,1.2,0.06,1.14,Surplus (Recharging),,,,,,550.0,83.1,73.2,30.5,59.1,208.0,193.0,9.0,5.0,533.0,47.2,Ndma/Pdma Punjab,Agriculture & Brick Kilns,1800,5.5,90.0,5940.0,Mepco,5100,7,40.5,4.13,10.3,Critical (High Er Visits),40,Extreme,6.8,17.8,ILO Labor Models (2019/2030); BMJ Global Health (2024),3500,37.09,0.4,0.0
multan,2021-06-18,Summer (May-Jul),34.73,0.01,0.39,0.42,2021,6,June,37.8,27.8,32.7,51.0,41.4,0.0,9.9,39.94,0.01,0.05,-0.04,Severe Deficit (Water Loss),,,,,,550.0,83.1,73.2,30.5,59.1,208.0,193.0,9.0,5.0,533.0,47.2,Ndma/Pdma Punjab,Agriculture & Brick Kilns,1800,5.5,90.0,5940.0,Mepco,5100,7,40.5,4.13,10.3,Critical (High Er Visits),40,Extreme,6.8,17.8,ILO Labor Models (2019/2030); BMJ Global Health (2024),3500,37.09,0.4,0.0
multan,2021-06-19,Summer (May-Jul),36.3,0.24,0.36,0.42,2021,6,June,40.1,27.6,34.0,45.0,42.4,0.0,13.2,42.5,0.24,0.05,0.19,Surplus (Recharging),,,,,,550.0,83.1,73.2,30.5,59.1,208.0,193.0,9.0,5.0,533.0,47.2,Ndma/Pdma Punjab,Agriculture & Brick Kilns,1800,5.5,90.0,5940.0,Mepco,5100,7,40.5,4.13,10.3,Critical (High Er Visits),40,Extreme,6.8,17.8,ILO Labor Models (2019/2030); BMJ Global Health (2024),3500,37.09,0.4,0.0
multan,2021-06-20,Summer (May-Jul),37.04,1.01,0.33,0.42,2021,6,June,39.8,29.2,34.5,44.0,42.5,0.0,19.5,43.47,1.01,0.04,0.97,Surplus (Recharging),,,,,,550.0,83.1,73.2,30.5,59.1,208.0,193.0,9.0,5.0,533.0,47.2,Ndma/Pdma Punjab,Agriculture & Brick Kilns,1800,5.5,90.0,5940.0,Mepco,5100,7,40.5,4.13,10.3,Critical (High Er Visits),40,Extreme,6.8,17.8,ILO Labor Models (2019/2030); BMJ Global Health (2024),3500,37.09,0.4,0.0
multan,2021-06-21,Summer (May-Jul),35.86,0.26,0.32,0.41,2021,6,June,37.5,26.2,32.6,50.0,42.1,0.0,15.4,41.49,0.26,0.03,0.23,Surplus (Recharging),,,,,,550.0,83.1,73.2,30.5,59.1,208.0,193.0,9.0,5.0,533.0,47.2,Ndma/Pdma Punjab,Agriculture & Brick Kilns,1800,5.5,90.0,5940.0,Mepco,5100,7,40.5,4.13,10.3,Critical (High Er Visits),40,Extreme,6.8,17.8,ILO Labor Models (2019/2030); BMJ Global Health (2024),3500,37.09,0.4,0.0
multan,2021-06-22,Summer (May-Jul),37.59,0.01,0.27,0.41,2021,6,June,39.8,27.9,33.4,50.0,44.3,0.0,13.5,44.14,0.01,0.04,-0.03,Severe Deficit (Water Loss),,,,,,550.0,83.1,73.2,30.5,59.1,208.0,193.0,9.0,5.0,533.0,47.2,Ndma/Pdma Punjab,Agriculture & Brick Kilns,1800,5.5,90.0,5940.0,Mepco,5100,7,40.5,4.13,10.3,Critical (High Er Visits),40,Extreme,6.8,17.8,ILO Labor Models (2019/2030); BMJ Global Health (2024),3500,37.09,0.4,0.0
multan,2021-06-23,Summer (May-Jul),38.5,0.02,0.24,0.41,2021,6,June,40.8,28.2,34.5,48.0,44.7,0.0,15.9,45.62,0.02,0.04,-0.02,Severe Deficit (Water Loss),,,,,,550.0,83.1,73.2,30.5,59.1,208.0,193.0,9.0,5.0,533.0,47.2,Ndma/Pdma Punjab,Agriculture & Brick Kilns,1800,5.5,90.0,5940.0,Mepco,5100,7,40.5,4.13,10.3,Critical (High Er Visits),40,Extreme,6.8,17.8,ILO Labor Models (2019/2030); BMJ Global Health (2024),3500,37.09,0.4,0.0
multan,2021-06-24,Summer (May-Jul),38.22,0.02,0.22,0.41,2021,6,June,40.0,29.3,34.0,48.0,43.5,0.0,15.6,44.75,0.02,0.06,-0.04,Severe Deficit (Water Loss),,,,,,550.0,83.1,73.2,30.5,59.1,208.0,193.0,9.0,5.0,533.0,47.2,Ndma/Pdma Punjab,Agriculture & Brick Kilns,1800,5.5,90.0,5940.0,Mepco,5100,7,40.5,4.13,10.3,Critical (High Er Visits),40,Extreme,6.8,17.8,ILO Labor Models (2019/2030); BMJ Global Health (2024),3500,37.09,0.4,0.0
multan,2021-06-25,Summer (May-Jul),38.39,0.0,0.21,0.41,2021,6,June,39.1,29.5,34.2,50.0,43.1,0.1,21.6,44.86,0.0,0.05,-0.05,Severe Deficit (Water Loss),,,,,,550.0,83.1,73.2,30.5,59.1,208.0,193.0,9.0,5.0,533.0,47.2,Ndma/Pdma Punjab,Agriculture & Brick Kilns,1800,5.5,90.0,5940.0,Mepco,5100,7,40.5,4.13,10.3,Critical (High Er Visits),40,Extreme,6.8,17.8,ILO Labor Models (2019/2030); BMJ Global Health (2024),3500,37.09,0.4,0.0
multan,2021-06-26,Summer (May-Jul),38.28,0.41,0.2,0.41,2021,6,June,37.7,29.4,33.2,52.0,43.1,0.4,17.2,43.46,0.41,0.07,0.34,Surplus (Recharging),,,,,,550.0,83.1,73.2,30.5,59.1,208.0,193.0,9.0,5.0,533.0,47.2,Ndma/Pdma Punjab,Agriculture & Brick Kilns,1800,5.5,90.0,5940.0,Mepco,5100,7,40.5,4.13,10.3,Critical (High Er Visits),40,Extreme,6.8,17.8,ILO Labor Models (2019/2030); BMJ Global Health (2024),3500,37.09,0.4,0.0
multan,2021-06-27,Summer (May-Jul),38.6,0.09,0.2,0.41,2021,6,June,39.8,28.5,33.7,47.0,43.9,0.0,15.7,44.26,0.09,0.04,0.05,Surplus (Recharging),,,,,,550.0,83.1,73.2,30.5,59.1,208.0,193.0,9.0,5.0,533.0,47.2,Ndma/Pdma Punjab,Agriculture & Brick Kilns,1800,5.5,90.0,5940.0,Mepco,5100,7,40.5,4.13,10.3,Critical (High Er Visits),40,Extreme,6.8,17.8,ILO Labor Models (2019/2030); BMJ Global Health (2024),3500,37.09,0.4,0.0
multan,2021-06-28,Summer (May-Jul),39.21,0.0,0.18,0.4,2021,6,June,40.9,28.7,35.0,45.0,44.0,0.0,12.4,45.36,0.0,0.04,-0.04,Severe Deficit (Water Loss),,,,,,550.0,83.1,73.2,30.5,59.1,208.0,193.0,9.0,5.0,533.0,47.2,Ndma/Pdma Punjab,Agriculture & Brick Kilns,1800,5.5,90.0,5940.0,Mepco,5100,7,40.5,4.13,10.3,Critical (High Er Visits),40,Extreme,6.8,17.8,ILO Labor Models (2019/2030); BMJ Global Health (2024),3500,37.09,0.4,0.0
multan,2021-06-29,Summer (May-Jul),40.18,0.0,0.17,0.4,2021,6,June,42.8,30.0,36.3,39.0,44.7,0.0,21.6,47.34,0.0,0.05,-0.05,Severe Deficit (Water Loss),,,,,,550.0,83.1,73.2,30.5,59.1,208.0,193.0,9.0,5.0,533.0,47.2,Ndma/Pdma Punjab,Agriculture & Brick Kilns,1800,5.5,90.0,5940.0,Mepco,5100,7,40.5,4.13,10.3,Critical (High Er Visits),40,Extreme,6.8,17.8,ILO Labor Models (2019/2030); BMJ Global Health (2024),3500,37.09,0.4,0.0
multan,2021-06-30,Summer (May-Jul),40.43,0.0,0.16,0.4,2021,6,June,42.5,32.0,36.6,39.0,44.3,0.0,27.2,48.53,0.0,0.05,-0.05,Severe Deficit (Water Loss),,,,,,550.0,83.1,73.2,30.5,59.1,208.0,193.0,9.0,5.0,533.0,47.2,Ndma/Pdma Punjab,Agriculture & Brick Kilns,1800,5.5,90.0,5940.0,Mepco,5100,7,40.5,4.13,10.3,Critical (High Er Visits),40,Extreme,6.8,17.8,ILO Labor Models (2019/2030); BMJ Global Health (2024),3500,37.09,0.4,0.0
multan,2021-07-01,Summer (May-Jul),38.64,0.0,0.15,0.4,2021,7,July,40.6,30.9,35.2,46.0,43.9,0.0,26.3,46.33,0.0,0.07,-0.07,Severe Deficit (Water Loss),,,,,,550.0,83.1,73.2,30.5,59.1,208.0,193.0,9.0,5.0,533.0,47.2,Ndma/Pdma Punjab,Agriculture & Brick Kilns,1620,4.95,81.0,4811.4,Mepco,4420,6,36.5,2.8,7.0,Elevated (Heat Stress),70,Extreme (Humid),6.1,15.9,ILO Labor Models (2019/2030); BMJ Global Health (2024),3500,37.09,0.4,0.0
multan,2021-07-02,Summer (May-Jul),38.94,0.0,0.15,0.4,2021,7,July,39.0,30.8,34.5,49.0,42.1,0.0,21.7,46.26,0.0,0.06,-0.06,Severe Deficit (Water Loss),,,,,,550.0,83.1,73.2,30.5,59.1,208.0,193.0,9.0,5.0,533.0,47.2,Ndma/Pdma Punjab,Agriculture & Brick Kilns,1620,4.95,81.0,4811.4,Mepco,4420,6,36.5,2.8,7.0,Elevated (Heat Stress),70,Extreme (Humid),6.1,15.9,ILO Labor Models (2019/2030); BMJ Global Health (2024),3500,37.09,0.4,0.0
multan,2021-07-03,Summer (May-Jul),38.56,0.56,0.16,0.4,2021,7,July,38.9,31.5,34.8,50.0,43.2,0.0,19.9,43.9,0.56,0.05,0.51,Surplus (Recharging),,,,,,550.0,83.1,73.2,30.5,59.1,208.0,193.0,9.0,5.0,533.0,47.2,Ndma/Pdma Punjab,Agriculture & Brick Kilns,1620,4.95,81.0,4811.4,Mepco,4420,6,36.5,2.8,7.0,Elevated (Heat Stress),70,Extreme (Humid),6.1,15.9,ILO Labor Models (2019/2030); BMJ Global Health (2024),3500,37.09,0.4,0.0
multan,2021-07-04,Summer (May-Jul),38.37,0.48,0.17,0.4,2021,7,July,39.1,29.6,34.6,49.0,43.2,0.0,15.2,42.86,0.48,0.04,0.44,Surplus (Recharging),,,,,,550.0,83.1,73.2,30.5,59.1,208.0,193.0,9.0,5.0,533.0,47.2,Ndma/Pdma Punjab,Agriculture & Brick Kilns,1620,4.95,81.0,4811.4,Mepco,4420,6,36.5,2.8,7.0,Elevated (Heat Stress),70,Extreme (Humid),6.1,15.9,ILO Labor Models (2019/2030); BMJ Global Health (2024),3500,37.09,0.4,0.0
multan,2021-07-05,Summer (May-Jul),38.26,0.47,0.18,0.4,2021,7,July,39.2,29.5,34.3,49.0,42.7,0.0,16.2,43.43,0.47,0.03,0.44,Surplus (Recharging),,,,,,550.0,83.1,73.2,30.5,59.1,208.0,193.0,9.0,5.0,533.0,47.2,Ndma/Pdma Punjab,Agriculture & Brick Kilns,1620,4.95,81.0,4811.4,Mepco,4420,6,36.5,2.8,7.0,Elevated (Heat Stress),70,Extreme (Humid),6.1,15.9,ILO Labor Models (2019/2030); BMJ Global Health (2024),3500,37.09,0.4,0.0
multan,2021-07-06,Summer (May-Jul),39.38,0.0,0.17,0.4,2021,7,July,40.9,29.4,35.3,46.0,44.9,0.0,13.6,45.21,0.0,0.03,-0.03,Severe Deficit (Water Loss),,,,,,550.0,83.1,73.2,30.5,59.1,208.0,193.0,9.0,5.0,533.0,47.2,Ndma/Pdma Punjab,Agriculture & Brick Kilns,1620,4.95,81.0,4811.4,Mepco,4420,6,36.5,2.8,7.0,Elevated (Heat Stress),70,Extreme (Humid),6.1,15.9,ILO Labor Models (2019/2030); BMJ Global Health (2024),3500,37.09,0.4,0.0
multan,2021-07-07,Summer (May-Jul),39.83,0.0,0.16,0.4,2021,7,July,41.7,31.7,36.3,44.0,44.6,0.0,20.6,45.64,0.0,0.04,-0.04,Severe Deficit (Water Loss),,,,,,550.0,83.1,73.2,30.5,59.1,208.0,193.0,9.0,5.0,533.0,47.2,Ndma/Pdma Punjab,Agriculture & Brick Kilns,1620,4.95,81.0,4811.4,Mepco,4420,6,36.5,2.8,7.0,Elevated (Heat Stress),70,Extreme (Humid),6.1,15.9,ILO Labor Models (2019/2030); BMJ Global Health (2024),3500,37.09,0.4,0.0
multan,2021-07-08,Summer (May-Jul),40.38,0.0,0.15,0.4,2021,7,July,40.8,32.2,36.2,45.0,44.0,0.0,21.1,46.43,0.0,0.06,-0.06,Severe Deficit (Water Loss),,,,,,550.0,83.1,73.2,30.5,59.1,208.0,193.0,9.0,5.0,533.0,47.2,Ndma/Pdma Punjab,Agriculture & Brick Kilns,1620,4.95,81.0,4811.4,Mepco,4420,6,36.5,2.8,7.0,Elevated (Heat Stress),70,Extreme (Humid),6.1,15.9,ILO Labor Models (2019/2030); BMJ Global Health (2024),3500,37.09,0.4,0.0
multan,2021-07-09,Summer (May-Jul),39.56,0.0,0.15,0.4,2021,7,July,40.8,32.7,36.2,45.0,44.0,0.0,18.4,44.75,0.0,0.07,-0.07,Severe Deficit (Water Loss),,,,,,550.0,83.1,73.2,30.5,59.1,208.0,193.0,9.0,5.0,533.0,47.2,Ndma/Pdma Punjab,Agriculture & Brick Kilns,1620,4.95,81.0,4811.4,Mepco,4420,6,36.5,2.8,7.0,Elevated (Heat Stress),70,Extreme (Humid),6.1,15.9,ILO Labor Models (2019/2030); BMJ Global Health (2024),3500,37.09,0.4,0.0
multan,2021-07-10,Summer (May-Jul),40.23,0.0,0.14,0.4,2021,7,July,41.0,31.5,36.4,47.0,44.6,0.0,15.4,45.96,0.0,0.06,-0.06,Severe Deficit (Water Loss),,,,,,550.0,83.1,73.2,30.5,59.1,208.0,193.0,9.0,5.0,533.0,47.2,Ndma/Pdma Punjab,Agriculture & Brick Kilns,1620,4.95,81.0,4811.4,Mepco,4420,6,36.5,2.8,7.0,Elevated (Heat Stress),70,Extreme (Humid),6.1,15.9,ILO Labor Models (2019/2030); BMJ Global Health (2024),3500,37.09,0.4,0.0
multan,2021-07-11,Summer (May-Jul),41.21,0.01,0.14,0.4,2021,7,July,43.5,32.1,38.0,41.0,47.7,0.0,14.3,46.96,0.01,0.05,-0.04,Severe Deficit (Water Loss),,,,,,550.0,83.1,73.2,30.5,59.1,208.0,193.0,9.0,5.0,533.0,47.2,Ndma/Pdma Punjab,Agriculture & Brick Kilns,1620,4.95,81.0,4811.4,Mepco,4420,6,36.5,2.8,7.0,Elevated (Heat Stress),70,Extreme (Humid),6.1,15.9,ILO Labor Models (2019/2030); BMJ Global Health (2024),3500,37.09,0.4,0.0
multan,2021-07-12,Summer (May-Jul),39.89,1.58,0.16,0.4,2021,7,July,41.8,31.5,36.3,49.0,46.2,3.5,20.4,46.51,1.58,0.06,1.52,Surplus (Recharging),,,,,,550.0,83.1,73.2,30.5,59.1,208.0,193.0,9.0,5.0,533.0,47.2,Ndma/Pdma Punjab,Agriculture & Brick Kilns,1620,4.95,81.0,4811.4,Mepco,4420,6,36.5,2.8,7.0,Elevated (Heat Stress),70,Extreme (Humid),6.1,15.9,ILO Labor Models (2019/2030); BMJ Global Health (2024),3500,37.09,0.4,0.0
multan,2021-07-13,Summer (May-Jul),34.56,5.84,0.33,0.41,2021,7,July,37.5,28.3,33.0,64.0,43.1,5.9,15.0,36.91,5.84,0.02,5.82,Surplus (Recharging),,,,,,550.0,83.1,73.2,30.5,59.1,208.0,193.0,9.0,5.0,533.0,47.2,Ndma/Pdma Punjab,Agriculture & Brick Kilns,1620,4.95,81.0,4811.4,Mepco,4420,6,36.5,2.8,7.0,Elevated (Heat Stress),70,Extreme (Humid),6.1,15.9,ILO Labor Models (2019/2030); BMJ Global Health (2024),3500,37.09,0.4,0.0
multan,2021-07-14,Summer (May-Jul),35.01,1.87,0.38,0.41,2021,7,July,36.5,28.4,32.3,69.0,41.4,5.1,14.8,38.9,1.87,0.02,1.85,Surplus (Recharging),,,,,,550.0,83.1,73.2,30.5,59.1,208.0,193.0,9.0,5.0,533.0,47.2,Ndma/Pdma Punjab,Agriculture & Brick Kilns,1620,4.95,81.0,4811.4,Mepco,4420,6,36.5,2.8,7.0,Elevated (Heat Stress),70,Extreme (Humid),6.1,15.9,ILO Labor Models (2019/2030); BMJ Global Health (2024),3500,37.09,0.4,0.0
multan,2021-07-15,Summer (May-Jul),35.29,0.64,0.37,0.41,2021,7,July,37.6,29.5,33.2,63.0,41.8,8.2,14.4,38.87,0.64,0.02,0.62,Surplus (Recharging),,,,,,550.0,83.1,73.2,30.5,59.1,208.0,193.0,9.0,5.0,533.0,47.2,Ndma/Pdma Punjab,Agriculture & Brick Kilns,1620,4.95,81.0,4811.4,Mepco,4420,6,36.5,2.8,7.0,Elevated (Heat Stress),70,Extreme (Humid),6.1,15.9,ILO Labor Models (2019/2030); BMJ Global Health (2024),3500,37.09,0.4,0.0
multan,2021-07-16,Summer (May-Jul),38.0,0.22,0.31,0.41,2021,7,July,40.2,31.0,35.6,51.0,44.5,0.0,13.6,43.28,0.22,0.03,0.19,Surplus (Recharging),,,,,,550.0,83.1,73.2,30.5,59.1,208.0,193.0,9.0,5.0,533.0,47.2,Ndma/Pdma Punjab,Agriculture & Brick Kilns,1620,4.95,81.0,4811.4,Mepco,4420,6,36.5,2.8,7.0,Elevated (Heat Stress),70,Extreme (Humid),6.1,15.9,ILO Labor Models (2019/2030); BMJ Global Health (2024),3500,37.09,0.4,0.0
multan,2021-07-17,Summer (May-Jul),39.12,0.02,0.26,0.41,2021,7,July,42.8,31.9,37.3,46.0,47.2,0.0,15.5,45.15,0.02,0.03,-0.01,Severe Deficit (Water Loss),,,,,,550.0,83.1,73.2,30.5,59.1,208.0,193.0,9.0,5.0,533.0,47.2,Ndma/Pdma Punjab,Agriculture & Brick Kilns,1620,4.95,81.0,4811.4,Mepco,4420,6,36.5,2.8,7.0,Elevated (Heat Stress),70,Extreme (Humid),6.1,15.9,ILO Labor Models (2019/2030); BMJ Global Health (2024),3500,37.09,0.4,0.0
multan,2021-07-18,Summer (May-Jul),40.44,0.0,0.23,0.41,2021,7,July,42.5,33.7,37.6,44.0,45.2,0.0,25.1,47.03,0.0,0.04,-0.04,Severe Deficit (Water Loss),,,,,,550.0,83.1,73.2,30.5,59.1,208.0,193.0,9.0,5.0,533.0,47.2,Ndma/Pdma Punjab,Agriculture & Brick Kilns,1620,4.95,81.0,4811.4,Mepco,4420,6,36.5,2.8,7.0,Elevated (Heat Stress),70,Extreme (Humid),6.1,15.9,ILO Labor Models (2019/2030); BMJ Global Health (2024),3500,37.09,0.4,0.0
multan,2021-07-19,Summer (May-Jul),40.17,0.45,0.21,0.4,2021,7,July,41.0,32.4,36.3,50.0,46.3,0.0,24.2,46.49,0.45,0.06,0.39,Surplus (Recharging),,,,,,550.0,83.1,73.2,30.5,59.1,208.0,193.0,9.0,5.0,533.0,47.2,Ndma/Pdma Punjab,Agriculture & Brick Kilns,1620,4.95,81.0,4811.4,Mepco,4420,6,36.5,2.8,7.0,Elevated (Heat Stress),70,Extreme (Humid),6.1,15.9,ILO Labor Models (2019/2030); BMJ Global Health (2024),3500,37.09,0.4,0.0
multan,2021-07-20,Summer (May-Jul),38.07,0.77,0.22,0.41,2021,7,July,37.2,30.2,33.1,65.0,42.3,7.7,21.1,42.36,0.77,0.07,0.7,Surplus (Recharging),,,,,,550.0,83.1,73.2,30.5,59.1,208.0,193.0,9.0,5.0,533.0,47.2,Ndma/Pdma Punjab,Agriculture & Brick Kilns,1620,4.95,81.0,4811.4,Mepco,4420,6,36.5,2.8,7.0,Elevated (Heat Stress),70,Extreme (Humid),6.1,15.9,ILO Labor Models (2019/2030); BMJ Global Health (2024),3500,37.09,0.4,0.0
multan,2021-07-21,Summer (May-Jul),37.06,0.64,0.24,0.41,2021,7,July,34.4,26.4,30.7,74.0,40.5,6.4,15.0,41.8,0.64,0.03,0.61,Surplus (Recharging),,,,,,550.0,83.1,73.2,30.5,59.1,208.0,193.0,9.0,5.0,533.0,47.2,Ndma/Pdma Punjab,Agriculture & Brick Kilns,1620,4.95,81.0,4811.4,Mepco,4420,6,36.5,2.8,7.0,Elevated (Heat Stress),70,Extreme (Humid),6.1,15.9,ILO Labor Models (2019/2030); BMJ Global Health (2024),3500,37.09,0.4,0.0
multan,2021-07-22,Summer (May-Jul),38.38,0.0,0.22,0.41,2021,7,July,37.3,27.2,32.3,65.0,41.7,1.3,13.0,43.87,0.0,0.03,-0.03,Severe Deficit (Water Loss),,,,,,550.0,83.1,73.2,30.5,59.1,208.0,193.0,9.0,5.0,533.0,47.2,Ndma/Pdma Punjab,Agriculture & Brick Kilns,1620,4.95,81.0,4811.4,Mepco,4420,6,36.5,2.8,7.0,Elevated (Heat Stress),70,Extreme (Humid),6.1,15.9,ILO Labor Models (2019/2030); BMJ Global Health (2024),3500,37.09,0.4,0.0
multan,2021-07-23,Summer (May-Jul),39.14,0.02,0.2,0.4,2021,7,July,39.5,29.9,34.5,51.0,42.8,0.0,14.8,44.43,0.02,0.04,-0.02,Severe Deficit (Water Loss),,,,,,550.0,83.1,73.2,30.5,59.1,208.0,193.0,9.0,5.0,533.0,47.2,Ndma/Pdma Punjab,Agriculture & Brick Kilns,1620,4.95,81.0,4811.4,Mepco,4420,6,36.5,2.8,7.0,Elevated (Heat Stress),70,Extreme (Humid),6.1,15.9,ILO Labor Models (2019/2030); BMJ Global Health (2024),3500,37.09,0.4,0.0
multan,2021-07-24,Summer (May-Jul),39.44,0.0,0.19,0.4,2021,7,July,39.9,29.4,34.7,53.0,44.2,0.0,14.6,44.57,0.0,0.04,-0.04,Severe Deficit (Water Loss),,,,,,550.0,83.1,73.2,30.5,59.1,208.0,193.0,9.0,5.0,533.0,47.2,Ndma/Pdma Punjab,Agriculture & Brick Kilns,1620,4.95,81.0,4811.4,Mepco,4420,6,36.5,2.8,7.0,Elevated (Heat Stress),70,Extreme (Humid),6.1,15.9,ILO Labor Models (2019/2030); BMJ Global Health (2024),3500,37.09,0.4,0.0
multan,2021-07-25,Summer (May-Jul),40.42,0.0,0.17,0.4,2021,7,July,41.0,31.2,36.4,49.0,45.7,0.0,10.2,45.91,0.0,0.04,-0.04,Severe Deficit (Water Loss),,,,,,550.0,83.1,73.2,30.5,59.1,208.0,193.0,9.0,5.0,533.0,47.2,Ndma/Pdma Punjab,Agriculture & Brick Kilns,1620,4.95,81.0,4811.4,Mepco,4420,6,36.5,2.8,7.0,Elevated (Heat Stress),70,Extreme (Humid),6.1,15.9,ILO Labor Models (2019/2030); BMJ Global Health (2024),3500,37.09,0.4,0.0
multan,2021-07-26,Summer (May-Jul),40.0,0.0,0.17,0.4,2021,7,July,43.1,32.8,37.6,45.0,47.4,0.0,17.2,44.83,0.0,0.06,-0.06,Severe Deficit (Water Loss),,,,,,550.0,83.1,73.2,30.5,59.1,208.0,193.0,9.0,5.0,533.0,47.2,Ndma/Pdma Punjab,Agriculture & Brick Kilns,1620,4.95,81.0,4811.4,Mepco,4420,6,36.5,2.8,7.0,Elevated (Heat Stress),70,Extreme (Humid),6.1,15.9,ILO Labor Models (2019/2030); BMJ Global Health (2024),3500,37.09,0.4,0.0
multan,2021-07-27,Summer (May-Jul),35.97,0.0,0.16,0.4,2021,7,July,38.8,31.7,34.9,51.0,41.8,0.0,25.0,39.78,0.0,0.08,-0.08,Severe Deficit (Water Loss),,,,,,550.0,83.1,73.2,30.5,59.1,208.0,193.0,9.0,5.0,533.0,47.2,Ndma/Pdma Punjab,Agriculture & Brick Kilns,1620,4.95,81.0,4811.4,Mepco,4420,6,36.5,2.8,7.0,Elevated (Heat Stress),70,Extreme (Humid),6.1,15.9,ILO Labor Models (2019/2030); BMJ Global Health (2024),3500,37.09,0.4,0.0
multan,2021-07-28,Summer (May-Jul),38.39,0.12,0.16,0.4,2021,7,July,39.0,29.4,33.9,55.0,42.1,0.0,21.7,45.01,0.12,0.06,0.06,Surplus (Recharging),,,,,,550.0,83.1,73.2,30.5,59.1,208.0,193.0,9.0,5.0,533.0,47.2,Ndma/Pdma Punjab,Agriculture & Brick Kilns,1620,4.95,81.0,4811.4,Mepco,4420,6,36.5,2.8,7.0,Elevated (Heat Stress),70,Extreme (Humid),6.1,15.9,ILO Labor Models (2019/2030); BMJ Global Health (2024),3500,37.09,0.4,0.0
multan,2021-07-29,Summer (May-Jul),38.18,0.21,0.16,0.4,2021,7,July,38.2,30.7,34.0,57.0,43.7,0.4,15.5,43.6,0.21,0.06,0.15,Surplus (Recharging),,,,,,550.0,83.1,73.2,30.5,59.1,208.0,193.0,9.0,5.0,533.0,47.2,Ndma/Pdma Punjab,Agriculture & Brick Kilns,1620,4.95,81.0,4811.4,Mepco,4420,6,36.5,2.8,7.0,Elevated (Heat Stress),70,Extreme (Humid),6.1,15.9,ILO Labor Models (2019/2030); BMJ Global Health (2024),3500,37.09,0.4,0.0
multan,2021-07-30,Summer (May-Jul),37.68,1.44,0.18,0.4,2021,7,July,37.4,29.8,33.5,63.0,43.1,0.8,18.4,43.39,1.44,0.05,1.39,Surplus (Recharging),,,,,,550.0,83.1,73.2,30.5,59.1,208.0,193.0,9.0,5.0,533.0,47.2,Ndma/Pdma Punjab,Agriculture & Brick Kilns,1620,4.95,81.0,4811.4,Mepco,4420,6,36.5,2.8,7.0,Elevated (Heat Stress),70,Extreme (Humid),6.1,15.9,ILO Labor Models (2019/2030); BMJ Global Health (2024),3500,37.09,0.4,0.0
multan,2021-07-31,Summer (May-Jul),36.45,8.26,0.35,0.41,2021,7,July,36.3,28.1,32.3,71.0,42.3,8.6,11.3,41.01,8.26,0.03,8.23,Surplus (Recharging),,,,,,550.0,83.1,73.2,30.5,59.1,208.0,193.0,9.0,5.0,533.0,47.2,Ndma/Pdma Punjab,Agriculture & Brick Kilns,1620,4.95,81.0,4811.4,Mepco,4420,6,36.5,2.8,7.0,Elevated (Heat Stress),70,Extreme (Humid),6.1,15.9,ILO Labor Models (2019/2030); BMJ Global Health (2024),3500,37.09,0.4,0.0
multan,2021-12-01,Winter (Dec-Jan),19.48,0.0,0.13,0.4,2021,12,,,,,,,,,,,,,,,,,,,,,,,,,,,,,,,Agriculture & Brick Kilns,0,0.0,0.0,0.0,Mepco,765,1,20.5,0.0,0.0,Baseline,65,Safe,0.0,0.0,ILO Labor Models (2019/2030); BMJ Global Health (2024),3500,37.09,0.4,0.0
multan,2021-12-02,Winter (Dec-Jan),18.48,0.0,0.13,0.4,2021,12,,,,,,,,,,,,,,,,,,,,,,,,,,,,,,,Agriculture & Brick Kilns,0,0.0,0.0,0.0,Mepco,765,1,20.5,0.0,0.0,Baseline,65,Safe,0.0,0.0,ILO Labor Models (2019/2030); BMJ Global Health (2024),3500,37.09,0.4,0.0
multan,2021-12-03,Winter (Dec-Jan),17.77,0.0,0.13,0.4,2021,12,,,,,,,,,,,,,,,,,,,,,,,,,,,,,,,Agriculture & Brick Kilns,0,0.0,0.0,0.0,Mepco,765,1,20.5,0.0,0.0,Baseline,65,Safe,0.0,0.0,ILO Labor Models (2019/2030); BMJ Global Health (2024),3500,37.09,0.4,0.0
multan,2021-12-04,Winter (Dec-Jan),17.9,0.0,0.12,0.4,2021,12,,,,,,,,,,,,,,,,,,,,,,,,,,,,,,,Agriculture & Brick Kilns,0,0.0,0.0,0.0,Mepco,765,1,20.5,0.0,0.0,Baseline,65,Safe,0.0,0.0,ILO Labor Models (2019/2030); BMJ Global Health (2024),3500,37.09,0.4,0.0
multan,2021-12-05,Winter (Dec-Jan),17.48,0.0,0.12,0.4,2021,12,,,,,,,,,,,,,,,,,,,,,,,,,,,,,,,Agriculture & Brick Kilns,0,0.0,0.0,0.0,Mepco,765,1,20.5,0.0,0.0,Baseline,65,Safe,0.0,0.0,ILO Labor Models (2019/2030); BMJ Global Health (2024),3500,37.09,0.4,0.0
multan,2021-12-06,Winter (Dec-Jan),16.41,0.0,0.12,0.4,2021,12,,,,,,,,,,,,,,,,,,,,,,,,,,,,,,,Agriculture & Brick Kilns,0,0.0,0.0,0.0,Mepco,765,1,20.5,0.0,0.0,Baseline,65,Safe,0.0,0.0,ILO Labor Models (2019/2030); BMJ Global Health (2024),3500,37.09,0.4,0.0
multan,2021-12-07,Winter (Dec-Jan),17.55,0.0,0.12,0.4,2021,12,,,,,,,,,,,,,,,,,,,,,,,,,,,,,,,Agriculture & Brick Kilns,0,0.0,0.0,0.0,Mepco,765,1,20.5,0.0,0.0,Baseline,65,Safe,0.0,0.0,ILO Labor Models (2019/2030); BMJ Global Health (2024),3500,37.09,0.4,0.0
multan,2021-12-08,Winter (Dec-Jan),18.18,0.0,0.12,0.4,2021,12,,,,,,,,,,,,,,,,,,,,,,,,,,,,,,,Agriculture & Brick Kilns,0,0.0,0.0,0.0,Mepco,765,1,20.5,0.0,0.0,Baseline,65,Safe,0.0,0.0,ILO Labor Models (2019/2030); BMJ Global Health (2024),3500,37.09,0.4,0.0
multan,2021-12-09,Winter (Dec-Jan),18.34,0.0,0.12,0.4,2021,12,,,,,,,,,,,,,,,,,,,,,,,,,,,,,,,Agriculture & Brick Kilns,0,0.0,0.0,0.0,Mepco,765,1,20.5,0.0,0.0,Baseline,65,Safe,0.0,0.0,ILO Labor Models (2019/2030); BMJ Global Health (2024),3500,37.09,0.4,0.0
multan,2021-12-10,Winter (Dec-Jan),17.45,0.0,0.12,0.4,2021,12,,,,,,,,,,,,,,,,,,,,,,,,,,,,,,,Agriculture & Brick Kilns,0,0.0,0.0,0.0,Mepco,765,1,20.5,0.0,0.0,Baseline,65,Safe,0.0,0.0,ILO Labor Models (2019/2030); BMJ Global Health (2024),3500,37.09,0.4,0.0
multan,2021-12-11,Winter (Dec-Jan),17.24,0.0,0.12,0.4,2021,12,,,,,,,,,,,,,,,,,,,,,,,,,,,,,,,Agriculture & Brick Kilns,0,0.0,0.0,0.0,Mepco,765,1,20.5,0.0,0.0,Baseline,65,Safe,0.0,0.0,ILO Labor Models (2019/2030); BMJ Global Health (2024),3500,37.09,0.4,0.0
multan,2021-12-12,Winter (Dec-Jan),16.74,0.0,0.12,0.4,2021,12,,,,,,,,,,,,,,,,,,,,,,,,,,,,,,,Agriculture & Brick Kilns,0,0.0,0.0,0.0,Mepco,765,1,20.5,0.0,0.0,Baseline,65,Safe,0.0,0.0,ILO Labor Models (2019/2030); BMJ Global Health (2024),3500,37.09,0.4,0.0
multan,2021-12-13,Winter (Dec-Jan),16.53,0.0,0.12,0.4,2021,12,,,,,,,,,,,,,,,,,,,,,,,,,,,,,,,Agriculture & Brick Kilns,0,0.0,0.0,0.0,Mepco,765,1,20.5,0.0,0.0,Baseline,65,Safe,0.0,0.0,ILO Labor Models (2019/2030); BMJ Global Health (2024),3500,37.09,0.4,0.0
multan,2021-12-14,Winter (Dec-Jan),14.17,0.0,0.12,0.4,2021,12,,,,,,,,,,,,,,,,,,,,,,,,,,,,,,,Agriculture & Brick Kilns,0,0.0,0.0,0.0,Mepco,765,1,20.5,0.0,0.0,Baseline,65,Safe,0.0,0.0,ILO Labor Models (2019/2030); BMJ Global Health (2024),3500,37.09,0.4,0.0
multan,2021-12-15,Winter (Dec-Jan),13.63,0.0,0.12,0.4,2021,12,,,,,,,,,,,,,,,,,,,,,,,,,,,,,,,Agriculture & Brick Kilns,0,0.0,0.0,0.0,Mepco,765,1,20.5,0.0,0.0,Baseline,65,Safe,0.0,0.0,ILO Labor Models (2019/2030); BMJ Global Health (2024),3500,37.09,0.4,0.0
multan,2021-12-16,Winter (Dec-Jan),12.55,0.0,0.12,0.4,2021,12,,,,,,,,,,,,,,,,,,,,,,,,,,,,,,,Agriculture & Brick Kilns,0,0.0,0.0,0.0,Mepco,765,1,20.5,0.0,0.0,Baseline,65,Safe,0.0,0.0,ILO Labor Models (2019/2030); BMJ Global Health (2024),3500,37.09,0.4,0.0
multan,2021-12-17,Winter (Dec-Jan),12.79,0.0,0.12,0.4,2021,12,,,,,,,,,,,,,,,,,,,,,,,,,,,,,,,Agriculture & Brick Kilns,0,0.0,0.0,0.0,Mepco,765,1,20.5,0.0,0.0,Baseline,65,Safe,0.0,0.0,ILO Labor Models (2019/2030); BMJ Global Health (2024),3500,37.09,0.4,0.0
multan,2021-12-18,Winter (Dec-Jan),12.67,0.0,0.12,0.4,2021,12,,,,,,,,,,,,,,,,,,,,,,,,,,,,,,,Agriculture & Brick Kilns,0,0.0,0.0,0.0,Mepco,765,1,20.5,0.0,0.0,Baseline,65,Safe,0.0,0.0,ILO Labor Models (2019/2030); BMJ Global Health (2024),3500,37.09,0.4,0.0
multan,2021-12-19,Winter (Dec-Jan),13.26,0.0,0.12,0.4,2021,12,,,,,,,,,,,,,,,,,,,,,,,,,,,,,,,Agriculture & Brick Kilns,0,0.0,0.0,0.0,Mepco,765,1,20.5,0.0,0.0,Baseline,65,Safe,0.0,0.0,ILO Labor Models (2019/2030); BMJ Global Health (2024),3500,37.09,0.4,0.0
multan,2021-12-20,Winter (Dec-Jan),14.54,0.0,0.12,0.4,2021,12,,,,,,,,,,,,,,,,,,,,,,,,,,,,,,,Agriculture & Brick Kilns,0,0.0,0.0,0.0,Mepco,765,1,20.5,0.0,0.0,Baseline,65,Safe,0.0,0.0,ILO Labor Models (2019/2030); BMJ Global Health (2024),3500,37.09,0.4,0.0
multan,2021-12-21,Winter (Dec-Jan),14.38,0.0,0.12,0.4,2021,12,,,,,,,,,,,,,,,,,,,,,,,,,,,,,,,Agriculture & Brick Kilns,0,0.0,0.0,0.0,Mepco,765,1,20.5,0.0,0.0,Baseline,65,Safe,0.0,0.0,ILO Labor Models (2019/2030); BMJ Global Health (2024),3500,37.09,0.4,0.0
multan,2021-12-22,Winter (Dec-Jan),15.29,0.0,0.12,0.4,2021,12,,,,,,,,,,,,,,,,,,,,,,,,,,,,,,,Agriculture & Brick Kilns,0,0.0,0.0,0.0,Mepco,765,1,20.5,0.0,0.0,Baseline,65,Safe,0.0,0.0,ILO Labor Models (2019/2030); BMJ Global Health (2024),3500,37.09,0.4,0.0
multan,2021-12-23,Winter (Dec-Jan),15.73,0.0,0.12,0.4,2021,12,,,,,,,,,,,,,,,,,,,,,,,,,,,,,,,Agriculture & Brick Kilns,0,0.0,0.0,0.0,Mepco,765,1,20.5,0.0,0.0,Baseline,65,Safe,0.0,0.0,ILO Labor Models (2019/2030); BMJ Global Health (2024),3500,37.09,0.4,0.0
multan,2021-12-24,Winter (Dec-Jan),13.96,0.0,0.12,0.4,2021,12,,,,,,,,,,,,,,,,,,,,,,,,,,,,,,,Agriculture & Brick Kilns,0,0.0,0.0,0.0,Mepco,765,1,20.5,0.0,0.0,Baseline,65,Safe,0.0,0.0,ILO Labor Models (2019/2030); BMJ Global Health (2024),3500,37.09,0.4,0.0
multan,2021-12-25,Winter (Dec-Jan),14.69,0.0,0.12,0.4,2021,12,,,,,,,,,,,,,,,,,,,,,,,,,,,,,,,Agriculture & Brick Kilns,0,0.0,0.0,0.0,Mepco,765,1,20.5,0.0,0.0,Baseline,65,Safe,0.0,0.0,ILO Labor Models (2019/2030); BMJ Global Health (2024),3500,37.09,0.4,0.0
multan,2021-12-26,Winter (Dec-Jan),16.55,1.43,0.16,0.4,2021,12,,,,,,,,,,,,,,,,,,,,,,,,,,,,,,,Agriculture & Brick Kilns,0,0.0,0.0,0.0,Mepco,765,1,20.5,0.0,0.0,Baseline,65,Safe,0.0,0.0,ILO Labor Models (2019/2030); BMJ Global Health (2024),3500,37.09,0.4,0.0
multan,2021-12-27,Winter (Dec-Jan),14.93,0.16,0.18,0.4,2021,12,,,,,,,,,,,,,,,,,,,,,,,,,,,,,,,Agriculture & Brick Kilns,0,0.0,0.0,0.0,Mepco,765,1,20.5,0.0,0.0,Baseline,65,Safe,0.0,0.0,ILO Labor Models (2019/2030); BMJ Global Health (2024),3500,37.09,0.4,0.0
multan,2021-12-28,Winter (Dec-Jan),13.05,0.0,0.18,0.4,2021,12,,,,,,,,,,,,,,,,,,,,,,,,,,,,,,,Agriculture & Brick Kilns,0,0.0,0.0,0.0,Mepco,765,1,20.5,0.0,0.0,Baseline,65,Safe,0.0,0.0,ILO Labor Models (2019/2030); BMJ Global Health (2024),3500,37.09,0.4,0.0
multan,2021-12-29,Winter (Dec-Jan),13.66,0.0,0.18,0.4,2021,12,,,,,,,,,,,,,,,,,,,,,,,,,,,,,,,Agriculture & Brick Kilns,0,0.0,0.0,0.0,Mepco,765,1,20.5,0.0,0.0,Baseline,65,Safe,0.0,0.0,ILO Labor Models (2019/2030); BMJ Global Health (2024),3500,37.09,0.4,0.0
multan,2021-12-30,Winter (Dec-Jan),14.08,0.0,0.18,0.4,2021,12,,,,,,,,,,,,,,,,,,,,,,,,,,,,,,,Agriculture & Brick Kilns,0,0.0,0.0,0.0,Mepco,765,1,20.5,0.0,0.0,Baseline,65,Safe,0.0,0.0,ILO Labor Models (2019/2030); BMJ Global Health (2024),3500,37.09,0.4,0.0
multan,2021-12-31,Winter (Dec-Jan),13.89,0.0,0.18,0.4,2021,12,,,,,,,,,,,,,,,,,,,,,,,,,,,,,,,Agriculture & Brick Kilns,0,0.0,0.0,0.0,Mepco,765,1,20.5,0.0,0.0,Baseline,65,Safe,0.0,0.0,ILO Labor Models (2019/2030); BMJ Global Health (2024),3500,37.09,0.4,0.0
multan,2022-01-01,Winter (Dec-Jan),15.64,0.01,0.17,0.4,2022,1,,,,,,,,,,,,,,,,,,,,,,,,,,,,,,,Agriculture & Brick Kilns,0,0.0,0.0,0.0,Mepco,1000,1,19.5,0.0,0.0,Baseline,65,Safe,0.0,0.0,ILO Labor Models (2019/2030); BMJ Global Health (2024),6500,35.46,0.45,0.0
multan,2022-01-02,Winter (Dec-Jan),14.91,0.01,0.17,0.4,2022,1,,,,,,,,,,,,,,,,,,,,,,,,,,,,,,,Agriculture & Brick Kilns,0,0.0,0.0,0.0,Mepco,1000,1,19.5,0.0,0.0,Baseline,65,Safe,0.0,0.0,ILO Labor Models (2019/2030); BMJ Global Health (2024),6500,35.46,0.45,0.0
multan,2022-01-03,Winter (Dec-Jan),16.63,0.0,0.17,0.4,2022,1,,,,,,,,,,,,,,,,,,,,,,,,,,,,,,,Agriculture & Brick Kilns,0,0.0,0.0,0.0,Mepco,1000,1,19.5,0.0,0.0,Baseline,65,Safe,0.0,0.0,ILO Labor Models (2019/2030); BMJ Global Health (2024),6500,35.46,0.45,0.0
multan,2022-01-04,Winter (Dec-Jan),15.49,0.28,0.17,0.4,2022,1,,,,,,,,,,,,,,,,,,,,,,,,,,,,,,,Agriculture & Brick Kilns,0,0.0,0.0,0.0,Mepco,1000,1,19.5,0.0,0.0,Baseline,65,Safe,0.0,0.0,ILO Labor Models (2019/2030); BMJ Global Health (2024),6500,35.46,0.45,0.0
multan,2022-01-05,Winter (Dec-Jan),13.82,6.35,0.35,0.41,2022,1,,,,,,,,,,,,,,,,,,,,,,,,,,,,,,,Agriculture & Brick Kilns,0,0.0,0.0,0.0,Mepco,1000,1,19.5,0.0,0.0,Baseline,65,Safe,0.0,0.0,ILO Labor Models (2019/2030); BMJ Global Health (2024),6500,35.46,0.45,0.0
multan,2022-01-06,Winter (Dec-Jan),12.48,3.39,0.46,0.42,2022,1,,,,,,,,,,,,,,,,,,,,,,,,,,,,,,,Agriculture & Brick Kilns,0,0.0,0.0,0.0,Mepco,1000,1,19.5,0.0,0.0,Baseline,65,Safe,0.0,0.0,ILO Labor Models (2019/2030); BMJ Global Health (2024),6500,35.46,0.45,0.0
multan,2022-01-07,Winter (Dec-Jan),12.18,13.02,0.52,0.43,2022,1,,,,,,,,,,,,,,,,,,,,,,,,,,,,,,,Agriculture & Brick Kilns,0,0.0,0.0,0.0,Mepco,1000,1,19.5,0.0,0.0,Baseline,65,Safe,0.0,0.0,ILO Labor Models (2019/2030); BMJ Global Health (2024),6500,35.46,0.45,0.0
multan,2022-01-08,Winter (Dec-Jan),12.2,0.58,0.49,0.45,2022,1,,,,,,,,,,,,,,,,,,,,,,,,,,,,,,,Agriculture & Brick Kilns,0,0.0,0.0,0.0,Mepco,1000,1,19.5,0.0,0.0,Baseline,65,Safe,0.0,0.0,ILO Labor Models (2019/2030); BMJ Global Health (2024),6500,35.46,0.45,0.0
multan,2022-01-09,Winter (Dec-Jan),11.3,0.01,0.44,0.44,2022,1,,,,,,,,,,,,,,,,,,,,,,,,,,,,,,,Agriculture & Brick Kilns,0,0.0,0.0,0.0,Mepco,1000,1,19.5,0.0,0.0,Baseline,65,Safe,0.0,0.0,ILO Labor Models (2019/2030); BMJ Global Health (2024),6500,35.46,0.45,0.0
multan,2022-01-10,Winter (Dec-Jan),12.12,0.0,0.43,0.44,2022,1,,,,,,,,,,,,,,,,,,,,,,,,,,,,,,,Agriculture & Brick Kilns,0,0.0,0.0,0.0,Mepco,1000,1,19.5,0.0,0.0,Baseline,65,Safe,0.0,0.0,ILO Labor Models (2019/2030); BMJ Global Health (2024),6500,35.46,0.45,0.0
multan,2022-01-11,Winter (Dec-Jan),11.96,0.0,0.43,0.44,2022,1,,,,,,,,,,,,,,,,,,,,,,,,,,,,,,,Agriculture & Brick Kilns,0,0.0,0.0,0.0,Mepco,1000,1,19.5,0.0,0.0,Baseline,65,Safe,0.0,0.0,ILO Labor Models (2019/2030); BMJ Global Health (2024),6500,35.46,0.45,0.0
multan,2022-01-12,Winter (Dec-Jan),12.74,0.0,0.42,0.44,2022,1,,,,,,,,,,,,,,,,,,,,,,,,,,,,,,,Agriculture & Brick Kilns,0,0.0,0.0,0.0,Mepco,1000,1,19.5,0.0,0.0,Baseline,65,Safe,0.0,0.0,ILO Labor Models (2019/2030); BMJ Global Health (2024),6500,35.46,0.45,0.0
multan,2022-01-13,Winter (Dec-Jan),12.81,0.0,0.42,0.44,2022,1,,,,,,,,,,,,,,,,,,,,,,,,,,,,,,,Agriculture & Brick Kilns,0,0.0,0.0,0.0,Mepco,1000,1,19.5,0.0,0.0,Baseline,65,Safe,0.0,0.0,ILO Labor Models (2019/2030); BMJ Global Health (2024),6500,35.46,0.45,0.0
multan,2022-01-14,Winter (Dec-Jan),13.03,0.0,0.42,0.43,2022,1,,,,,,,,,,,,,,,,,,,,,,,,,,,,,,,Agriculture & Brick Kilns,0,0.0,0.0,0.0,Mepco,1000,1,19.5,0.0,0.0,Baseline,65,Safe,0.0,0.0,ILO Labor Models (2019/2030); BMJ Global Health (2024),6500,35.46,0.45,0.0
multan,2022-01-15,Winter (Dec-Jan),13.98,0.0,0.42,0.43,2022,1,,,,,,,,,,,,,,,,,,,,,,,,,,,,,,,Agriculture & Brick Kilns,0,0.0,0.0,0.0,Mepco,1000,1,19.5,0.0,0.0,Baseline,65,Safe,0.0,0.0,ILO Labor Models (2019/2030); BMJ Global Health (2024),6500,35.46,0.45,0.0
multan,2022-01-16,Winter (Dec-Jan),14.43,0.0,0.42,0.43,2022,1,,,,,,,,,,,,,,,,,,,,,,,,,,,,,,,Agriculture & Brick Kilns,0,0.0,0.0,0.0,Mepco,1000,1,19.5,0.0,0.0,Baseline,65,Safe,0.0,0.0,ILO Labor Models (2019/2030); BMJ Global Health (2024),6500,35.46,0.45,0.0
multan,2022-01-17,Winter (Dec-Jan),14.81,0.0,0.41,0.43,2022,1,,,,,,,,,,,,,,,,,,,,,,,,,,,,,,,Agriculture & Brick Kilns,0,0.0,0.0,0.0,Mepco,1000,1,19.5,0.0,0.0,Baseline,65,Safe,0.0,0.0,ILO Labor Models (2019/2030); BMJ Global Health (2024),6500,35.46,0.45,0.0
multan,2022-01-18,Winter (Dec-Jan),14.95,0.0,0.41,0.43,2022,1,,,,,,,,,,,,,,,,,,,,,,,,,,,,,,,Agriculture & Brick Kilns,0,0.0,0.0,0.0,Mepco,1000,1,19.5,0.0,0.0,Baseline,65,Safe,0.0,0.0,ILO Labor Models (2019/2030); BMJ Global Health (2024),6500,35.46,0.45,0.0
multan,2022-01-19,Winter (Dec-Jan),15.93,0.07,0.41,0.43,2022,1,,,,,,,,,,,,,,,,,,,,,,,,,,,,,,,Agriculture & Brick Kilns,0,0.0,0.0,0.0,Mepco,1000,1,19.5,0.0,0.0,Baseline,65,Safe,0.0,0.0,ILO Labor Models (2019/2030); BMJ Global Health (2024),6500,35.46,0.45,0.0
multan,2022-01-20,Winter (Dec-Jan),14.21,0.23,0.41,0.43,2022,1,,,,,,,,,,,,,,,,,,,,,,,,,,,,,,,Agriculture & Brick Kilns,0,0.0,0.0,0.0,Mepco,1000,1,19.5,0.0,0.0,Baseline,65,Safe,0.0,0.0,ILO Labor Models (2019/2030); BMJ Global Health (2024),6500,35.46,0.45,0.0
multan,2022-01-21,Winter (Dec-Jan),14.77,0.23,0.41,0.43,2022,1,,,,,,,,,,,,,,,,,,,,,,,,,,,,,,,Agriculture & Brick Kilns,0,0.0,0.0,0.0,Mepco,1000,1,19.5,0.0,0.0,Baseline,65,Safe,0.0,0.0,ILO Labor Models (2019/2030); BMJ Global Health (2024),6500,35.46,0.45,0.0
multan,2022-01-22,Winter (Dec-Jan),11.3,3.59,0.46,0.43,2022,1,,,,,,,,,,,,,,,,,,,,,,,,,,,,,,,Agriculture & Brick Kilns,0,0.0,0.0,0.0,Mepco,1000,1,19.5,0.0,0.0,Baseline,65,Safe,0.0,0.0,ILO Labor Models (2019/2030); BMJ Global Health (2024),6500,35.46,0.45,0.0
multan,2022-01-23,Winter (Dec-Jan),12.44,0.11,0.44,0.43,2022,1,,,,,,,,,,,,,,,,,,,,,,,,,,,,,,,Agriculture & Brick Kilns,0,0.0,0.0,0.0,Mepco,1000,1,19.5,0.0,0.0,Baseline,65,Safe,0.0,0.0,ILO Labor Models (2019/2030); BMJ Global Health (2024),6500,35.46,0.45,0.0
multan,2022-01-24,Winter (Dec-Jan),12.0,0.0,0.42,0.43,2022,1,,,,,,,,,,,,,,,,,,,,,,,,,,,,,,,Agriculture & Brick Kilns,0,0.0,0.0,0.0,Mepco,1000,1,19.5,0.0,0.0,Baseline,65,Safe,0.0,0.0,ILO Labor Models (2019/2030); BMJ Global Health (2024),6500,35.46,0.45,0.0
multan,2022-01-25,Winter (Dec-Jan),12.41,0.0,0.42,0.43,2022,1,,,,,,,,,,,,,,,,,,,,,,,,,,,,,,,Agriculture & Brick Kilns,0,0.0,0.0,0.0,Mepco,1000,1,19.5,0.0,0.0,Baseline,65,Safe,0.0,0.0,ILO Labor Models (2019/2030); BMJ Global Health (2024),6500,35.46,0.45,0.0
multan,2022-01-26,Winter (Dec-Jan),12.44,0.0,0.41,0.43,2022,1,,,,,,,,,,,,,,,,,,,,,,,,,,,,,,,Agriculture & Brick Kilns,0,0.0,0.0,0.0,Mepco,1000,1,19.5,0.0,0.0,Baseline,65,Safe,0.0,0.0,ILO Labor Models (2019/2030); BMJ Global Health (2024),6500,35.46,0.45,0.0
multan,2022-01-27,Winter (Dec-Jan),12.97,0.0,0.41,0.43,2022,1,,,,,,,,,,,,,,,,,,,,,,,,,,,,,,,Agriculture & Brick Kilns,0,0.0,0.0,0.0,Mepco,1000,1,19.5,0.0,0.0,Baseline,65,Safe,0.0,0.0,ILO Labor Models (2019/2030); BMJ Global Health (2024),6500,35.46,0.45,0.0
multan,2022-01-28,Winter (Dec-Jan),13.81,0.0,0.41,0.43,2022,1,,,,,,,,,,,,,,,,,,,,,,,,,,,,,,,Agriculture & Brick Kilns,0,0.0,0.0,0.0,Mepco,1000,1,19.5,0.0,0.0,Baseline,65,Safe,0.0,0.0,ILO Labor Models (2019/2030); BMJ Global Health (2024),6500,35.46,0.45,0.0
multan,2022-01-29,Winter (Dec-Jan),15.35,0.0,0.4,0.42,2022,1,,,,,,,,,,,,,,,,,,,,,,,,,,,,,,,Agriculture & Brick Kilns,0,0.0,0.0,0.0,Mepco,1000,1,19.5,0.0,0.0,Baseline,65,Safe,0.0,0.0,ILO Labor Models (2019/2030); BMJ Global Health (2024),6500,35.46,0.45,0.0
multan,2022-01-30,Winter (Dec-Jan),15.91,0.0,0.4,0.42,2022,1,,,,,,,,,,,,,,,,,,,,,,,,,,,,,,,Agriculture & Brick Kilns,0,0.0,0.0,0.0,Mepco,1000,1,19.5,0.0,0.0,Baseline,65,Safe,0.0,0.0,ILO Labor Models (2019/2030); BMJ Global Health (2024),6500,35.46,0.45,0.0
multan,2022-01-31,Winter (Dec-Jan),16.95,0.0,0.4,0.42,2022,1,,,,,,,,,,,,,,,,,,,,,,,,,,,,,,,Agriculture & Brick Kilns,0,0.0,0.0,0.0,Mepco,1000,1,19.5,0.0,0.0,Baseline,65,Safe,0.0,0.0,ILO Labor Models (2019/2030); BMJ Global Health (2024),6500,35.46,0.45,0.0
multan,2022-05-01,Summer (May-Jul),38.71,0.0,0.08,0.4,2022,5,,,,,,,,,48.11,0.0,0.0,0.0,Surplus (Recharging),,,,,,,,,,,,,,,,,,Agriculture & Brick Kilns,2376,7.26,118.8,10349.86,Mepco,5625,8,41.5,4.47,11.2,Critical (High Er Visits),30,Extreme,5.2,13.5,ILO Labor Models (2019/2030); BMJ Global Health (2024),6500,35.46,0.45,0.0
multan,2022-05-02,Summer (May-Jul),38.6,0.0,0.08,0.4,2022,5,,,,,,,,,47.3,0.0,0.01,-0.01,Severe Deficit (Water Loss),,,,,,,,,,,,,,,,,,Agriculture & Brick Kilns,2376,7.26,118.8,10349.86,Mepco,5625,8,41.5,4.47,11.2,Critical (High Er Visits),30,Extreme,5.2,13.5,ILO Labor Models (2019/2030); BMJ Global Health (2024),6500,35.46,0.45,0.0
multan,2022-05-03,Summer (May-Jul),35.34,0.04,0.08,0.4,2022,5,,,,,,,,,41.19,0.04,0.02,0.02,Surplus (Recharging),,,,,,,,,,,,,,,,,,Agriculture & Brick Kilns,2376,7.26,118.8,10349.86,Mepco,5625,8,41.5,4.47,11.2,Critical (High Er Visits),30,Extreme,5.2,13.5,ILO Labor Models (2019/2030); BMJ Global Health (2024),6500,35.46,0.45,0.0
multan,2022-05-04,Summer (May-Jul),34.88,1.1,0.11,0.4,2022,5,,,,,,,,,40.64,1.1,0.01,1.09,Surplus (Recharging),,,,,,,,,,,,,,,,,,Agriculture & Brick Kilns,2376,7.26,118.8,10349.86,Mepco,5625,8,41.5,4.47,11.2,Critical (High Er Visits),30,Extreme,5.2,13.5,ILO Labor Models (2019/2030); BMJ Global Health (2024),6500,35.46,0.45,0.0
multan,2022-05-05,Summer (May-Jul),33.85,0.38,0.13,0.4,2022,5,,,,,,,,,41.0,0.38,0.01,0.37,Surplus (Recharging),,,,,,,,,,,,,,,,,,Agriculture & Brick Kilns,2376,7.26,118.8,10349.86,Mepco,5625,8,41.5,4.47,11.2,Critical (High Er Visits),30,Extreme,5.2,13.5,ILO Labor Models (2019/2030); BMJ Global Health (2024),6500,35.46,0.45,0.0
multan,2022-05-06,Summer (May-Jul),34.92,0.62,0.15,0.4,2022,5,,,,,,,,,42.4,0.62,0.01,0.61,Surplus (Recharging),,,,,,,,,,,,,,,,,,Agriculture & Brick Kilns,2376,7.26,118.8,10349.86,Mepco,5625,8,41.5,4.47,11.2,Critical (High Er Visits),30,Extreme,5.2,13.5,ILO Labor Models (2019/2030); BMJ Global Health (2024),6500,35.46,0.45,0.0
multan,2022-05-07,Summer (May-Jul),35.89,0.28,0.16,0.4,2022,5,,,,,,,,,45.52,0.28,0.0,0.28,Surplus (Recharging),,,,,,,,,,,,,,,,,,Agriculture & Brick Kilns,2376,7.26,118.8,10349.86,Mepco,5625,8,41.5,4.47,11.2,Critical (High Er Visits),30,Extreme,5.2,13.5,ILO Labor Models (2019/2030); BMJ Global Health (2024),6500,35.46,0.45,0.0
multan,2022-05-08,Summer (May-Jul),37.77,0.0,0.15,0.4,2022,5,,,,,,,,,47.59,0.0,0.0,0.0,Surplus (Recharging),,,,,,,,,,,,,,,,,,Agriculture & Brick Kilns,2376,7.26,118.8,10349.86,Mepco,5625,8,41.5,4.47,11.2,Critical (High Er Visits),30,Extreme,5.2,13.5,ILO Labor Models (2019/2030); BMJ Global Health (2024),6500,35.46,0.45,0.0
multan,2022-05-09,Summer (May-Jul),38.22,0.0,0.14,0.4,2022,5,,,,,,,,,46.54,0.0,0.01,-0.01,Severe Deficit (Water Loss),,,,,,,,,,,,,,,,,,Agriculture & Brick Kilns,2376,7.26,118.8,10349.86,Mepco,5625,8,41.5,4.47,11.2,Critical (High Er Visits),30,Extreme,5.2,13.5,ILO Labor Models (2019/2030); BMJ Global Health (2024),6500,35.46,0.45,0.0
multan,2022-05-10,Summer (May-Jul),37.47,0.0,0.14,0.4,2022,5,,,,,,,,,45.78,0.0,0.01,-0.01,Severe Deficit (Water Loss),,,,,,,,,,,,,,,,,,Agriculture & Brick Kilns,2376,7.26,118.8,10349.86,Mepco,5625,8,41.5,4.47,11.2,Critical (High Er Visits),30,Extreme,5.2,13.5,ILO Labor Models (2019/2030); BMJ Global Health (2024),6500,35.46,0.45,0.0
multan,2022-05-11,Summer (May-Jul),38.34,0.0,0.13,0.4,2022,5,,,,,,,,,46.6,0.0,0.01,-0.01,Severe Deficit (Water Loss),,,,,,,,,,,,,,,,,,Agriculture & Brick Kilns,2376,7.26,118.8,10349.86,Mepco,5625,8,41.5,4.47,11.2,Critical (High Er Visits),30,Extreme,5.2,13.5,ILO Labor Models (2019/2030); BMJ Global Health (2024),6500,35.46,0.45,0.0
multan,2022-05-12,Summer (May-Jul),38.24,0.0,0.12,0.4,2022,5,,,,,,,,,47.12,0.0,0.0,0.0,Surplus (Recharging),,,,,,,,,,,,,,,,,,Agriculture & Brick Kilns,2376,7.26,118.8,10349.86,Mepco,5625,8,41.5,4.47,11.2,Critical (High Er Visits),30,Extreme,5.2,13.5,ILO Labor Models (2019/2030); BMJ Global Health (2024),6500,35.46,0.45,0.0
multan,2022-05-13,Summer (May-Jul),37.32,0.0,0.12,0.4,2022,5,,,,,,,,,47.1,0.0,0.0,0.0,Surplus (Recharging),,,,,,,,,,,,,,,,,,Agriculture & Brick Kilns,2376,7.26,118.8,10349.86,Mepco,5625,8,41.5,4.47,11.2,Critical (High Er Visits),30,Extreme,5.2,13.5,ILO Labor Models (2019/2030); BMJ Global Health (2024),6500,35.46,0.45,0.0
multan,2022-05-14,Summer (May-Jul),39.78,0.0,0.11,0.4,2022,5,,,,,,,,,49.16,0.0,0.0,0.0,Surplus (Recharging),,,,,,,,,,,,,,,,,,Agriculture & Brick Kilns,2376,7.26,118.8,10349.86,Mepco,5625,8,41.5,4.47,11.2,Critical (High Er Visits),30,Extreme,5.2,13.5,ILO Labor Models (2019/2030); BMJ Global Health (2024),6500,35.46,0.45,0.0
multan,2022-05-15,Summer (May-Jul),39.25,0.0,0.11,0.4,2022,5,,,,,,,,,48.26,0.0,0.01,-0.01,Severe Deficit (Water Loss),,,,,,,,,,,,,,,,,,Agriculture & Brick Kilns,2376,7.26,118.8,10349.86,Mepco,5625,8,41.5,4.47,11.2,Critical (High Er Visits),30,Extreme,5.2,13.5,ILO Labor Models (2019/2030); BMJ Global Health (2024),6500,35.46,0.45,0.0
multan,2022-05-16,Summer (May-Jul),37.35,0.0,0.11,0.4,2022,5,,,,,,,,,45.44,0.0,0.01,-0.01,Severe Deficit (Water Loss),,,,,,,,,,,,,,,,,,Agriculture & Brick Kilns,2376,7.26,118.8,10349.86,Mepco,5625,8,41.5,4.47,11.2,Critical (High Er Visits),30,Extreme,5.2,13.5,ILO Labor Models (2019/2030); BMJ Global Health (2024),6500,35.46,0.45,0.0
multan,2022-05-17,Summer (May-Jul),37.7,0.32,0.11,0.4,2022,5,,,,,,,,,45.83,0.32,0.0,0.32,Surplus (Recharging),,,,,,,,,,,,,,,,,,Agriculture & Brick Kilns,2376,7.26,118.8,10349.86,Mepco,5625,8,41.5,4.47,11.2,Critical (High Er Visits),30,Extreme,5.2,13.5,ILO Labor Models (2019/2030); BMJ Global Health (2024),6500,35.46,0.45,0.0
multan,2022-05-18,Summer (May-Jul),37.57,0.0,0.11,0.4,2022,5,,,,,,,,,44.89,0.0,0.0,0.0,Surplus (Recharging),,,,,,,,,,,,,,,,,,Agriculture & Brick Kilns,2376,7.26,118.8,10349.86,Mepco,5625,8,41.5,4.47,11.2,Critical (High Er Visits),30,Extreme,5.2,13.5,ILO Labor Models (2019/2030); BMJ Global Health (2024),6500,35.46,0.45,0.0
multan,2022-05-19,Summer (May-Jul),39.65,0.0,0.11,0.4,2022,5,,,,,,,,,48.29,0.0,0.0,0.0,Surplus (Recharging),,,,,,,,,,,,,,,,,,Agriculture & Brick Kilns,2376,7.26,118.8,10349.86,Mepco,5625,8,41.5,4.47,11.2,Critical (High Er Visits),30,Extreme,5.2,13.5,ILO Labor Models (2019/2030); BMJ Global Health (2024),6500,35.46,0.45,0.0
multan,2022-05-20,Summer (May-Jul),37.74,0.0,0.11,0.4,2022,5,,,,,,,,,46.24,0.0,0.01,-0.01,Severe Deficit (Water Loss),,,,,,,,,,,,,,,,,,Agriculture & Brick Kilns,2376,7.26,118.8,10349.86,Mepco,5625,8,41.5,4.47,11.2,Critical (High Er Visits),30,Extreme,5.2,13.5,ILO Labor Models (2019/2030); BMJ Global Health (2024),6500,35.46,0.45,0.0
multan,2022-05-21,Summer (May-Jul),37.07,0.0,0.1,0.4,2022,5,,,,,,,,,44.9,0.0,0.01,-0.01,Severe Deficit (Water Loss),,,,,,,,,,,,,,,,,,Agriculture & Brick Kilns,2376,7.26,118.8,10349.86,Mepco,5625,8,41.5,4.47,11.2,Critical (High Er Visits),30,Extreme,5.2,13.5,ILO Labor Models (2019/2030); BMJ Global Health (2024),6500,35.46,0.45,0.0
multan,2022-05-22,Summer (May-Jul),37.35,0.0,0.1,0.4,2022,5,,,,,,,,,45.39,0.0,0.0,0.0,Surplus (Recharging),,,,,,,,,,,,,,,,,,Agriculture & Brick Kilns,2376,7.26,118.8,10349.86,Mepco,5625,8,41.5,4.47,11.2,Critical (High Er Visits),30,Extreme,5.2,13.5,ILO Labor Models (2019/2030); BMJ Global Health (2024),6500,35.46,0.45,0.0
multan,2022-05-23,Summer (May-Jul),35.02,0.0,0.1,0.4,2022,5,,,,,,,,,42.82,0.0,0.02,-0.02,Severe Deficit (Water Loss),,,,,,,,,,,,,,,,,,Agriculture & Brick Kilns,2376,7.26,118.8,10349.86,Mepco,5625,8,41.5,4.47,11.2,Critical (High Er Visits),30,Extreme,5.2,13.5,ILO Labor Models (2019/2030); BMJ Global Health (2024),6500,35.46,0.45,0.0
multan,2022-05-24,Summer (May-Jul),32.99,0.0,0.1,0.4,2022,5,,,,,,,,,41.2,0.0,0.01,-0.01,Severe Deficit (Water Loss),,,,,,,,,,,,,,,,,,Agriculture & Brick Kilns,2376,7.26,118.8,10349.86,Mepco,5625,8,41.5,4.47,11.2,Critical (High Er Visits),30,Extreme,5.2,13.5,ILO Labor Models (2019/2030); BMJ Global Health (2024),6500,35.46,0.45,0.0
multan,2022-05-25,Summer (May-Jul),34.24,0.0,0.1,0.4,2022,5,,,,,,,,,42.02,0.0,0.01,-0.01,Severe Deficit (Water Loss),,,,,,,,,,,,,,,,,,Agriculture & Brick Kilns,2376,7.26,118.8,10349.86,Mepco,5625,8,41.5,4.47,11.2,Critical (High Er Visits),30,Extreme,5.2,13.5,ILO Labor Models (2019/2030); BMJ Global Health (2024),6500,35.46,0.45,0.0
multan,2022-05-26,Summer (May-Jul),37.11,0.0,0.09,0.4,2022,5,,,,,,,,,44.5,0.0,0.01,-0.01,Severe Deficit (Water Loss),,,,,,,,,,,,,,,,,,Agriculture & Brick Kilns,2376,7.26,118.8,10349.86,Mepco,5625,8,41.5,4.47,11.2,Critical (High Er Visits),30,Extreme,5.2,13.5,ILO Labor Models (2019/2030); BMJ Global Health (2024),6500,35.46,0.45,0.0
multan,2022-05-27,Summer (May-Jul),39.27,0.0,0.09,0.4,2022,5,,,,,,,,,46.72,0.0,0.01,-0.01,Severe Deficit (Water Loss),,,,,,,,,,,,,,,,,,Agriculture & Brick Kilns,2376,7.26,118.8,10349.86,Mepco,5625,8,41.5,4.47,11.2,Critical (High Er Visits),30,Extreme,5.2,13.5,ILO Labor Models (2019/2030); BMJ Global Health (2024),6500,35.46,0.45,0.0
multan,2022-05-28,Summer (May-Jul),37.4,0.0,0.09,0.4,2022,5,,,,,,,,,44.39,0.0,0.01,-0.01,Severe Deficit (Water Loss),,,,,,,,,,,,,,,,,,Agriculture & Brick Kilns,2376,7.26,118.8,10349.86,Mepco,5625,8,41.5,4.47,11.2,Critical (High Er Visits),30,Extreme,5.2,13.5,ILO Labor Models (2019/2030); BMJ Global Health (2024),6500,35.46,0.45,0.0
multan,2022-05-29,Summer (May-Jul),36.64,0.0,0.09,0.4,2022,5,,,,,,,,,44.26,0.0,0.01,-0.01,Severe Deficit (Water Loss),,,,,,,,,,,,,,,,,,Agriculture & Brick Kilns,2376,7.26,118.8,10349.86,Mepco,5625,8,41.5,4.47,11.2,Critical (High Er Visits),30,Extreme,5.2,13.5,ILO Labor Models (2019/2030); BMJ Global Health (2024),6500,35.46,0.45,0.0
multan,2022-05-30,Summer (May-Jul),37.04,0.0,0.09,0.4,2022,5,,,,,,,,,44.54,0.0,0.01,-0.01,Severe Deficit (Water Loss),,,,,,,,,,,,,,,,,,Agriculture & Brick Kilns,2376,7.26,118.8,10349.86,Mepco,5625,8,41.5,4.47,11.2,Critical (High Er Visits),30,Extreme,5.2,13.5,ILO Labor Models (2019/2030); BMJ Global Health (2024),6500,35.46,0.45,0.0
multan,2022-05-31,Summer (May-Jul),36.77,0.0,0.09,0.4,2022,5,,,,,,,,,45.2,0.0,0.0,0.0,Surplus (Recharging),,,,,,,,,,,,,,,,,,Agriculture & Brick Kilns,2376,7.26,118.8,10349.86,Mepco,5625,8,41.5,4.47,11.2,Critical (High Er Visits),30,Extreme,5.2,13.5,ILO Labor Models (2019/2030); BMJ Global Health (2024),6500,35.46,0.45,0.0
multan,2022-06-01,Summer (May-Jul),35.98,0.0,0.09,0.4,2022,6,June,42.5,27.7,35.2,20.0,40.9,0.0,21.4,43.71,0.0,0.01,-0.01,Severe Deficit (Water Loss),,,,,,558.0,84.0,73.9,29.8,59.9,206.0,240.0,13.0,7.0,700.0,50.1,Ndma/Pdma Punjab,Agriculture & Brick Kilns,3960,12.1,198.0,28749.6,Mepco,7500,10,43.0,4.99,43.8,Severe Disaster Level,40,Extreme,6.8,17.8,ILO Labor Models (2019/2030); BMJ Global Health (2024),6500,35.46,0.45,0.0
multan,2022-06-02,Summer (May-Jul),37.14,0.0,0.09,0.4,2022,6,June,44.2,27.6,35.9,14.0,42.5,0.0,10.0,45.16,0.0,0.0,0.0,Surplus (Recharging),,,,,,558.0,84.0,73.9,29.8,59.9,206.0,240.0,13.0,7.0,700.0,50.1,Ndma/Pdma Punjab,Agriculture & Brick Kilns,3960,12.1,198.0,28749.6,Mepco,7500,10,43.0,4.99,43.8,Severe Disaster Level,40,Extreme,6.8,17.8,ILO Labor Models (2019/2030); BMJ Global Health (2024),6500,35.46,0.45,0.0
multan,2022-06-03,Summer (May-Jul),37.57,0.0,0.08,0.4,2022,6,June,44.9,27.3,36.6,10.0,42.1,0.0,13.6,46.2,0.0,0.0,0.0,Surplus (Recharging),,,,,,558.0,84.0,73.9,29.8,59.9,206.0,240.0,13.0,7.0,700.0,50.1,Ndma/Pdma Punjab,Agriculture & Brick Kilns,3960,12.1,198.0,28749.6,Mepco,7500,10,43.0,4.99,43.8,Severe Disaster Level,40,Extreme,6.8,17.8,ILO Labor Models (2019/2030); BMJ Global Health (2024),6500,35.46,0.45,0.0
multan,2022-06-04,Summer (May-Jul),37.45,0.0,0.08,0.4,2022,6,June,46.1,28.2,37.4,9.0,43.3,0.0,17.8,46.4,0.0,0.0,0.0,Surplus (Recharging),,,,,,558.0,84.0,73.9,29.8,59.9,206.0,240.0,13.0,7.0,700.0,50.1,Ndma/Pdma Punjab,Agriculture & Brick Kilns,3960,12.1,198.0,28749.6,Mepco,7500,10,43.0,4.99,43.8,Severe Disaster Level,40,Extreme,6.8,17.8,ILO Labor Models (2019/2030); BMJ Global Health (2024),6500,35.46,0.45,0.0
multan,2022-06-05,Summer (May-Jul),38.47,0.0,0.08,0.4,2022,6,June,45.5,29.7,37.6,13.0,43.9,0.0,20.0,46.43,0.0,0.0,0.0,Surplus (Recharging),,,,,,558.0,84.0,73.9,29.8,59.9,206.0,240.0,13.0,7.0,700.0,50.1,Ndma/Pdma Punjab,Agriculture & Brick Kilns,3960,12.1,198.0,28749.6,Mepco,7500,10,43.0,4.99,43.8,Severe Disaster Level,40,Extreme,6.8,17.8,ILO Labor Models (2019/2030); BMJ Global Health (2024),6500,35.46,0.45,0.0
multan,2022-06-06,Summer (May-Jul),39.38,0.0,0.08,0.4,2022,6,June,46.3,30.3,38.9,15.0,44.6,0.0,16.9,47.04,0.0,0.0,0.0,Surplus (Recharging),,,,,,558.0,84.0,73.9,29.8,59.9,206.0,240.0,13.0,7.0,700.0,50.1,Ndma/Pdma Punjab,Agriculture & Brick Kilns,3960,12.1,198.0,28749.6,Mepco,7500,10,43.0,4.99,43.8,Severe Disaster Level,40,Extreme,6.8,17.8,ILO Labor Models (2019/2030); BMJ Global Health (2024),6500,35.46,0.45,0.0
multan,2022-06-07,Summer (May-Jul),39.31,0.0,0.08,0.4,2022,6,June,45.8,31.8,38.9,16.0,43.7,0.0,18.7,47.54,0.0,0.0,0.0,Surplus (Recharging),,,,,,558.0,84.0,73.9,29.8,59.9,206.0,240.0,13.0,7.0,700.0,50.1,Ndma/Pdma Punjab,Agriculture & Brick Kilns,3960,12.1,198.0,28749.6,Mepco,7500,10,43.0,4.99,43.8,Severe Disaster Level,40,Extreme,6.8,17.8,ILO Labor Models (2019/2030); BMJ Global Health (2024),6500,35.46,0.45,0.0
multan,2022-06-08,Summer (May-Jul),38.69,0.0,0.08,0.4,2022,6,June,45.2,31.8,37.9,20.0,44.4,0.0,19.7,47.08,0.0,0.0,0.0,Surplus (Recharging),,,,,,558.0,84.0,73.9,29.8,59.9,206.0,240.0,13.0,7.0,700.0,50.1,Ndma/Pdma Punjab,Agriculture & Brick Kilns,3960,12.1,198.0,28749.6,Mepco,7500,10,43.0,4.99,43.8,Severe Disaster Level,40,Extreme,6.8,17.8,ILO Labor Models (2019/2030); BMJ Global Health (2024),6500,35.46,0.45,0.0
multan,2022-06-09,Summer (May-Jul),39.3,0.0,0.08,0.4,2022,6,June,45.0,31.6,38.1,23.0,44.8,0.0,20.3,47.44,0.0,0.0,0.0,Surplus (Recharging),,,,,,558.0,84.0,73.9,29.8,59.9,206.0,240.0,13.0,7.0,700.0,50.1,Ndma/Pdma Punjab,Agriculture & Brick Kilns,3960,12.1,198.0,28749.6,Mepco,7500,10,43.0,4.99,43.8,Severe Disaster Level,40,Extreme,6.8,17.8,ILO Labor Models (2019/2030); BMJ Global Health (2024),6500,35.46,0.45,0.0
multan,2022-06-10,Summer (May-Jul),39.09,0.0,0.08,0.4,2022,6,June,43.1,31.5,36.9,36.0,44.2,0.0,23.1,46.19,0.0,0.01,-0.01,Severe Deficit (Water Loss),,,,,,558.0,84.0,73.9,29.8,59.9,206.0,240.0,13.0,7.0,700.0,50.1,Ndma/Pdma Punjab,Agriculture & Brick Kilns,3960,12.1,198.0,28749.6,Mepco,7500,10,43.0,4.99,43.8,Severe Disaster Level,40,Extreme,6.8,17.8,ILO Labor Models (2019/2030); BMJ Global Health (2024),6500,35.46,0.45,0.0
multan,2022-06-11,Summer (May-Jul),39.22,0.0,0.08,0.4,2022,6,June,43.2,31.5,36.9,33.0,43.8,0.0,19.8,45.8,0.0,0.01,-0.01,Severe Deficit (Water Loss),,,,,,558.0,84.0,73.9,29.8,59.9,206.0,240.0,13.0,7.0,700.0,50.1,Ndma/Pdma Punjab,Agriculture & Brick Kilns,3960,12.1,198.0,28749.6,Mepco,7500,10,43.0,4.99,43.8,Severe Disaster Level,40,Extreme,6.8,17.8,ILO Labor Models (2019/2030); BMJ Global Health (2024),6500,35.46,0.45,0.0
multan,2022-06-12,Summer (May-Jul),39.01,0.0,0.08,0.4,2022,6,June,42.2,32.0,36.4,32.0,43.1,0.6,20.6,44.9,0.0,0.01,-0.01,Severe Deficit (Water Loss),,,,,,558.0,84.0,73.9,29.8,59.9,206.0,240.0,13.0,7.0,700.0,50.1,Ndma/Pdma Punjab,Agriculture & Brick Kilns,3960,12.1,198.0,28749.6,Mepco,7500,10,43.0,4.99,43.8,Severe Disaster Level,40,Extreme,6.8,17.8,ILO Labor Models (2019/2030); BMJ Global Health (2024),6500,35.46,0.45,0.0
multan,2022-06-13,Summer (May-Jul),39.49,0.36,0.08,0.4,2022,6,June,42.7,32.1,36.5,34.0,44.6,0.0,17.7,45.4,0.36,0.01,0.35,Surplus (Recharging),,,,,,558.0,84.0,73.9,29.8,59.9,206.0,240.0,13.0,7.0,700.0,50.1,Ndma/Pdma Punjab,Agriculture & Brick Kilns,3960,12.1,198.0,28749.6,Mepco,7500,10,43.0,4.99,43.8,Severe Disaster Level,40,Extreme,6.8,17.8,ILO Labor Models (2019/2030); BMJ Global Health (2024),6500,35.46,0.45,0.0
multan,2022-06-14,Summer (May-Jul),39.5,0.08,0.09,0.4,2022,6,June,44.1,30.9,37.4,34.0,44.2,0.0,20.5,46.1,0.08,0.0,0.08,Surplus (Recharging),,,,,,558.0,84.0,73.9,29.8,59.9,206.0,240.0,13.0,7.0,700.0,50.1,Ndma/Pdma Punjab,Agriculture & Brick Kilns,3960,12.1,198.0,28749.6,Mepco,7500,10,43.0,4.99,43.8,Severe Disaster Level,40,Extreme,6.8,17.8,ILO Labor Models (2019/2030); BMJ Global Health (2024),6500,35.46,0.45,0.0
multan,2022-06-15,Summer (May-Jul),39.9,0.0,0.09,0.4,2022,6,June,44.3,32.5,38.1,31.0,44.3,0.0,23.6,47.12,0.0,0.0,0.0,Surplus (Recharging),,,,,,558.0,84.0,73.9,29.8,59.9,206.0,240.0,13.0,7.0,700.0,50.1,Ndma/Pdma Punjab,Agriculture & Brick Kilns,3960,12.1,198.0,28749.6,Mepco,7500,10,43.0,4.99,43.8,Severe Disaster Level,40,Extreme,6.8,17.8,ILO Labor Models (2019/2030); BMJ Global Health (2024),6500,35.46,0.45,0.0
multan,2022-06-16,Summer (May-Jul),39.39,0.0,0.09,0.4,2022,6,June,42.2,33.6,37.3,36.0,43.6,0.2,25.3,45.19,0.0,0.01,-0.01,Severe Deficit (Water Loss),,,,,,558.0,84.0,73.9,29.8,59.9,206.0,240.0,13.0,7.0,700.0,50.1,Ndma/Pdma Punjab,Agriculture & Brick Kilns,3960,12.1,198.0,28749.6,Mepco,7500,10,43.0,4.99,43.8,Severe Disaster Level,40,Extreme,6.8,17.8,ILO Labor Models (2019/2030); BMJ Global Health (2024),6500,35.46,0.45,0.0
multan,2022-06-17,Summer (May-Jul),37.34,13.84,0.16,0.4,2022,6,June,38.9,28.0,34.1,49.0,42.6,2.2,21.9,41.85,13.84,0.01,13.83,Surplus (Recharging),,,,,,558.0,84.0,73.9,29.8,59.9,206.0,240.0,13.0,7.0,700.0,50.1,Ndma/Pdma Punjab,Agriculture & Brick Kilns,3960,12.1,198.0,28749.6,Mepco,7500,10,43.0,4.99,43.8,Severe Disaster Level,40,Extreme,6.8,17.8,ILO Labor Models (2019/2030); BMJ Global Health (2024),6500,35.46,0.45,0.0
multan,2022-06-18,Summer (May-Jul),32.38,11.34,0.53,0.44,2022,6,June,34.2,24.1,29.6,67.0,39.1,3.6,35.8,36.44,11.34,0.03,11.31,Surplus (Recharging),,,,,,558.0,84.0,73.9,29.8,59.9,206.0,240.0,13.0,7.0,700.0,50.1,Ndma/Pdma Punjab,Agriculture & Brick Kilns,3960,12.1,198.0,28749.6,Mepco,7500,10,43.0,4.99,43.8,Severe Disaster Level,40,Extreme,6.8,17.8,ILO Labor Models (2019/2030); BMJ Global Health (2024),6500,35.46,0.45,0.0
multan,2022-06-19,Summer (May-Jul),32.42,8.94,0.5,0.45,2022,6,June,33.9,25.8,29.5,68.0,38.4,0.8,22.6,36.38,8.94,0.09,8.85,Surplus (Recharging),,,,,,558.0,84.0,73.9,29.8,59.9,206.0,240.0,13.0,7.0,700.0,50.1,Ndma/Pdma Punjab,Agriculture & Brick Kilns,3960,12.1,198.0,28749.6,Mepco,7500,10,43.0,4.99,43.8,Severe Disaster Level,40,Extreme,6.8,17.8,ILO Labor Models (2019/2030); BMJ Global Health (2024),6500,35.46,0.45,0.0
multan,2022-06-20,Summer (May-Jul),32.69,5.19,0.46,0.45,2022,6,June,32.0,22.8,28.3,72.0,37.6,19.1,15.9,37.51,5.19,0.1,5.09,Surplus (Recharging),,,,,,558.0,84.0,73.9,29.8,59.9,206.0,240.0,13.0,7.0,700.0,50.1,Ndma/Pdma Punjab,Agriculture & Brick Kilns,3960,12.1,198.0,28749.6,Mepco,7500,10,43.0,4.99,43.8,Severe Disaster Level,40,Extreme,6.8,17.8,ILO Labor Models (2019/2030); BMJ Global Health (2024),6500,35.46,0.45,0.0
multan,2022-06-21,Summer (May-Jul),27.29,22.56,0.58,0.47,2022,6,June,29.4,22.2,24.4,79.0,31.8,22.2,37.5,30.68,22.56,0.11,22.45,Surplus (Recharging),,,,,,558.0,84.0,73.9,29.8,59.9,206.0,240.0,13.0,7.0,700.0,50.1,Ndma/Pdma Punjab,Agriculture & Brick Kilns,3960,12.1,198.0,28749.6,Mepco,7500,10,43.0,4.99,43.8,Severe Disaster Level,40,Extreme,6.8,17.8,ILO Labor Models (2019/2030); BMJ Global Health (2024),6500,35.46,0.45,0.0
multan,2022-06-22,Summer (May-Jul),28.36,0.0,0.46,0.48,2022,6,June,31.1,21.0,26.1,70.0,33.4,0.0,17.9,35.06,0.0,0.31,-0.31,Severe Deficit (Water Loss),,,,,,558.0,84.0,73.9,29.8,59.9,206.0,240.0,13.0,7.0,700.0,50.1,Ndma/Pdma Punjab,Agriculture & Brick Kilns,3960,12.1,198.0,28749.6,Mepco,7500,10,43.0,4.99,43.8,Severe Disaster Level,40,Extreme,6.8,17.8,ILO Labor Models (2019/2030); BMJ Global Health (2024),6500,35.46,0.45,0.0
multan,2022-06-23,Summer (May-Jul),31.82,0.0,0.43,0.47,2022,6,June,34.3,24.5,29.2,56.0,37.3,0.0,16.7,38.5,0.0,0.39,-0.39,Severe Deficit (Water Loss),,,,,,558.0,84.0,73.9,29.8,59.9,206.0,240.0,13.0,7.0,700.0,50.1,Ndma/Pdma Punjab,Agriculture & Brick Kilns,3960,12.1,198.0,28749.6,Mepco,7500,10,43.0,4.99,43.8,Severe Disaster Level,40,Extreme,6.8,17.8,ILO Labor Models (2019/2030); BMJ Global Health (2024),6500,35.46,0.45,0.0
multan,2022-06-24,Summer (May-Jul),34.41,0.0,0.41,0.46,2022,6,June,38.4,26.7,32.1,54.0,43.6,0.0,9.2,41.63,0.0,0.36,-0.36,Severe Deficit (Water Loss),,,,,,558.0,84.0,73.9,29.8,59.9,206.0,240.0,13.0,7.0,700.0,50.1,Ndma/Pdma Punjab,Agriculture & Brick Kilns,3960,12.1,198.0,28749.6,Mepco,7500,10,43.0,4.99,43.8,Severe Disaster Level,40,Extreme,6.8,17.8,ILO Labor Models (2019/2030); BMJ Global Health (2024),6500,35.46,0.45,0.0
multan,2022-06-25,Summer (May-Jul),35.77,0.0,0.4,0.46,2022,6,June,40.0,26.4,33.1,45.0,41.8,0.0,14.0,43.35,0.0,0.28,-0.28,Severe Deficit (Water Loss),,,,,,558.0,84.0,73.9,29.8,59.9,206.0,240.0,13.0,7.0,700.0,50.1,Ndma/Pdma Punjab,Agriculture & Brick Kilns,3960,12.1,198.0,28749.6,Mepco,7500,10,43.0,4.99,43.8,Severe Disaster Level,40,Extreme,6.8,17.8,ILO Labor Models (2019/2030); BMJ Global Health (2024),6500,35.46,0.45,0.0
multan,2022-06-26,Summer (May-Jul),34.73,1.71,0.42,0.45,2022,6,June,40.8,27.0,33.3,39.0,41.7,0.0,12.9,42.81,1.71,0.19,1.52,Surplus (Recharging),,,,,,558.0,84.0,73.9,29.8,59.9,206.0,240.0,13.0,7.0,700.0,50.1,Ndma/Pdma Punjab,Agriculture & Brick Kilns,3960,12.1,198.0,28749.6,Mepco,7500,10,43.0,4.99,43.8,Severe Disaster Level,40,Extreme,6.8,17.8,ILO Labor Models (2019/2030); BMJ Global Health (2024),6500,35.46,0.45,0.0
multan,2022-06-27,Summer (May-Jul),35.93,0.0,0.4,0.45,2022,6,June,41.4,28.2,34.7,43.0,44.8,0.0,11.4,43.71,0.0,0.17,-0.17,Severe Deficit (Water Loss),,,,,,558.0,84.0,73.9,29.8,59.9,206.0,240.0,13.0,7.0,700.0,50.1,Ndma/Pdma Punjab,Agriculture & Brick Kilns,3960,12.1,198.0,28749.6,Mepco,7500,10,43.0,4.99,43.8,Severe Disaster Level,40,Extreme,6.8,17.8,ILO Labor Models (2019/2030); BMJ Global Health (2024),6500,35.46,0.45,0.0
multan,2022-06-28,Summer (May-Jul),37.36,0.0,0.39,0.44,2022,6,June,42.2,29.2,35.6,44.0,46.6,0.0,12.6,45.26,0.0,0.17,-0.17,Severe Deficit (Water Loss),,,,,,558.0,84.0,73.9,29.8,59.9,206.0,240.0,13.0,7.0,700.0,50.1,Ndma/Pdma Punjab,Agriculture & Brick Kilns,3960,12.1,198.0,28749.6,Mepco,7500,10,43.0,4.99,43.8,Severe Disaster Level,40,Extreme,6.8,17.8,ILO Labor Models (2019/2030); BMJ Global Health (2024),6500,35.46,0.45,0.0
multan,2022-06-29,Summer (May-Jul),37.54,0.0,0.38,0.43,2022,6,June,41.8,32.3,36.3,43.0,44.4,0.0,26.4,45.6,0.0,0.2,-0.2,Severe Deficit (Water Loss),,,,,,558.0,84.0,73.9,29.8,59.9,206.0,240.0,13.0,7.0,700.0,50.1,Ndma/Pdma Punjab,Agriculture & Brick Kilns,3960,12.1,198.0,28749.6,Mepco,7500,10,43.0,4.99,43.8,Severe Disaster Level,40,Extreme,6.8,17.8,ILO Labor Models (2019/2030); BMJ Global Health (2024),6500,35.46,0.45,0.0
multan,2022-06-30,Summer (May-Jul),37.53,0.0,0.36,0.43,2022,6,June,39.9,32.8,35.6,50.0,44.6,0.0,22.1,44.33,0.0,0.21,-0.21,Severe Deficit (Water Loss),,,,,,558.0,84.0,73.9,29.8,59.9,206.0,240.0,13.0,7.0,700.0,50.1,Ndma/Pdma Punjab,Agriculture & Brick Kilns,3960,12.1,198.0,28749.6,Mepco,7500,10,43.0,4.99,43.8,Severe Disaster Level,40,Extreme,6.8,17.8,ILO Labor Models (2019/2030); BMJ Global Health (2024),6500,35.46,0.45,0.0
multan,2022-07-01,Summer (May-Jul),36.72,1.7,0.36,0.43,2022,7,July,39.0,31.5,34.8,54.0,44.0,0.2,17.6,42.07,1.7,0.19,1.51,Surplus (Recharging),,,,,,558.0,84.0,73.9,29.8,59.9,206.0,240.0,13.0,7.0,700.0,50.1,Ndma/Pdma Punjab,Agriculture & Brick Kilns,3564,10.89,178.2,23287.18,Mepco,6500,9,36.5,2.8,24.5,Severe Disaster Level,70,Extreme (Humid),6.1,15.9,ILO Labor Models (2019/2030); BMJ Global Health (2024),6500,35.46,0.45,0.0
multan,2022-07-02,Summer (May-Jul),34.87,3.29,0.41,0.43,2022,7,July,37.2,28.2,32.7,66.0,43.6,1.2,19.4,39.29,3.29,0.12,3.17,Surplus (Recharging),,,,,,558.0,84.0,73.9,29.8,59.9,206.0,240.0,13.0,7.0,700.0,50.1,Ndma/Pdma Punjab,Agriculture & Brick Kilns,3564,10.89,178.2,23287.18,Mepco,6500,9,36.5,2.8,24.5,Severe Disaster Level,70,Extreme (Humid),6.1,15.9,ILO Labor Models (2019/2030); BMJ Global Health (2024),6500,35.46,0.45,0.0
multan,2022-07-03,Summer (May-Jul),36.31,0.29,0.37,0.43,2022,7,July,36.0,30.3,33.3,62.0,42.8,0.8,11.9,41.54,0.29,0.14,0.15,Surplus (Recharging),,,,,,558.0,84.0,73.9,29.8,59.9,206.0,240.0,13.0,7.0,700.0,50.1,Ndma/Pdma Punjab,Agriculture & Brick Kilns,3564,10.89,178.2,23287.18,Mepco,6500,9,36.5,2.8,24.5,Severe Disaster Level,70,Extreme (Humid),6.1,15.9,ILO Labor Models (2019/2030); BMJ Global Health (2024),6500,35.46,0.45,0.0
multan,2022-07-04,Summer (May-Jul),35.77,0.47,0.35,0.42,2022,7,July,37.8,30.1,33.5,62.0,43.2,1.0,11.4,39.85,0.47,0.13,0.34,Surplus (Recharging),,,,,,558.0,84.0,73.9,29.8,59.9,206.0,240.0,13.0,7.0,700.0,50.1,Ndma/Pdma Punjab,Agriculture & Brick Kilns,3564,10.89,178.2,23287.18,Mepco,6500,9,36.5,2.8,24.5,Severe Disaster Level,70,Extreme (Humid),6.1,15.9,ILO Labor Models (2019/2030); BMJ Global Health (2024),6500,35.46,0.45,0.0
multan,2022-07-05,Summer (May-Jul),36.54,0.63,0.33,0.42,2022,7,July,38.8,31.0,35.3,56.0,44.7,0.1,12.0,41.21,0.63,0.13,0.5,Surplus (Recharging),,,,,,558.0,84.0,73.9,29.8,59.9,206.0,240.0,13.0,7.0,700.0,50.1,Ndma/Pdma Punjab,Agriculture & Brick Kilns,3564,10.89,178.2,23287.18,Mepco,6500,9,36.5,2.8,24.5,Severe Disaster Level,70,Extreme (Humid),6.1,15.9,ILO Labor Models (2019/2030); BMJ Global Health (2024),6500,35.46,0.45,0.0
multan,2022-07-06,Summer (May-Jul),35.76,24.92,0.46,0.43,2022,7,July,37.5,31.9,34.1,60.0,42.1,7.5,19.0,42.06,24.92,0.08,24.84,Surplus (Recharging),,,,,,558.0,84.0,73.9,29.8,59.9,206.0,240.0,13.0,7.0,700.0,50.1,Ndma/Pdma Punjab,Agriculture & Brick Kilns,3564,10.89,178.2,23287.18,Mepco,6500,9,36.5,2.8,24.5,Severe Disaster Level,70,Extreme (Humid),6.1,15.9,ILO Labor Models (2019/2030); BMJ Global Health (2024),6500,35.46,0.45,0.0
multan,2022-07-07,Summer (May-Jul),34.48,11.95,0.55,0.47,2022,7,July,36.7,27.9,32.4,71.0,43.5,23.5,15.6,39.39,11.95,0.27,11.68,Surplus (Recharging),,,,,,558.0,84.0,73.9,29.8,59.9,206.0,240.0,13.0,7.0,700.0,50.1,Ndma/Pdma Punjab,Agriculture & Brick Kilns,3564,10.89,178.2,23287.18,Mepco,6500,9,36.5,2.8,24.5,Severe Disaster Level,70,Extreme (Humid),6.1,15.9,ILO Labor Models (2019/2030); BMJ Global Health (2024),6500,35.46,0.45,0.0
multan,2022-07-08,Summer (May-Jul),35.82,7.2,0.51,0.48,2022,7,July,39.6,29.5,34.7,62.0,46.1,9.7,32.6,40.45,7.2,0.44,6.76,Surplus (Recharging),,,,,,558.0,84.0,73.9,29.8,59.9,206.0,240.0,13.0,7.0,700.0,50.1,Ndma/Pdma Punjab,Agriculture & Brick Kilns,3564,10.89,178.2,23287.18,Mepco,6500,9,36.5,2.8,24.5,Severe Disaster Level,70,Extreme (Humid),6.1,15.9,ILO Labor Models (2019/2030); BMJ Global Health (2024),6500,35.46,0.45,0.0
multan,2022-07-09,Summer (May-Jul),34.17,4.32,0.49,0.48,2022,7,July,39.5,28.0,34.2,61.0,44.9,8.8,22.7,40.0,4.32,0.38,3.94,Surplus (Recharging),,,,,,558.0,84.0,73.9,29.8,59.9,206.0,240.0,13.0,7.0,700.0,50.1,Ndma/Pdma Punjab,Agriculture & Brick Kilns,3564,10.89,178.2,23287.18,Mepco,6500,9,36.5,2.8,24.5,Severe Disaster Level,70,Extreme (Humid),6.1,15.9,ILO Labor Models (2019/2030); BMJ Global Health (2024),6500,35.46,0.45,0.0
multan,2022-07-10,Summer (May-Jul),32.2,10.87,0.53,0.48,2022,7,July,34.2,28.1,30.1,78.0,41.3,15.7,13.4,36.98,10.87,0.3,10.57,Surplus (Recharging),,,,,,558.0,84.0,73.9,29.8,59.9,206.0,240.0,13.0,7.0,700.0,50.1,Ndma/Pdma Punjab,Agriculture & Brick Kilns,3564,10.89,178.2,23287.18,Mepco,6500,9,36.5,2.8,24.5,Severe Disaster Level,70,Extreme (Humid),6.1,15.9,ILO Labor Models (2019/2030); BMJ Global Health (2024),6500,35.46,0.45,0.0
multan,2022-07-11,Summer (May-Jul),33.14,0.2,0.48,0.49,2022,7,July,36.7,29.2,32.6,66.0,43.4,0.1,10.9,38.07,0.2,0.57,-0.37,Severe Deficit (Water Loss),,,,,,558.0,84.0,73.9,29.8,59.9,206.0,240.0,13.0,7.0,700.0,50.1,Ndma/Pdma Punjab,Agriculture & Brick Kilns,3564,10.89,178.2,23287.18,Mepco,6500,9,36.5,2.8,24.5,Severe Disaster Level,70,Extreme (Humid),6.1,15.9,ILO Labor Models (2019/2030); BMJ Global Health (2024),6500,35.46,0.45,0.0
multan,2022-07-12,Summer (May-Jul),34.95,0.02,0.45,0.48,2022,7,July,37.7,30.0,33.9,60.0,44.9,0.3,10.1,40.3,0.02,0.75,-0.73,Severe Deficit (Water Loss),,,,,,558.0,84.0,73.9,29.8,59.9,206.0,240.0,13.0,7.0,700.0,50.1,Ndma/Pdma Punjab,Agriculture & Brick Kilns,3564,10.89,178.2,23287.18,Mepco,6500,9,36.5,2.8,24.5,Severe Disaster Level,70,Extreme (Humid),6.1,15.9,ILO Labor Models (2019/2030); BMJ Global Health (2024),6500,35.46,0.45,0.0
multan,2022-07-13,Summer (May-Jul),35.24,2.4,0.45,0.48,2022,7,July,39.7,29.5,33.9,60.0,44.6,0.1,22.0,39.75,2.4,0.62,1.78,Surplus (Recharging),,,,,,558.0,84.0,73.9,29.8,59.9,206.0,240.0,13.0,7.0,700.0,50.1,Ndma/Pdma Punjab,Agriculture & Brick Kilns,3564,10.89,178.2,23287.18,Mepco,6500,9,36.5,2.8,24.5,Severe Disaster Level,70,Extreme (Humid),6.1,15.9,ILO Labor Models (2019/2030); BMJ Global Health (2024),6500,35.46,0.45,0.0
multan,2022-07-14,Summer (May-Jul),33.36,6.46,0.49,0.48,2022,7,July,32.6,26.9,29.3,82.0,38.2,23.3,19.7,37.04,6.46,0.41,6.05,Surplus (Recharging),,,,,,558.0,84.0,73.9,29.8,59.9,206.0,240.0,13.0,7.0,700.0,50.1,Ndma/Pdma Punjab,Agriculture & Brick Kilns,3564,10.89,178.2,23287.18,Mepco,6500,9,36.5,2.8,24.5,Severe Disaster Level,70,Extreme (Humid),6.1,15.9,ILO Labor Models (2019/2030); BMJ Global Health (2024),6500,35.46,0.45,0.0
multan,2022-07-15,Summer (May-Jul),30.93,7.31,0.52,0.49,2022,7,July,33.0,24.4,27.7,85.0,37.6,19.5,24.3,34.82,7.31,0.34,6.97,Surplus (Recharging),,,,,,558.0,84.0,73.9,29.8,59.9,206.0,240.0,13.0,7.0,700.0,50.1,Ndma/Pdma Punjab,Agriculture & Brick Kilns,3564,10.89,178.2,23287.18,Mepco,6500,9,36.5,2.8,24.5,Severe Disaster Level,70,Extreme (Humid),6.1,15.9,ILO Labor Models (2019/2030); BMJ Global Health (2024),6500,35.46,0.45,0.0
multan,2022-07-16,Summer (May-Jul),31.15,4.08,0.49,0.49,2022,7,July,35.2,27.0,30.5,70.0,40.3,0.0,12.7,35.49,4.08,0.46,3.62,Surplus (Recharging),,,,,,558.0,84.0,73.9,29.8,59.9,206.0,240.0,13.0,7.0,700.0,50.1,Ndma/Pdma Punjab,Agriculture & Brick Kilns,3564,10.89,178.2,23287.18,Mepco,6500,9,36.5,2.8,24.5,Severe Disaster Level,70,Extreme (Humid),6.1,15.9,ILO Labor Models (2019/2030); BMJ Global Health (2024),6500,35.46,0.45,0.0
multan,2022-07-17,Summer (May-Jul),30.5,13.53,0.56,0.5,2022,7,July,30.5,25.5,28.0,88.0,36.2,18.9,16.9,34.06,13.53,0.43,13.1,Surplus (Recharging),,,,,,558.0,84.0,73.9,29.8,59.9,206.0,240.0,13.0,7.0,700.0,50.1,Ndma/Pdma Punjab,Agriculture & Brick Kilns,3564,10.89,178.2,23287.18,Mepco,6500,9,36.5,2.8,24.5,Severe Disaster Level,70,Extreme (Humid),6.1,15.9,ILO Labor Models (2019/2030); BMJ Global Health (2024),6500,35.46,0.45,0.0
multan,2022-07-18,Summer (May-Jul),31.16,3.05,0.52,0.51,2022,7,July,34.2,26.8,30.2,81.0,41.7,1.7,8.3,34.96,3.05,0.69,2.36,Surplus (Recharging),,,,,,558.0,84.0,73.9,29.8,59.9,206.0,240.0,13.0,7.0,700.0,50.1,Ndma/Pdma Punjab,Agriculture & Brick Kilns,3564,10.89,178.2,23287.18,Mepco,6500,9,36.5,2.8,24.5,Severe Disaster Level,70,Extreme (Humid),6.1,15.9,ILO Labor Models (2019/2030); BMJ Global Health (2024),6500,35.46,0.45,0.0
multan,2022-07-19,Summer (May-Jul),34.07,0.01,0.48,0.51,2022,7,July,36.9,28.0,32.7,71.0,43.8,0.0,16.0,40.06,0.01,1.28,-1.27,Severe Deficit (Water Loss),,,,,,558.0,84.0,73.9,29.8,59.9,206.0,240.0,13.0,7.0,700.0,50.1,Ndma/Pdma Punjab,Agriculture & Brick Kilns,3564,10.89,178.2,23287.18,Mepco,6500,9,36.5,2.8,24.5,Severe Disaster Level,70,Extreme (Humid),6.1,15.9,ILO Labor Models (2019/2030); BMJ Global Health (2024),6500,35.46,0.45,0.0
multan,2022-07-20,Summer (May-Jul),35.06,0.36,0.45,0.5,2022,7,July,37.1,30.5,33.5,65.0,41.8,0.0,22.2,42.36,0.36,1.36,-1.0,Severe Deficit (Water Loss),,,,,,558.0,84.0,73.9,29.8,59.9,206.0,240.0,13.0,7.0,700.0,50.1,Ndma/Pdma Punjab,Agriculture & Brick Kilns,3564,10.89,178.2,23287.18,Mepco,6500,9,36.5,2.8,24.5,Severe Disaster Level,70,Extreme (Humid),6.1,15.9,ILO Labor Models (2019/2030); BMJ Global Health (2024),6500,35.46,0.45,0.0
multan,2022-07-21,Summer (May-Jul),32.77,10.36,0.52,0.5,2022,7,July,34.5,27.0,30.5,76.0,40.7,10.8,20.9,36.65,10.36,0.5,9.86,Surplus (Recharging),,,,,,558.0,84.0,73.9,29.8,59.9,206.0,240.0,13.0,7.0,700.0,50.1,Ndma/Pdma Punjab,Agriculture & Brick Kilns,3564,10.89,178.2,23287.18,Mepco,6500,9,36.5,2.8,24.5,Severe Disaster Level,70,Extreme (Humid),6.1,15.9,ILO Labor Models (2019/2030); BMJ Global Health (2024),6500,35.46,0.45,0.0
multan,2022-07-22,Summer (May-Jul),31.09,15.3,0.6,0.53,2022,7,July,29.5,25.6,27.2,88.0,34.6,28.2,20.0,34.43,15.3,0.8,14.5,Surplus (Recharging),,,,,,558.0,84.0,73.9,29.8,59.9,206.0,240.0,13.0,7.0,700.0,50.1,Ndma/Pdma Punjab,Agriculture & Brick Kilns,3564,10.89,178.2,23287.18,Mepco,6500,9,36.5,2.8,24.5,Severe Disaster Level,70,Extreme (Humid),6.1,15.9,ILO Labor Models (2019/2030); BMJ Global Health (2024),6500,35.46,0.45,0.0
multan,2022-07-23,Summer (May-Jul),29.67,20.02,0.61,0.54,2022,7,July,32.2,26.2,28.1,88.0,37.3,13.2,18.5,32.28,20.02,0.51,19.51,Surplus (Recharging),,,,,,558.0,84.0,73.9,29.8,59.9,206.0,240.0,13.0,7.0,700.0,50.1,Ndma/Pdma Punjab,Agriculture & Brick Kilns,3564,10.89,178.2,23287.18,Mepco,6500,9,36.5,2.8,24.5,Severe Disaster Level,70,Extreme (Humid),6.1,15.9,ILO Labor Models (2019/2030); BMJ Global Health (2024),6500,35.46,0.45,0.0
multan,2022-07-24,Summer (May-Jul),29.81,25.86,0.69,0.57,2022,7,July,31.4,26.2,27.6,89.0,36.8,22.5,19.0,33.1,25.86,0.93,24.93,Surplus (Recharging),,,,,,558.0,84.0,73.9,29.8,59.9,206.0,240.0,13.0,7.0,700.0,50.1,Ndma/Pdma Punjab,Agriculture & Brick Kilns,3564,10.89,178.2,23287.18,Mepco,6500,9,36.5,2.8,24.5,Severe Disaster Level,70,Extreme (Humid),6.1,15.9,ILO Labor Models (2019/2030); BMJ Global Health (2024),6500,35.46,0.45,0.0
multan,2022-07-25,Summer (May-Jul),30.07,36.85,0.77,0.62,2022,7,July,31.7,25.5,27.7,88.0,37.5,13.6,18.3,33.65,36.85,1.83,35.02,Surplus (Recharging),,,,,,558.0,84.0,73.9,29.8,59.9,206.0,240.0,13.0,7.0,700.0,50.1,Ndma/Pdma Punjab,Agriculture & Brick Kilns,3564,10.89,178.2,23287.18,Mepco,6500,9,36.5,2.8,24.5,Severe Disaster Level,70,Extreme (Humid),6.1,15.9,ILO Labor Models (2019/2030); BMJ Global Health (2024),6500,35.46,0.45,0.0
multan,2022-07-26,Summer (May-Jul),30.2,14.67,0.73,0.66,2022,7,July,33.2,26.0,29.0,85.0,39.6,9.2,14.8,33.66,14.67,2.52,12.15,Surplus (Recharging),,,,,,558.0,84.0,73.9,29.8,59.9,206.0,240.0,13.0,7.0,700.0,50.1,Ndma/Pdma Punjab,Agriculture & Brick Kilns,3564,10.89,178.2,23287.18,Mepco,6500,9,36.5,2.8,24.5,Severe Disaster Level,70,Extreme (Humid),6.1,15.9,ILO Labor Models (2019/2030); BMJ Global Health (2024),6500,35.46,0.45,0.0
multan,2022-07-27,Summer (May-Jul),31.41,1.73,0.67,0.64,2022,7,July,33.5,26.5,30.2,79.0,40.4,6.7,12.3,35.14,1.73,3.19,-1.46,Severe Deficit (Water Loss),,,,,,558.0,84.0,73.9,29.8,59.9,206.0,240.0,13.0,7.0,700.0,50.1,Ndma/Pdma Punjab,Agriculture & Brick Kilns,3564,10.89,178.2,23287.18,Mepco,6500,9,36.5,2.8,24.5,Severe Disaster Level,70,Extreme (Humid),6.1,15.9,ILO Labor Models (2019/2030); BMJ Global Health (2024),6500,35.46,0.45,0.0
multan,2022-07-28,Summer (May-Jul),30.67,12.3,0.71,0.64,2022,7,July,32.1,27.0,28.7,86.0,39.2,16.6,11.2,33.83,12.3,2.03,10.27,Surplus (Recharging),,,,,,558.0,84.0,73.9,29.8,59.9,206.0,240.0,13.0,7.0,700.0,50.1,Ndma/Pdma Punjab,Agriculture & Brick Kilns,3564,10.89,178.2,23287.18,Mepco,6500,9,36.5,2.8,24.5,Severe Disaster Level,70,Extreme (Humid),6.1,15.9,ILO Labor Models (2019/2030); BMJ Global Health (2024),6500,35.46,0.45,0.0
multan,2022-07-29,Summer (May-Jul),30.09,0.39,0.67,0.65,2022,7,July,32.0,26.1,28.5,85.0,38.1,5.7,9.7,33.65,0.39,2.95,-2.56,Severe Deficit (Water Loss),,,,,,558.0,84.0,73.9,29.8,59.9,206.0,240.0,13.0,7.0,700.0,50.1,Ndma/Pdma Punjab,Agriculture & Brick Kilns,3564,10.89,178.2,23287.18,Mepco,6500,9,36.5,2.8,24.5,Severe Disaster Level,70,Extreme (Humid),6.1,15.9,ILO Labor Models (2019/2030); BMJ Global Health (2024),6500,35.46,0.45,0.0
multan,2022-07-30,Summer (May-Jul),30.66,1.56,0.67,0.64,2022,7,July,32.5,26.2,28.9,85.0,39.6,8.6,7.8,34.15,1.56,2.7,-1.14,Severe Deficit (Water Loss),,,,,,558.0,84.0,73.9,29.8,59.9,206.0,240.0,13.0,7.0,700.0,50.1,Ndma/Pdma Punjab,Agriculture & Brick Kilns,3564,10.89,178.2,23287.18,Mepco,6500,9,36.5,2.8,24.5,Severe Disaster Level,70,Extreme (Humid),6.1,15.9,ILO Labor Models (2019/2030); BMJ Global Health (2024),6500,35.46,0.45,0.0
multan,2022-07-31,Summer (May-Jul),29.95,1.0,0.66,0.63,2022,7,July,33.2,26.2,29.3,84.0,40.3,24.8,14.4,32.58,1.0,1.66,-0.66,Severe Deficit (Water Loss),,,,,,558.0,84.0,73.9,29.8,59.9,206.0,240.0,13.0,7.0,700.0,50.1,Ndma/Pdma Punjab,Agriculture & Brick Kilns,3564,10.89,178.2,23287.18,Mepco,6500,9,36.5,2.8,24.5,Severe Disaster Level,70,Extreme (Humid),6.1,15.9,ILO Labor Models (2019/2030); BMJ Global Health (2024),6500,35.46,0.45,0.0
multan,2022-12-01,Winter (Dec-Jan),19.54,0.0,0.18,0.4,2022,12,,,,,,,,,,,,,,,,,,,,,,,,,,,,,,,Agriculture & Brick Kilns,0,0.0,0.0,0.0,Mepco,1125,2,20.5,0.0,0.0,Baseline,65,Safe,0.0,0.0,ILO Labor Models (2019/2030); BMJ Global Health (2024),6500,35.46,0.45,0.0
multan,2022-12-02,Winter (Dec-Jan),19.92,0.0,0.18,0.4,2022,12,,,,,,,,,,,,,,,,,,,,,,,,,,,,,,,Agriculture & Brick Kilns,0,0.0,0.0,0.0,Mepco,1125,2,20.5,0.0,0.0,Baseline,65,Safe,0.0,0.0,ILO Labor Models (2019/2030); BMJ Global Health (2024),6500,35.46,0.45,0.0
multan,2022-12-03,Winter (Dec-Jan),17.26,0.0,0.18,0.4,2022,12,,,,,,,,,,,,,,,,,,,,,,,,,,,,,,,Agriculture & Brick Kilns,0,0.0,0.0,0.0,Mepco,1125,2,20.5,0.0,0.0,Baseline,65,Safe,0.0,0.0,ILO Labor Models (2019/2030); BMJ Global Health (2024),6500,35.46,0.45,0.0
multan,2022-12-04,Winter (Dec-Jan),17.49,0.0,0.18,0.4,2022,12,,,,,,,,,,,,,,,,,,,,,,,,,,,,,,,Agriculture & Brick Kilns,0,0.0,0.0,0.0,Mepco,1125,2,20.5,0.0,0.0,Baseline,65,Safe,0.0,0.0,ILO Labor Models (2019/2030); BMJ Global Health (2024),6500,35.46,0.45,0.0
multan,2022-12-05,Winter (Dec-Jan),17.78,0.0,0.18,0.4,2022,12,,,,,,,,,,,,,,,,,,,,,,,,,,,,,,,Agriculture & Brick Kilns,0,0.0,0.0,0.0,Mepco,1125,2,20.5,0.0,0.0,Baseline,65,Safe,0.0,0.0,ILO Labor Models (2019/2030); BMJ Global Health (2024),6500,35.46,0.45,0.0
multan,2022-12-06,Winter (Dec-Jan),17.94,0.0,0.17,0.4,2022,12,,,,,,,,,,,,,,,,,,,,,,,,,,,,,,,Agriculture & Brick Kilns,0,0.0,0.0,0.0,Mepco,1125,2,20.5,0.0,0.0,Baseline,65,Safe,0.0,0.0,ILO Labor Models (2019/2030); BMJ Global Health (2024),6500,35.46,0.45,0.0
multan,2022-12-07,Winter (Dec-Jan),18.0,0.0,0.17,0.4,2022,12,,,,,,,,,,,,,,,,,,,,,,,,,,,,,,,Agriculture & Brick Kilns,0,0.0,0.0,0.0,Mepco,1125,2,20.5,0.0,0.0,Baseline,65,Safe,0.0,0.0,ILO Labor Models (2019/2030); BMJ Global Health (2024),6500,35.46,0.45,0.0
multan,2022-12-08,Winter (Dec-Jan),18.84,0.0,0.17,0.4,2022,12,,,,,,,,,,,,,,,,,,,,,,,,,,,,,,,Agriculture & Brick Kilns,0,0.0,0.0,0.0,Mepco,1125,2,20.5,0.0,0.0,Baseline,65,Safe,0.0,0.0,ILO Labor Models (2019/2030); BMJ Global Health (2024),6500,35.46,0.45,0.0
multan,2022-12-09,Winter (Dec-Jan),18.01,0.0,0.17,0.4,2022,12,,,,,,,,,,,,,,,,,,,,,,,,,,,,,,,Agriculture & Brick Kilns,0,0.0,0.0,0.0,Mepco,1125,2,20.5,0.0,0.0,Baseline,65,Safe,0.0,0.0,ILO Labor Models (2019/2030); BMJ Global Health (2024),6500,35.46,0.45,0.0
multan,2022-12-10,Winter (Dec-Jan),17.73,0.0,0.17,0.4,2022,12,,,,,,,,,,,,,,,,,,,,,,,,,,,,,,,Agriculture & Brick Kilns,0,0.0,0.0,0.0,Mepco,1125,2,20.5,0.0,0.0,Baseline,65,Safe,0.0,0.0,ILO Labor Models (2019/2030); BMJ Global Health (2024),6500,35.46,0.45,0.0
multan,2022-12-11,Winter (Dec-Jan),18.11,0.0,0.17,0.4,2022,12,,,,,,,,,,,,,,,,,,,,,,,,,,,,,,,Agriculture & Brick Kilns,0,0.0,0.0,0.0,Mepco,1125,2,20.5,0.0,0.0,Baseline,65,Safe,0.0,0.0,ILO Labor Models (2019/2030); BMJ Global Health (2024),6500,35.46,0.45,0.0
multan,2022-12-12,Winter (Dec-Jan),19.48,0.0,0.17,0.4,2022,12,,,,,,,,,,,,,,,,,,,,,,,,,,,,,,,Agriculture & Brick Kilns,0,0.0,0.0,0.0,Mepco,1125,2,20.5,0.0,0.0,Baseline,65,Safe,0.0,0.0,ILO Labor Models (2019/2030); BMJ Global Health (2024),6500,35.46,0.45,0.0
multan,2022-12-13,Winter (Dec-Jan),17.46,0.0,0.16,0.4,2022,12,,,,,,,,,,,,,,,,,,,,,,,,,,,,,,,Agriculture & Brick Kilns,0,0.0,0.0,0.0,Mepco,1125,2,20.5,0.0,0.0,Baseline,65,Safe,0.0,0.0,ILO Labor Models (2019/2030); BMJ Global Health (2024),6500,35.46,0.45,0.0
multan,2022-12-14,Winter (Dec-Jan),17.57,0.0,0.16,0.4,2022,12,,,,,,,,,,,,,,,,,,,,,,,,,,,,,,,Agriculture & Brick Kilns,0,0.0,0.0,0.0,Mepco,1125,2,20.5,0.0,0.0,Baseline,65,Safe,0.0,0.0,ILO Labor Models (2019/2030); BMJ Global Health (2024),6500,35.46,0.45,0.0
multan,2022-12-15,Winter (Dec-Jan),17.57,0.0,0.16,0.4,2022,12,,,,,,,,,,,,,,,,,,,,,,,,,,,,,,,Agriculture & Brick Kilns,0,0.0,0.0,0.0,Mepco,1125,2,20.5,0.0,0.0,Baseline,65,Safe,0.0,0.0,ILO Labor Models (2019/2030); BMJ Global Health (2024),6500,35.46,0.45,0.0
multan,2022-12-16,Winter (Dec-Jan),17.46,0.0,0.16,0.4,2022,12,,,,,,,,,,,,,,,,,,,,,,,,,,,,,,,Agriculture & Brick Kilns,0,0.0,0.0,0.0,Mepco,1125,2,20.5,0.0,0.0,Baseline,65,Safe,0.0,0.0,ILO Labor Models (2019/2030); BMJ Global Health (2024),6500,35.46,0.45,0.0
multan,2022-12-17,Winter (Dec-Jan),18.56,0.0,0.16,0.4,2022,12,,,,,,,,,,,,,,,,,,,,,,,,,,,,,,,Agriculture & Brick Kilns,0,0.0,0.0,0.0,Mepco,1125,2,20.5,0.0,0.0,Baseline,65,Safe,0.0,0.0,ILO Labor Models (2019/2030); BMJ Global Health (2024),6500,35.46,0.45,0.0
multan,2022-12-18,Winter (Dec-Jan),18.36,0.0,0.16,0.4,2022,12,,,,,,,,,,,,,,,,,,,,,,,,,,,,,,,Agriculture & Brick Kilns,0,0.0,0.0,0.0,Mepco,1125,2,20.5,0.0,0.0,Baseline,65,Safe,0.0,0.0,ILO Labor Models (2019/2030); BMJ Global Health (2024),6500,35.46,0.45,0.0
multan,2022-12-19,Winter (Dec-Jan),17.55,0.0,0.16,0.4,2022,12,,,,,,,,,,,,,,,,,,,,,,,,,,,,,,,Agriculture & Brick Kilns,0,0.0,0.0,0.0,Mepco,1125,2,20.5,0.0,0.0,Baseline,65,Safe,0.0,0.0,ILO Labor Models (2019/2030); BMJ Global Health (2024),6500,35.46,0.45,0.0
multan,2022-12-20,Winter (Dec-Jan),16.79,0.0,0.15,0.4,2022,12,,,,,,,,,,,,,,,,,,,,,,,,,,,,,,,Agriculture & Brick Kilns,0,0.0,0.0,0.0,Mepco,1125,2,20.5,0.0,0.0,Baseline,65,Safe,0.0,0.0,ILO Labor Models (2019/2030); BMJ Global Health (2024),6500,35.46,0.45,0.0
multan,2022-12-21,Winter (Dec-Jan),16.38,0.0,0.15,0.4,2022,12,,,,,,,,,,,,,,,,,,,,,,,,,,,,,,,Agriculture & Brick Kilns,0,0.0,0.0,0.0,Mepco,1125,2,20.5,0.0,0.0,Baseline,65,Safe,0.0,0.0,ILO Labor Models (2019/2030); BMJ Global Health (2024),6500,35.46,0.45,0.0
multan,2022-12-22,Winter (Dec-Jan),15.79,0.0,0.15,0.4,2022,12,,,,,,,,,,,,,,,,,,,,,,,,,,,,,,,Agriculture & Brick Kilns,0,0.0,0.0,0.0,Mepco,1125,2,20.5,0.0,0.0,Baseline,65,Safe,0.0,0.0,ILO Labor Models (2019/2030); BMJ Global Health (2024),6500,35.46,0.45,0.0
multan,2022-12-23,Winter (Dec-Jan),14.54,0.0,0.15,0.4,2022,12,,,,,,,,,,,,,,,,,,,,,,,,,,,,,,,Agriculture & Brick Kilns,0,0.0,0.0,0.0,Mepco,1125,2,20.5,0.0,0.0,Baseline,65,Safe,0.0,0.0,ILO Labor Models (2019/2030); BMJ Global Health (2024),6500,35.46,0.45,0.0
multan,2022-12-24,Winter (Dec-Jan),13.45,0.0,0.15,0.4,2022,12,,,,,,,,,,,,,,,,,,,,,,,,,,,,,,,Agriculture & Brick Kilns,0,0.0,0.0,0.0,Mepco,1125,2,20.5,0.0,0.0,Baseline,65,Safe,0.0,0.0,ILO Labor Models (2019/2030); BMJ Global Health (2024),6500,35.46,0.45,0.0
multan,2022-12-25,Winter (Dec-Jan),14.18,0.0,0.15,0.4,2022,12,,,,,,,,,,,,,,,,,,,,,,,,,,,,,,,Agriculture & Brick Kilns,0,0.0,0.0,0.0,Mepco,1125,2,20.5,0.0,0.0,Baseline,65,Safe,0.0,0.0,ILO Labor Models (2019/2030); BMJ Global Health (2024),6500,35.46,0.45,0.0
multan,2022-12-26,Winter (Dec-Jan),14.24,0.0,0.15,0.4,2022,12,,,,,,,,,,,,,,,,,,,,,,,,,,,,,,,Agriculture & Brick Kilns,0,0.0,0.0,0.0,Mepco,1125,2,20.5,0.0,0.0,Baseline,65,Safe,0.0,0.0,ILO Labor Models (2019/2030); BMJ Global Health (2024),6500,35.46,0.45,0.0
multan,2022-12-27,Winter (Dec-Jan),14.9,0.0,0.15,0.4,2022,12,,,,,,,,,,,,,,,,,,,,,,,,,,,,,,,Agriculture & Brick Kilns,0,0.0,0.0,0.0,Mepco,1125,2,20.5,0.0,0.0,Baseline,65,Safe,0.0,0.0,ILO Labor Models (2019/2030); BMJ Global Health (2024),6500,35.46,0.45,0.0
multan,2022-12-28,Winter (Dec-Jan),16.94,0.97,0.16,0.4,2022,12,,,,,,,,,,,,,,,,,,,,,,,,,,,,,,,Agriculture & Brick Kilns,0,0.0,0.0,0.0,Mepco,1125,2,20.5,0.0,0.0,Baseline,65,Safe,0.0,0.0,ILO Labor Models (2019/2030); BMJ Global Health (2024),6500,35.46,0.45,0.0
multan,2022-12-29,Winter (Dec-Jan),18.53,2.05,0.24,0.41,2022,12,,,,,,,,,,,,,,,,,,,,,,,,,,,,,,,Agriculture & Brick Kilns,0,0.0,0.0,0.0,Mepco,1125,2,20.5,0.0,0.0,Baseline,65,Safe,0.0,0.0,ILO Labor Models (2019/2030); BMJ Global Health (2024),6500,35.46,0.45,0.0
multan,2022-12-30,Winter (Dec-Jan),15.16,0.44,0.28,0.41,2022,12,,,,,,,,,,,,,,,,,,,,,,,,,,,,,,,Agriculture & Brick Kilns,0,0.0,0.0,0.0,Mepco,1125,2,20.5,0.0,0.0,Baseline,65,Safe,0.0,0.0,ILO Labor Models (2019/2030); BMJ Global Health (2024),6500,35.46,0.45,0.0
multan,2022-12-31,Winter (Dec-Jan),14.85,0.0,0.28,0.41,2022,12,,,,,,,,,,,,,,,,,,,,,,,,,,,,,,,Agriculture & Brick Kilns,0,0.0,0.0,0.0,Mepco,1125,2,20.5,0.0,0.0,Baseline,65,Safe,0.0,0.0,ILO Labor Models (2019/2030); BMJ Global Health (2024),6500,35.46,0.45,0.0
multan,2023-01-01,Winter (Dec-Jan),13.13,0.0,0.27,0.41,2023,1,,,,,,,,,,,,,,,,,,,,,,,,,,,,,,,Agriculture & Brick Kilns,0,0.0,0.0,0.0,Mepco,760,1,19.5,0.0,0.0,Baseline,65,Safe,0.0,0.0,ILO Labor Models (2019/2030); BMJ Global Health (2024),5000,34.65,0.44,0.0
multan,2023-01-02,Winter (Dec-Jan),12.45,0.0,0.26,0.41,2023,1,,,,,,,,,,,,,,,,,,,,,,,,,,,,,,,Agriculture & Brick Kilns,0,0.0,0.0,0.0,Mepco,760,1,19.5,0.0,0.0,Baseline,65,Safe,0.0,0.0,ILO Labor Models (2019/2030); BMJ Global Health (2024),5000,34.65,0.44,0.0
multan,2023-01-03,Winter (Dec-Jan),12.13,0.0,0.25,0.41,2023,1,,,,,,,,,,,,,,,,,,,,,,,,,,,,,,,Agriculture & Brick Kilns,0,0.0,0.0,0.0,Mepco,760,1,19.5,0.0,0.0,Baseline,65,Safe,0.0,0.0,ILO Labor Models (2019/2030); BMJ Global Health (2024),5000,34.65,0.44,0.0
multan,2023-01-04,Winter (Dec-Jan),12.99,0.0,0.24,0.41,2023,1,,,,,,,,,,,,,,,,,,,,,,,,,,,,,,,Agriculture & Brick Kilns,0,0.0,0.0,0.0,Mepco,760,1,19.5,0.0,0.0,Baseline,65,Safe,0.0,0.0,ILO Labor Models (2019/2030); BMJ Global Health (2024),5000,34.65,0.44,0.0
multan,2023-01-05,Winter (Dec-Jan),13.15,0.0,0.24,0.41,2023,1,,,,,,,,,,,,,,,,,,,,,,,,,,,,,,,Agriculture & Brick Kilns,0,0.0,0.0,0.0,Mepco,760,1,19.5,0.0,0.0,Baseline,65,Safe,0.0,0.0,ILO Labor Models (2019/2030); BMJ Global Health (2024),5000,34.65,0.44,0.0
multan,2023-01-06,Winter (Dec-Jan),12.57,0.0,0.23,0.4,2023,1,,,,,,,,,,,,,,,,,,,,,,,,,,,,,,,Agriculture & Brick Kilns,0,0.0,0.0,0.0,Mepco,760,1,19.5,0.0,0.0,Baseline,65,Safe,0.0,0.0,ILO Labor Models (2019/2030); BMJ Global Health (2024),5000,34.65,0.44,0.0
multan,2023-01-07,Winter (Dec-Jan),13.53,0.0,0.23,0.4,2023,1,,,,,,,,,,,,,,,,,,,,,,,,,,,,,,,Agriculture & Brick Kilns,0,0.0,0.0,0.0,Mepco,760,1,19.5,0.0,0.0,Baseline,65,Safe,0.0,0.0,ILO Labor Models (2019/2030); BMJ Global Health (2024),5000,34.65,0.44,0.0
multan,2023-01-08,Winter (Dec-Jan),13.99,0.0,0.22,0.4,2023,1,,,,,,,,,,,,,,,,,,,,,,,,,,,,,,,Agriculture & Brick Kilns,0,0.0,0.0,0.0,Mepco,760,1,19.5,0.0,0.0,Baseline,65,Safe,0.0,0.0,ILO Labor Models (2019/2030); BMJ Global Health (2024),5000,34.65,0.44,0.0
multan,2023-01-09,Winter (Dec-Jan),13.7,0.0,0.22,0.4,2023,1,,,,,,,,,,,,,,,,,,,,,,,,,,,,,,,Agriculture & Brick Kilns,0,0.0,0.0,0.0,Mepco,760,1,19.5,0.0,0.0,Baseline,65,Safe,0.0,0.0,ILO Labor Models (2019/2030); BMJ Global Health (2024),5000,34.65,0.44,0.0
multan,2023-01-10,Winter (Dec-Jan),15.38,0.0,0.22,0.4,2023,1,,,,,,,,,,,,,,,,,,,,,,,,,,,,,,,Agriculture & Brick Kilns,0,0.0,0.0,0.0,Mepco,760,1,19.5,0.0,0.0,Baseline,65,Safe,0.0,0.0,ILO Labor Models (2019/2030); BMJ Global Health (2024),5000,34.65,0.44,0.0
multan,2023-01-11,Winter (Dec-Jan),16.0,0.07,0.21,0.4,2023,1,,,,,,,,,,,,,,,,,,,,,,,,,,,,,,,Agriculture & Brick Kilns,0,0.0,0.0,0.0,Mepco,760,1,19.5,0.0,0.0,Baseline,65,Safe,0.0,0.0,ILO Labor Models (2019/2030); BMJ Global Health (2024),5000,34.65,0.44,0.0
multan,2023-01-12,Winter (Dec-Jan),13.32,0.03,0.21,0.4,2023,1,,,,,,,,,,,,,,,,,,,,,,,,,,,,,,,Agriculture & Brick Kilns,0,0.0,0.0,0.0,Mepco,760,1,19.5,0.0,0.0,Baseline,65,Safe,0.0,0.0,ILO Labor Models (2019/2030); BMJ Global Health (2024),5000,34.65,0.44,0.0
multan,2023-01-13,Winter (Dec-Jan),10.39,0.0,0.21,0.4,2023,1,,,,,,,,,,,,,,,,,,,,,,,,,,,,,,,Agriculture & Brick Kilns,0,0.0,0.0,0.0,Mepco,760,1,19.5,0.0,0.0,Baseline,65,Safe,0.0,0.0,ILO Labor Models (2019/2030); BMJ Global Health (2024),5000,34.65,0.44,0.0
multan,2023-01-14,Winter (Dec-Jan),9.14,0.0,0.2,0.4,2023,1,,,,,,,,,,,,,,,,,,,,,,,,,,,,,,,Agriculture & Brick Kilns,0,0.0,0.0,0.0,Mepco,760,1,19.5,0.0,0.0,Baseline,65,Safe,0.0,0.0,ILO Labor Models (2019/2030); BMJ Global Health (2024),5000,34.65,0.44,0.0
multan,2023-01-15,Winter (Dec-Jan),10.27,0.0,0.2,0.4,2023,1,,,,,,,,,,,,,,,,,,,,,,,,,,,,,,,Agriculture & Brick Kilns,0,0.0,0.0,0.0,Mepco,760,1,19.5,0.0,0.0,Baseline,65,Safe,0.0,0.0,ILO Labor Models (2019/2030); BMJ Global Health (2024),5000,34.65,0.44,0.0
multan,2023-01-16,Winter (Dec-Jan),8.95,0.0,0.2,0.4,2023,1,,,,,,,,,,,,,,,,,,,,,,,,,,,,,,,Agriculture & Brick Kilns,0,0.0,0.0,0.0,Mepco,760,1,19.5,0.0,0.0,Baseline,65,Safe,0.0,0.0,ILO Labor Models (2019/2030); BMJ Global Health (2024),5000,34.65,0.44,0.0
multan,2023-01-17,Winter (Dec-Jan),10.9,0.0,0.2,0.4,2023,1,,,,,,,,,,,,,,,,,,,,,,,,,,,,,,,Agriculture & Brick Kilns,0,0.0,0.0,0.0,Mepco,760,1,19.5,0.0,0.0,Baseline,65,Safe,0.0,0.0,ILO Labor Models (2019/2030); BMJ Global Health (2024),5000,34.65,0.44,0.0
multan,2023-01-18,Winter (Dec-Jan),11.3,0.01,0.19,0.4,2023,1,,,,,,,,,,,,,,,,,,,,,,,,,,,,,,,Agriculture & Brick Kilns,0,0.0,0.0,0.0,Mepco,760,1,19.5,0.0,0.0,Baseline,65,Safe,0.0,0.0,ILO Labor Models (2019/2030); BMJ Global Health (2024),5000,34.65,0.44,0.0
multan,2023-01-19,Winter (Dec-Jan),11.82,1.55,0.2,0.4,2023,1,,,,,,,,,,,,,,,,,,,,,,,,,,,,,,,Agriculture & Brick Kilns,0,0.0,0.0,0.0,Mepco,760,1,19.5,0.0,0.0,Baseline,65,Safe,0.0,0.0,ILO Labor Models (2019/2030); BMJ Global Health (2024),5000,34.65,0.44,0.0
multan,2023-01-20,Winter (Dec-Jan),12.24,2.37,0.29,0.41,2023,1,,,,,,,,,,,,,,,,,,,,,,,,,,,,,,,Agriculture & Brick Kilns,0,0.0,0.0,0.0,Mepco,760,1,19.5,0.0,0.0,Baseline,65,Safe,0.0,0.0,ILO Labor Models (2019/2030); BMJ Global Health (2024),5000,34.65,0.44,0.0
multan,2023-01-21,Winter (Dec-Jan),12.05,0.37,0.34,0.41,2023,1,,,,,,,,,,,,,,,,,,,,,,,,,,,,,,,Agriculture & Brick Kilns,0,0.0,0.0,0.0,Mepco,760,1,19.5,0.0,0.0,Baseline,65,Safe,0.0,0.0,ILO Labor Models (2019/2030); BMJ Global Health (2024),5000,34.65,0.44,0.0
multan,2023-01-22,Winter (Dec-Jan),11.83,0.0,0.34,0.41,2023,1,,,,,,,,,,,,,,,,,,,,,,,,,,,,,,,Agriculture & Brick Kilns,0,0.0,0.0,0.0,Mepco,760,1,19.5,0.0,0.0,Baseline,65,Safe,0.0,0.0,ILO Labor Models (2019/2030); BMJ Global Health (2024),5000,34.65,0.44,0.0
multan,2023-01-23,Winter (Dec-Jan),10.53,0.0,0.32,0.41,2023,1,,,,,,,,,,,,,,,,,,,,,,,,,,,,,,,Agriculture & Brick Kilns,0,0.0,0.0,0.0,Mepco,760,1,19.5,0.0,0.0,Baseline,65,Safe,0.0,0.0,ILO Labor Models (2019/2030); BMJ Global Health (2024),5000,34.65,0.44,0.0
multan,2023-01-24,Winter (Dec-Jan),11.36,0.0,0.31,0.41,2023,1,,,,,,,,,,,,,,,,,,,,,,,,,,,,,,,Agriculture & Brick Kilns,0,0.0,0.0,0.0,Mepco,760,1,19.5,0.0,0.0,Baseline,65,Safe,0.0,0.0,ILO Labor Models (2019/2030); BMJ Global Health (2024),5000,34.65,0.44,0.0
multan,2023-01-25,Winter (Dec-Jan),11.47,0.0,0.29,0.41,2023,1,,,,,,,,,,,,,,,,,,,,,,,,,,,,,,,Agriculture & Brick Kilns,0,0.0,0.0,0.0,Mepco,760,1,19.5,0.0,0.0,Baseline,65,Safe,0.0,0.0,ILO Labor Models (2019/2030); BMJ Global Health (2024),5000,34.65,0.44,0.0
multan,2023-01-26,Winter (Dec-Jan),10.68,0.0,0.28,0.41,2023,1,,,,,,,,,,,,,,,,,,,,,,,,,,,,,,,Agriculture & Brick Kilns,0,0.0,0.0,0.0,Mepco,760,1,19.5,0.0,0.0,Baseline,65,Safe,0.0,0.0,ILO Labor Models (2019/2030); BMJ Global Health (2024),5000,34.65,0.44,0.0
multan,2023-01-27,Winter (Dec-Jan),13.15,0.0,0.27,0.41,2023,1,,,,,,,,,,,,,,,,,,,,,,,,,,,,,,,Agriculture & Brick Kilns,0,0.0,0.0,0.0,Mepco,760,1,19.5,0.0,0.0,Baseline,65,Safe,0.0,0.0,ILO Labor Models (2019/2030); BMJ Global Health (2024),5000,34.65,0.44,0.0
multan,2023-01-28,Winter (Dec-Jan),13.79,0.0,0.26,0.41,2023,1,,,,,,,,,,,,,,,,,,,,,,,,,,,,,,,Agriculture & Brick Kilns,0,0.0,0.0,0.0,Mepco,760,1,19.5,0.0,0.0,Baseline,65,Safe,0.0,0.0,ILO Labor Models (2019/2030); BMJ Global Health (2024),5000,34.65,0.44,0.0
multan,2023-01-29,Winter (Dec-Jan),13.69,0.0,0.25,0.41,2023,1,,,,,,,,,,,,,,,,,,,,,,,,,,,,,,,Agriculture & Brick Kilns,0,0.0,0.0,0.0,Mepco,760,1,19.5,0.0,0.0,Baseline,65,Safe,0.0,0.0,ILO Labor Models (2019/2030); BMJ Global Health (2024),5000,34.65,0.44,0.0
multan,2023-01-30,Winter (Dec-Jan),13.6,0.0,0.25,0.41,2023,1,,,,,,,,,,,,,,,,,,,,,,,,,,,,,,,Agriculture & Brick Kilns,0,0.0,0.0,0.0,Mepco,760,1,19.5,0.0,0.0,Baseline,65,Safe,0.0,0.0,ILO Labor Models (2019/2030); BMJ Global Health (2024),5000,34.65,0.44,0.0
multan,2023-01-31,Winter (Dec-Jan),14.17,0.0,0.24,0.41,2023,1,,,,,,,,,,,,,,,,,,,,,,,,,,,,,,,Agriculture & Brick Kilns,0,0.0,0.0,0.0,Mepco,760,1,19.5,0.0,0.0,Baseline,65,Safe,0.0,0.0,ILO Labor Models (2019/2030); BMJ Global Health (2024),5000,34.65,0.44,0.0
multan,2023-05-01,Summer (May-Jul),28.3,3.63,0.29,0.41,2023,5,,,,,,,,,35.65,3.63,0.09,3.54,Surplus (Recharging),,,,,,,,,,,,,,,,,,Agriculture & Brick Kilns,1188,3.63,59.4,2587.46,Mepco,4275,6,39.0,3.62,9.1,Critical (High Er Visits),30,Extreme,5.2,13.5,ILO Labor Models (2019/2030); BMJ Global Health (2024),5000,34.65,0.44,0.0
multan,2023-05-02,Summer (May-Jul),25.71,9.71,0.48,0.43,2023,5,,,,,,,,,29.25,9.71,0.03,9.68,Surplus (Recharging),,,,,,,,,,,,,,,,,,Agriculture & Brick Kilns,1188,3.63,59.4,2587.46,Mepco,4275,6,39.0,3.62,9.1,Critical (High Er Visits),30,Extreme,5.2,13.5,ILO Labor Models (2019/2030); BMJ Global Health (2024),5000,34.65,0.44,0.0
multan,2023-05-03,Summer (May-Jul),27.39,0.66,0.43,0.43,2023,5,,,,,,,,,34.43,0.66,0.1,0.56,Surplus (Recharging),,,,,,,,,,,,,,,,,,Agriculture & Brick Kilns,1188,3.63,59.4,2587.46,Mepco,4275,6,39.0,3.62,9.1,Critical (High Er Visits),30,Extreme,5.2,13.5,ILO Labor Models (2019/2030); BMJ Global Health (2024),5000,34.65,0.44,0.0
multan,2023-05-04,Summer (May-Jul),28.67,2.11,0.42,0.43,2023,5,,,,,,,,,35.15,2.11,0.09,2.02,Surplus (Recharging),,,,,,,,,,,,,,,,,,Agriculture & Brick Kilns,1188,3.63,59.4,2587.46,Mepco,4275,6,39.0,3.62,9.1,Critical (High Er Visits),30,Extreme,5.2,13.5,ILO Labor Models (2019/2030); BMJ Global Health (2024),5000,34.65,0.44,0.0
multan,2023-05-05,Summer (May-Jul),29.9,0.78,0.41,0.43,2023,5,,,,,,,,,36.16,0.78,0.08,0.7,Surplus (Recharging),,,,,,,,,,,,,,,,,,Agriculture & Brick Kilns,1188,3.63,59.4,2587.46,Mepco,4275,6,39.0,3.62,9.1,Critical (High Er Visits),30,Extreme,5.2,13.5,ILO Labor Models (2019/2030); BMJ Global Health (2024),5000,34.65,0.44,0.0
multan,2023-05-06,Summer (May-Jul),31.3,1.31,0.39,0.43,2023,5,,,,,,,,,39.13,1.31,0.1,1.21,Surplus (Recharging),,,,,,,,,,,,,,,,,,Agriculture & Brick Kilns,1188,3.63,59.4,2587.46,Mepco,4275,6,39.0,3.62,9.1,Critical (High Er Visits),30,Extreme,5.2,13.5,ILO Labor Models (2019/2030); BMJ Global Health (2024),5000,34.65,0.44,0.0
multan,2023-05-07,Summer (May-Jul),28.3,0.0,0.34,0.42,2023,5,,,,,,,,,36.43,0.0,0.11,-0.11,Severe Deficit (Water Loss),,,,,,,,,,,,,,,,,,Agriculture & Brick Kilns,1188,3.63,59.4,2587.46,Mepco,4275,6,39.0,3.62,9.1,Critical (High Er Visits),30,Extreme,5.2,13.5,ILO Labor Models (2019/2030); BMJ Global Health (2024),5000,34.65,0.44,0.0
multan,2023-05-08,Summer (May-Jul),28.55,0.0,0.31,0.42,2023,5,,,,,,,,,36.64,0.0,0.16,-0.16,Severe Deficit (Water Loss),,,,,,,,,,,,,,,,,,Agriculture & Brick Kilns,1188,3.63,59.4,2587.46,Mepco,4275,6,39.0,3.62,9.1,Critical (High Er Visits),30,Extreme,5.2,13.5,ILO Labor Models (2019/2030); BMJ Global Health (2024),5000,34.65,0.44,0.0
multan,2023-05-09,Summer (May-Jul),30.01,0.0,0.28,0.42,2023,5,,,,,,,,,39.51,0.0,0.11,-0.11,Severe Deficit (Water Loss),,,,,,,,,,,,,,,,,,Agriculture & Brick Kilns,1188,3.63,59.4,2587.46,Mepco,4275,6,39.0,3.62,9.1,Critical (High Er Visits),30,Extreme,5.2,13.5,ILO Labor Models (2019/2030); BMJ Global Health (2024),5000,34.65,0.44,0.0
multan,2023-05-10,Summer (May-Jul),31.41,0.0,0.25,0.41,2023,5,,,,,,,,,40.82,0.0,0.13,-0.13,Severe Deficit (Water Loss),,,,,,,,,,,,,,,,,,Agriculture & Brick Kilns,1188,3.63,59.4,2587.46,Mepco,4275,6,39.0,3.62,9.1,Critical (High Er Visits),30,Extreme,5.2,13.5,ILO Labor Models (2019/2030); BMJ Global Health (2024),5000,34.65,0.44,0.0
multan,2023-05-11,Summer (May-Jul),35.17,0.0,0.23,0.41,2023,5,,,,,,,,,44.35,0.0,0.11,-0.11,Severe Deficit (Water Loss),,,,,,,,,,,,,,,,,,Agriculture & Brick Kilns,1188,3.63,59.4,2587.46,Mepco,4275,6,39.0,3.62,9.1,Critical (High Er Visits),30,Extreme,5.2,13.5,ILO Labor Models (2019/2030); BMJ Global Health (2024),5000,34.65,0.44,0.0
multan,2023-05-12,Summer (May-Jul),35.15,0.0,0.21,0.41,2023,5,,,,,,,,,44.31,0.0,0.13,-0.13,Severe Deficit (Water Loss),,,,,,,,,,,,,,,,,,Agriculture & Brick Kilns,1188,3.63,59.4,2587.46,Mepco,4275,6,39.0,3.62,9.1,Critical (High Er Visits),30,Extreme,5.2,13.5,ILO Labor Models (2019/2030); BMJ Global Health (2024),5000,34.65,0.44,0.0
multan,2023-05-13,Summer (May-Jul),36.16,0.0,0.2,0.41,2023,5,,,,,,,,,44.56,0.0,0.11,-0.11,Severe Deficit (Water Loss),,,,,,,,,,,,,,,,,,Agriculture & Brick Kilns,1188,3.63,59.4,2587.46,Mepco,4275,6,39.0,3.62,9.1,Critical (High Er Visits),30,Extreme,5.2,13.5,ILO Labor Models (2019/2030); BMJ Global Health (2024),5000,34.65,0.44,0.0
multan,2023-05-14,Summer (May-Jul),33.98,0.0,0.19,0.41,2023,5,,,,,,,,,41.66,0.0,0.13,-0.13,Severe Deficit (Water Loss),,,,,,,,,,,,,,,,,,Agriculture & Brick Kilns,1188,3.63,59.4,2587.46,Mepco,4275,6,39.0,3.62,9.1,Critical (High Er Visits),30,Extreme,5.2,13.5,ILO Labor Models (2019/2030); BMJ Global Health (2024),5000,34.65,0.44,0.0
multan,2023-05-15,Summer (May-Jul),35.0,0.0,0.18,0.41,2023,5,,,,,,,,,43.6,0.0,0.1,-0.1,Severe Deficit (Water Loss),,,,,,,,,,,,,,,,,,Agriculture & Brick Kilns,1188,3.63,59.4,2587.46,Mepco,4275,6,39.0,3.62,9.1,Critical (High Er Visits),30,Extreme,5.2,13.5,ILO Labor Models (2019/2030); BMJ Global Health (2024),5000,34.65,0.44,0.0
multan,2023-05-16,Summer (May-Jul),34.4,1.68,0.23,0.41,2023,5,,,,,,,,,42.21,1.68,0.06,1.62,Surplus (Recharging),,,,,,,,,,,,,,,,,,Agriculture & Brick Kilns,1188,3.63,59.4,2587.46,Mepco,4275,6,39.0,3.62,9.1,Critical (High Er Visits),30,Extreme,5.2,13.5,ILO Labor Models (2019/2030); BMJ Global Health (2024),5000,34.65,0.44,0.0
multan,2023-05-17,Summer (May-Jul),34.92,0.79,0.22,0.41,2023,5,,,,,,,,,42.29,0.79,0.1,0.69,Surplus (Recharging),,,,,,,,,,,,,,,,,,Agriculture & Brick Kilns,1188,3.63,59.4,2587.46,Mepco,4275,6,39.0,3.62,9.1,Critical (High Er Visits),30,Extreme,5.2,13.5,ILO Labor Models (2019/2030); BMJ Global Health (2024),5000,34.65,0.44,0.0
multan,2023-05-18,Summer (May-Jul),32.23,5.03,0.35,0.42,2023,5,,,,,,,,,38.98,5.03,0.04,4.99,Surplus (Recharging),,,,,,,,,,,,,,,,,,Agriculture & Brick Kilns,1188,3.63,59.4,2587.46,Mepco,4275,6,39.0,3.62,9.1,Critical (High Er Visits),30,Extreme,5.2,13.5,ILO Labor Models (2019/2030); BMJ Global Health (2024),5000,34.65,0.44,0.0
multan,2023-05-19,Summer (May-Jul),34.3,0.0,0.31,0.41,2023,5,,,,,,,,,42.6,0.0,0.04,-0.04,Severe Deficit (Water Loss),,,,,,,,,,,,,,,,,,Agriculture & Brick Kilns,1188,3.63,59.4,2587.46,Mepco,4275,6,39.0,3.62,9.1,Critical (High Er Visits),30,Extreme,5.2,13.5,ILO Labor Models (2019/2030); BMJ Global Health (2024),5000,34.65,0.44,0.0
multan,2023-05-20,Summer (May-Jul),34.65,0.0,0.26,0.41,2023,5,,,,,,,,,44.45,0.0,0.05,-0.05,Severe Deficit (Water Loss),,,,,,,,,,,,,,,,,,Agriculture & Brick Kilns,1188,3.63,59.4,2587.46,Mepco,4275,6,39.0,3.62,9.1,Critical (High Er Visits),30,Extreme,5.2,13.5,ILO Labor Models (2019/2030); BMJ Global Health (2024),5000,34.65,0.44,0.0
multan,2023-05-21,Summer (May-Jul),36.69,0.0,0.23,0.41,2023,5,,,,,,,,,46.23,0.0,0.06,-0.06,Severe Deficit (Water Loss),,,,,,,,,,,,,,,,,,Agriculture & Brick Kilns,1188,3.63,59.4,2587.46,Mepco,4275,6,39.0,3.62,9.1,Critical (High Er Visits),30,Extreme,5.2,13.5,ILO Labor Models (2019/2030); BMJ Global Health (2024),5000,34.65,0.44,0.0
multan,2023-05-22,Summer (May-Jul),38.21,0.0,0.21,0.41,2023,5,,,,,,,,,46.8,0.0,0.07,-0.07,Severe Deficit (Water Loss),,,,,,,,,,,,,,,,,,Agriculture & Brick Kilns,1188,3.63,59.4,2587.46,Mepco,4275,6,39.0,3.62,9.1,Critical (High Er Visits),30,Extreme,5.2,13.5,ILO Labor Models (2019/2030); BMJ Global Health (2024),5000,34.65,0.44,0.0
multan,2023-05-23,Summer (May-Jul),36.82,0.1,0.2,0.41,2023,5,,,,,,,,,41.84,0.1,0.1,0.0,Surplus (Recharging),,,,,,,,,,,,,,,,,,Agriculture & Brick Kilns,1188,3.63,59.4,2587.46,Mepco,4275,6,39.0,3.62,9.1,Critical (High Er Visits),30,Extreme,5.2,13.5,ILO Labor Models (2019/2030); BMJ Global Health (2024),5000,34.65,0.44,0.0
multan,2023-05-24,Summer (May-Jul),35.24,0.0,0.2,0.41,2023,5,,,,,,,,,42.16,0.0,0.1,-0.1,Severe Deficit (Water Loss),,,,,,,,,,,,,,,,,,Agriculture & Brick Kilns,1188,3.63,59.4,2587.46,Mepco,4275,6,39.0,3.62,9.1,Critical (High Er Visits),30,Extreme,5.2,13.5,ILO Labor Models (2019/2030); BMJ Global Health (2024),5000,34.65,0.44,0.0
multan,2023-05-25,Summer (May-Jul),35.41,0.63,0.19,0.41,2023,5,,,,,,,,,42.09,0.63,0.09,0.54,Surplus (Recharging),,,,,,,,,,,,,,,,,,Agriculture & Brick Kilns,1188,3.63,59.4,2587.46,Mepco,4275,6,39.0,3.62,9.1,Critical (High Er Visits),30,Extreme,5.2,13.5,ILO Labor Models (2019/2030); BMJ Global Health (2024),5000,34.65,0.44,0.0
multan,2023-05-26,Summer (May-Jul),35.15,1.03,0.21,0.41,2023,5,,,,,,,,,42.62,1.03,0.1,0.93,Surplus (Recharging),,,,,,,,,,,,,,,,,,Agriculture & Brick Kilns,1188,3.63,59.4,2587.46,Mepco,4275,6,39.0,3.62,9.1,Critical (High Er Visits),30,Extreme,5.2,13.5,ILO Labor Models (2019/2030); BMJ Global Health (2024),5000,34.65,0.44,0.0
multan,2023-05-27,Summer (May-Jul),33.72,2.58,0.29,0.41,2023,5,,,,,,,,,39.64,2.58,0.1,2.48,Surplus (Recharging),,,,,,,,,,,,,,,,,,Agriculture & Brick Kilns,1188,3.63,59.4,2587.46,Mepco,4275,6,39.0,3.62,9.1,Critical (High Er Visits),30,Extreme,5.2,13.5,ILO Labor Models (2019/2030); BMJ Global Health (2024),5000,34.65,0.44,0.0
multan,2023-05-28,Summer (May-Jul),31.2,32.56,0.43,0.42,2023,5,,,,,,,,,38.12,32.56,0.05,32.51,Surplus (Recharging),,,,,,,,,,,,,,,,,,Agriculture & Brick Kilns,1188,3.63,59.4,2587.46,Mepco,4275,6,39.0,3.62,9.1,Critical (High Er Visits),30,Extreme,5.2,13.5,ILO Labor Models (2019/2030); BMJ Global Health (2024),5000,34.65,0.44,0.0
multan,2023-05-29,Summer (May-Jul),29.09,1.34,0.49,0.47,2023,5,,,,,,,,,35.27,1.34,0.37,0.97,Surplus (Recharging),,,,,,,,,,,,,,,,,,Agriculture & Brick Kilns,1188,3.63,59.4,2587.46,Mepco,4275,6,39.0,3.62,9.1,Critical (High Er Visits),30,Extreme,5.2,13.5,ILO Labor Models (2019/2030); BMJ Global Health (2024),5000,34.65,0.44,0.0
multan,2023-05-30,Summer (May-Jul),26.93,3.14,0.48,0.47,2023,5,,,,,,,,,30.99,3.14,0.17,2.97,Surplus (Recharging),,,,,,,,,,,,,,,,,,Agriculture & Brick Kilns,1188,3.63,59.4,2587.46,Mepco,4275,6,39.0,3.62,9.1,Critical (High Er Visits),30,Extreme,5.2,13.5,ILO Labor Models (2019/2030); BMJ Global Health (2024),5000,34.65,0.44,0.0
multan,2023-05-31,Summer (May-Jul),27.81,11.72,0.5,0.47,2023,5,,,,,,,,,34.24,11.72,0.22,11.5,Surplus (Recharging),,,,,,,,,,,,,,,,,,Agriculture & Brick Kilns,1188,3.63,59.4,2587.46,Mepco,4275,6,39.0,3.62,9.1,Critical (High Er Visits),30,Extreme,5.2,13.5,ILO Labor Models (2019/2030); BMJ Global Health (2024),5000,34.65,0.44,0.0
multan,2023-06-01,Summer (May-Jul),26.08,6.67,0.54,0.49,2023,6,June,30.8,20.9,24.9,73.0,33.0,2.4,17.5,30.73,6.67,0.31,6.36,Surplus (Recharging),,,,,,562.0,84.8,74.6,29.1,60.7,204.0,230.0,12.0,7.0,633.0,48.8,Ndma/Pdma Punjab,Agriculture & Brick Kilns,1980,6.05,99.0,7187.4,Mepco,5700,8,40.5,4.13,10.3,Critical (High Er Visits),40,Extreme,6.8,17.8,ILO Labor Models (2019/2030); BMJ Global Health (2024),5000,34.65,0.44,0.0
multan,2023-06-02,Summer (May-Jul),29.0,0.0,0.46,0.48,2023,6,June,32.3,20.9,26.4,63.0,35.1,0.0,10.8,35.84,0.0,0.6,-0.6,Severe Deficit (Water Loss),,,,,,562.0,84.8,74.6,29.1,60.7,204.0,230.0,12.0,7.0,633.0,48.8,Ndma/Pdma Punjab,Agriculture & Brick Kilns,1980,6.05,99.0,7187.4,Mepco,5700,8,40.5,4.13,10.3,Critical (High Er Visits),40,Extreme,6.8,17.8,ILO Labor Models (2019/2030); BMJ Global Health (2024),5000,34.65,0.44,0.0
multan,2023-06-03,Summer (May-Jul),30.85,13.46,0.49,0.48,2023,6,June,34.5,23.1,28.8,56.0,37.7,0.0,12.1,37.43,13.46,0.56,12.9,Surplus (Recharging),,,,,,562.0,84.8,74.6,29.1,60.7,204.0,230.0,12.0,7.0,633.0,48.8,Ndma/Pdma Punjab,Agriculture & Brick Kilns,1980,6.05,99.0,7187.4,Mepco,5700,8,40.5,4.13,10.3,Critical (High Er Visits),40,Extreme,6.8,17.8,ILO Labor Models (2019/2030); BMJ Global Health (2024),5000,34.65,0.44,0.0
multan,2023-06-04,Summer (May-Jul),30.92,6.06,0.55,0.5,2023,6,June,36.2,24.2,30.2,52.0,40.0,0.0,8.1,36.98,6.06,0.73,5.33,Surplus (Recharging),,,,,,562.0,84.8,74.6,29.1,60.7,204.0,230.0,12.0,7.0,633.0,48.8,Ndma/Pdma Punjab,Agriculture & Brick Kilns,1980,6.05,99.0,7187.4,Mepco,5700,8,40.5,4.13,10.3,Critical (High Er Visits),40,Extreme,6.8,17.8,ILO Labor Models (2019/2030); BMJ Global Health (2024),5000,34.65,0.44,0.0
multan,2023-06-05,Summer (May-Jul),33.34,0.0,0.46,0.5,2023,6,June,37.3,24.5,31.1,47.0,39.9,0.0,19.4,40.45,0.0,0.86,-0.86,Severe Deficit (Water Loss),,,,,,562.0,84.8,74.6,29.1,60.7,204.0,230.0,12.0,7.0,633.0,48.8,Ndma/Pdma Punjab,Agriculture & Brick Kilns,1980,6.05,99.0,7187.4,Mepco,5700,8,40.5,4.13,10.3,Critical (High Er Visits),40,Extreme,6.8,17.8,ILO Labor Models (2019/2030); BMJ Global Health (2024),5000,34.65,0.44,0.0
multan,2023-06-06,Summer (May-Jul),34.0,8.34,0.49,0.49,2023,6,June,37.1,25.4,29.5,56.0,38.5,3.9,21.6,40.06,8.34,0.68,7.66,Surplus (Recharging),,,,,,562.0,84.8,74.6,29.1,60.7,204.0,230.0,12.0,7.0,633.0,48.8,Ndma/Pdma Punjab,Agriculture & Brick Kilns,1980,6.05,99.0,7187.4,Mepco,5700,8,40.5,4.13,10.3,Critical (High Er Visits),40,Extreme,6.8,17.8,ILO Labor Models (2019/2030); BMJ Global Health (2024),5000,34.65,0.44,0.0
multan,2023-06-07,Summer (May-Jul),34.15,1.37,0.48,0.5,2023,6,June,39.0,25.1,31.9,51.0,41.6,0.0,13.8,40.92,1.37,0.81,0.56,Surplus (Recharging),,,,,,562.0,84.8,74.6,29.1,60.7,204.0,230.0,12.0,7.0,633.0,48.8,Ndma/Pdma Punjab,Agriculture & Brick Kilns,1980,6.05,99.0,7187.4,Mepco,5700,8,40.5,4.13,10.3,Critical (High Er Visits),40,Extreme,6.8,17.8,ILO Labor Models (2019/2030); BMJ Global Health (2024),5000,34.65,0.44,0.0
multan,2023-06-08,Summer (May-Jul),34.74,0.0,0.44,0.49,2023,6,June,40.8,26.0,33.2,44.0,43.6,0.0,16.3,42.04,0.0,0.76,-0.76,Severe Deficit (Water Loss),,,,,,562.0,84.8,74.6,29.1,60.7,204.0,230.0,12.0,7.0,633.0,48.8,Ndma/Pdma Punjab,Agriculture & Brick Kilns,1980,6.05,99.0,7187.4,Mepco,5700,8,40.5,4.13,10.3,Critical (High Er Visits),40,Extreme,6.8,17.8,ILO Labor Models (2019/2030); BMJ Global Health (2024),5000,34.65,0.44,0.0
multan,2023-06-09,Summer (May-Jul),36.06,0.0,0.43,0.48,2023,6,June,41.9,28.2,34.4,42.0,43.8,0.0,16.2,43.53,0.0,0.65,-0.65,Severe Deficit (Water Loss),,,,,,562.0,84.8,74.6,29.1,60.7,204.0,230.0,12.0,7.0,633.0,48.8,Ndma/Pdma Punjab,Agriculture & Brick Kilns,1980,6.05,99.0,7187.4,Mepco,5700,8,40.5,4.13,10.3,Critical (High Er Visits),40,Extreme,6.8,17.8,ILO Labor Models (2019/2030); BMJ Global Health (2024),5000,34.65,0.44,0.0
multan,2023-06-10,Summer (May-Jul),35.68,0.55,0.42,0.48,2023,6,June,40.8,28.7,34.0,49.0,44.3,1.7,19.7,42.81,0.55,0.54,0.01,Surplus (Recharging),,,,,,562.0,84.8,74.6,29.1,60.7,204.0,230.0,12.0,7.0,633.0,48.8,Ndma/Pdma Punjab,Agriculture & Brick Kilns,1980,6.05,99.0,7187.4,Mepco,5700,8,40.5,4.13,10.3,Critical (High Er Visits),40,Extreme,6.8,17.8,ILO Labor Models (2019/2030); BMJ Global Health (2024),5000,34.65,0.44,0.0
multan,2023-06-11,Summer (May-Jul),35.05,0.34,0.42,0.47,2023,6,June,39.7,28.8,33.8,49.0,43.5,0.0,13.7,41.34,0.34,0.47,-0.13,Severe Deficit (Water Loss),,,,,,562.0,84.8,74.6,29.1,60.7,204.0,230.0,12.0,7.0,633.0,48.8,Ndma/Pdma Punjab,Agriculture & Brick Kilns,1980,6.05,99.0,7187.4,Mepco,5700,8,40.5,4.13,10.3,Critical (High Er Visits),40,Extreme,6.8,17.8,ILO Labor Models (2019/2030); BMJ Global Health (2024),5000,34.65,0.44,0.0
multan,2023-06-12,Summer (May-Jul),36.42,0.0,0.41,0.46,2023,6,June,40.9,28.9,34.8,46.0,42.9,0.0,22.0,44.02,0.0,0.43,-0.43,Severe Deficit (Water Loss),,,,,,562.0,84.8,74.6,29.1,60.7,204.0,230.0,12.0,7.0,633.0,48.8,Ndma/Pdma Punjab,Agriculture & Brick Kilns,1980,6.05,99.0,7187.4,Mepco,5700,8,40.5,4.13,10.3,Critical (High Er Visits),40,Extreme,6.8,17.8,ILO Labor Models (2019/2030); BMJ Global Health (2024),5000,34.65,0.44,0.0
multan,2023-06-13,Summer (May-Jul),36.47,0.0,0.4,0.46,2023,6,June,40.6,31.1,35.4,40.0,42.1,0.0,27.3,43.41,0.0,0.43,-0.43,Severe Deficit (Water Loss),,,,,,562.0,84.8,74.6,29.1,60.7,204.0,230.0,12.0,7.0,633.0,48.8,Ndma/Pdma Punjab,Agriculture & Brick Kilns,1980,6.05,99.0,7187.4,Mepco,5700,8,40.5,4.13,10.3,Critical (High Er Visits),40,Extreme,6.8,17.8,ILO Labor Models (2019/2030); BMJ Global Health (2024),5000,34.65,0.44,0.0
multan,2023-06-14,Summer (May-Jul),35.76,0.22,0.4,0.45,2023,6,June,39.5,31.4,35.1,44.0,41.1,0.0,29.3,42.12,0.22,0.42,-0.2,Severe Deficit (Water Loss),,,,,,562.0,84.8,74.6,29.1,60.7,204.0,230.0,12.0,7.0,633.0,48.8,Ndma/Pdma Punjab,Agriculture & Brick Kilns,1980,6.05,99.0,7187.4,Mepco,5700,8,40.5,4.13,10.3,Critical (High Er Visits),40,Extreme,6.8,17.8,ILO Labor Models (2019/2030); BMJ Global Health (2024),5000,34.65,0.44,0.0
multan,2023-06-15,Summer (May-Jul),34.51,1.1,0.41,0.45,2023,6,June,38.0,30.4,33.6,47.0,40.3,0.0,26.2,39.84,1.1,0.37,0.73,Surplus (Recharging),,,,,,562.0,84.8,74.6,29.1,60.7,204.0,230.0,12.0,7.0,633.0,48.8,Ndma/Pdma Punjab,Agriculture & Brick Kilns,1980,6.05,99.0,7187.4,Mepco,5700,8,40.5,4.13,10.3,Critical (High Er Visits),40,Extreme,6.8,17.8,ILO Labor Models (2019/2030); BMJ Global Health (2024),5000,34.65,0.44,0.0
multan,2023-06-16,Summer (May-Jul),34.02,1.57,0.43,0.45,2023,6,June,37.5,29.0,33.2,52.0,41.5,0.0,14.0,38.94,1.57,0.15,1.42,Surplus (Recharging),,,,,,562.0,84.8,74.6,29.1,60.7,204.0,230.0,12.0,7.0,633.0,48.8,Ndma/Pdma Punjab,Agriculture & Brick Kilns,1980,6.05,99.0,7187.4,Mepco,5700,8,40.5,4.13,10.3,Critical (High Er Visits),40,Extreme,6.8,17.8,ILO Labor Models (2019/2030); BMJ Global Health (2024),5000,34.65,0.44,0.0
multan,2023-06-17,Summer (May-Jul),35.48,0.03,0.41,0.44,2023,6,June,40.6,29.1,35.1,42.0,43.3,0.0,16.1,41.54,0.03,0.19,-0.16,Severe Deficit (Water Loss),,,,,,562.0,84.8,74.6,29.1,60.7,204.0,230.0,12.0,7.0,633.0,48.8,Ndma/Pdma Punjab,Agriculture & Brick Kilns,1980,6.05,99.0,7187.4,Mepco,5700,8,40.5,4.13,10.3,Critical (High Er Visits),40,Extreme,6.8,17.8,ILO Labor Models (2019/2030); BMJ Global Health (2024),5000,34.65,0.44,0.0
multan,2023-06-18,Summer (May-Jul),36.1,0.0,0.39,0.44,2023,6,June,41.5,29.2,35.3,46.0,44.4,0.0,14.4,42.77,0.0,0.25,-0.25,Severe Deficit (Water Loss),,,,,,562.0,84.8,74.6,29.1,60.7,204.0,230.0,12.0,7.0,633.0,48.8,Ndma/Pdma Punjab,Agriculture & Brick Kilns,1980,6.05,99.0,7187.4,Mepco,5700,8,40.5,4.13,10.3,Critical (High Er Visits),40,Extreme,6.8,17.8,ILO Labor Models (2019/2030); BMJ Global Health (2024),5000,34.65,0.44,0.0
multan,2023-06-19,Summer (May-Jul),37.1,0.0,0.37,0.43,2023,6,June,41.0,30.8,35.7,45.0,45.4,0.0,11.6,43.12,0.0,0.21,-0.21,Severe Deficit (Water Loss),,,,,,562.0,84.8,74.6,29.1,60.7,204.0,230.0,12.0,7.0,633.0,48.8,Ndma/Pdma Punjab,Agriculture & Brick Kilns,1980,6.05,99.0,7187.4,Mepco,5700,8,40.5,4.13,10.3,Critical (High Er Visits),40,Extreme,6.8,17.8,ILO Labor Models (2019/2030); BMJ Global Health (2024),5000,34.65,0.44,0.0
multan,2023-06-20,Summer (May-Jul),39.03,0.0,0.34,0.43,2023,6,June,43.2,31.9,37.4,41.0,47.1,0.0,12.0,45.33,0.0,0.18,-0.18,Severe Deficit (Water Loss),,,,,,562.0,84.8,74.6,29.1,60.7,204.0,230.0,12.0,7.0,633.0,48.8,Ndma/Pdma Punjab,Agriculture & Brick Kilns,1980,6.05,99.0,7187.4,Mepco,5700,8,40.5,4.13,10.3,Critical (High Er Visits),40,Extreme,6.8,17.8,ILO Labor Models (2019/2030); BMJ Global Health (2024),5000,34.65,0.44,0.0
multan,2023-06-21,Summer (May-Jul),39.24,0.0,0.3,0.42,2023,6,June,42.8,33.0,37.1,45.0,46.7,0.0,19.9,45.65,0.0,0.22,-0.22,Severe Deficit (Water Loss),,,,,,562.0,84.8,74.6,29.1,60.7,204.0,230.0,12.0,7.0,633.0,48.8,Ndma/Pdma Punjab,Agriculture & Brick Kilns,1980,6.05,99.0,7187.4,Mepco,5700,8,40.5,4.13,10.3,Critical (High Er Visits),40,Extreme,6.8,17.8,ILO Labor Models (2019/2030); BMJ Global Health (2024),5000,34.65,0.44,0.0
multan,2023-06-22,Summer (May-Jul),39.75,0.0,0.28,0.42,2023,6,June,42.8,33.4,37.3,46.0,46.6,0.0,22.6,46.17,0.0,0.27,-0.27,Severe Deficit (Water Loss),,,,,,562.0,84.8,74.6,29.1,60.7,204.0,230.0,12.0,7.0,633.0,48.8,Ndma/Pdma Punjab,Agriculture & Brick Kilns,1980,6.05,99.0,7187.4,Mepco,5700,8,40.5,4.13,10.3,Critical (High Er Visits),40,Extreme,6.8,17.8,ILO Labor Models (2019/2030); BMJ Global Health (2024),5000,34.65,0.44,0.0
multan,2023-06-23,Summer (May-Jul),40.51,0.0,0.25,0.42,2023,6,June,43.0,33.5,37.5,42.0,46.0,0.0,22.5,47.16,0.0,0.27,-0.27,Severe Deficit (Water Loss),,,,,,562.0,84.8,74.6,29.1,60.7,204.0,230.0,12.0,7.0,633.0,48.8,Ndma/Pdma Punjab,Agriculture & Brick Kilns,1980,6.05,99.0,7187.4,Mepco,5700,8,40.5,4.13,10.3,Critical (High Er Visits),40,Extreme,6.8,17.8,ILO Labor Models (2019/2030); BMJ Global Health (2024),5000,34.65,0.44,0.0
multan,2023-06-24,Summer (May-Jul),40.29,0.07,0.24,0.42,2023,6,June,43.0,33.5,37.7,41.0,45.8,0.0,22.9,46.38,0.07,0.27,-0.2,Severe Deficit (Water Loss),,,,,,562.0,84.8,74.6,29.1,60.7,204.0,230.0,12.0,7.0,633.0,48.8,Ndma/Pdma Punjab,Agriculture & Brick Kilns,1980,6.05,99.0,7187.4,Mepco,5700,8,40.5,4.13,10.3,Critical (High Er Visits),40,Extreme,6.8,17.8,ILO Labor Models (2019/2030); BMJ Global Health (2024),5000,34.65,0.44,0.0
multan,2023-06-25,Summer (May-Jul),40.21,1.23,0.25,0.42,2023,6,June,42.8,33.7,37.8,40.0,45.1,0.0,21.6,45.76,1.23,0.14,1.09,Surplus (Recharging),,,,,,562.0,84.8,74.6,29.1,60.7,204.0,230.0,12.0,7.0,633.0,48.8,Ndma/Pdma Punjab,Agriculture & Brick Kilns,1980,6.05,99.0,7187.4,Mepco,5700,8,40.5,4.13,10.3,Critical (High Er Visits),40,Extreme,6.8,17.8,ILO Labor Models (2019/2030); BMJ Global Health (2024),5000,34.65,0.44,0.0
multan,2023-06-26,Summer (May-Jul),37.36,5.49,0.32,0.42,2023,6,June,39.1,32.5,35.3,49.0,44.8,5.8,23.8,41.83,5.49,0.09,5.4,Surplus (Recharging),,,,,,562.0,84.8,74.6,29.1,60.7,204.0,230.0,12.0,7.0,633.0,48.8,Ndma/Pdma Punjab,Agriculture & Brick Kilns,1980,6.05,99.0,7187.4,Mepco,5700,8,40.5,4.13,10.3,Critical (High Er Visits),40,Extreme,6.8,17.8,ILO Labor Models (2019/2030); BMJ Global Health (2024),5000,34.65,0.44,0.0
multan,2023-06-27,Summer (May-Jul),35.82,1.31,0.38,0.42,2023,6,June,37.5,29.1,33.7,59.0,44.1,0.3,11.7,40.96,1.31,0.08,1.23,Surplus (Recharging),,,,,,562.0,84.8,74.6,29.1,60.7,204.0,230.0,12.0,7.0,633.0,48.8,Ndma/Pdma Punjab,Agriculture & Brick Kilns,1980,6.05,99.0,7187.4,Mepco,5700,8,40.5,4.13,10.3,Critical (High Er Visits),40,Extreme,6.8,17.8,ILO Labor Models (2019/2030); BMJ Global Health (2024),5000,34.65,0.44,0.0
multan,2023-06-28,Summer (May-Jul),36.78,0.34,0.32,0.42,2023,6,June,38.2,28.1,33.8,59.0,44.6,0.3,12.4,41.73,0.34,0.11,0.23,Surplus (Recharging),,,,,,562.0,84.8,74.6,29.1,60.7,204.0,230.0,12.0,7.0,633.0,48.8,Ndma/Pdma Punjab,Agriculture & Brick Kilns,1980,6.05,99.0,7187.4,Mepco,5700,8,40.5,4.13,10.3,Critical (High Er Visits),40,Extreme,6.8,17.8,ILO Labor Models (2019/2030); BMJ Global Health (2024),5000,34.65,0.44,0.0
multan,2023-06-29,Summer (May-Jul),37.45,1.32,0.31,0.42,2023,6,June,38.0,30.5,34.2,57.0,44.2,1.0,10.7,41.5,1.32,0.11,1.21,Surplus (Recharging),,,,,,562.0,84.8,74.6,29.1,60.7,204.0,230.0,12.0,7.0,633.0,48.8,Ndma/Pdma Punjab,Agriculture & Brick Kilns,1980,6.05,99.0,7187.4,Mepco,5700,8,40.5,4.13,10.3,Critical (High Er Visits),40,Extreme,6.8,17.8,ILO Labor Models (2019/2030); BMJ Global Health (2024),5000,34.65,0.44,0.0
multan,2023-06-30,Summer (May-Jul),38.01,0.36,0.3,0.42,2023,6,June,38.8,31.1,34.4,56.0,44.4,0.7,14.8,43.68,0.36,0.13,0.23,Surplus (Recharging),,,,,,562.0,84.8,74.6,29.1,60.7,204.0,230.0,12.0,7.0,633.0,48.8,Ndma/Pdma Punjab,Agriculture & Brick Kilns,1980,6.05,99.0,7187.4,Mepco,5700,8,40.5,4.13,10.3,Critical (High Er Visits),40,Extreme,6.8,17.8,ILO Labor Models (2019/2030); BMJ Global Health (2024),5000,34.65,0.44,0.0
multan,2023-07-01,Summer (May-Jul),36.59,3.94,0.33,0.42,2023,7,July,38.2,30.4,34.3,57.0,44.2,0.3,13.6,40.88,3.94,0.09,3.85,Surplus (Recharging),,,,,,562.0,84.8,74.6,29.1,60.7,204.0,230.0,12.0,7.0,633.0,48.8,Ndma/Pdma Punjab,Agriculture & Brick Kilns,1782,5.45,89.1,5827.14,Mepco,4940,7,36.5,2.8,7.0,Elevated (Heat Stress),70,Extreme (Humid),6.1,15.9,ILO Labor Models (2019/2030); BMJ Global Health (2024),5000,34.65,0.44,0.0
multan,2023-07-02,Summer (May-Jul),37.91,0.34,0.33,0.42,2023,7,July,39.6,29.8,34.7,57.0,45.5,0.0,11.8,44.2,0.34,0.11,0.23,Surplus (Recharging),,,,,,562.0,84.8,74.6,29.1,60.7,204.0,230.0,12.0,7.0,633.0,48.8,Ndma/Pdma Punjab,Agriculture & Brick Kilns,1782,5.45,89.1,5827.14,Mepco,4940,7,36.5,2.8,7.0,Elevated (Heat Stress),70,Extreme (Humid),6.1,15.9,ILO Labor Models (2019/2030); BMJ Global Health (2024),5000,34.65,0.44,0.0
multan,2023-07-03,Summer (May-Jul),39.67,0.01,0.28,0.42,2023,7,July,41.2,32.7,36.4,48.0,45.7,0.0,20.2,46.51,0.01,0.12,-0.11,Severe Deficit (Water Loss),,,,,,562.0,84.8,74.6,29.1,60.7,204.0,230.0,12.0,7.0,633.0,48.8,Ndma/Pdma Punjab,Agriculture & Brick Kilns,1782,5.45,89.1,5827.14,Mepco,4940,7,36.5,2.8,7.0,Elevated (Heat Stress),70,Extreme (Humid),6.1,15.9,ILO Labor Models (2019/2030); BMJ Global Health (2024),5000,34.65,0.44,0.0
multan,2023-07-04,Summer (May-Jul),40.2,0.2,0.24,0.41,2023,7,July,40.9,33.6,36.3,44.0,42.2,0.0,28.3,46.44,0.2,0.22,-0.02,Severe Deficit (Water Loss),,,,,,562.0,84.8,74.6,29.1,60.7,204.0,230.0,12.0,7.0,633.0,48.8,Ndma/Pdma Punjab,Agriculture & Brick Kilns,1782,5.45,89.1,5827.14,Mepco,4940,7,36.5,2.8,7.0,Elevated (Heat Stress),70,Extreme (Humid),6.1,15.9,ILO Labor Models (2019/2030); BMJ Global Health (2024),5000,34.65,0.44,0.0
multan,2023-07-05,Summer (May-Jul),37.86,0.51,0.24,0.41,2023,7,July,37.9,29.8,33.7,55.0,43.6,0.0,20.2,42.54,0.51,0.21,0.3,Surplus (Recharging),,,,,,562.0,84.8,74.6,29.1,60.7,204.0,230.0,12.0,7.0,633.0,48.8,Ndma/Pdma Punjab,Agriculture & Brick Kilns,1782,5.45,89.1,5827.14,Mepco,4940,7,36.5,2.8,7.0,Elevated (Heat Stress),70,Extreme (Humid),6.1,15.9,ILO Labor Models (2019/2030); BMJ Global Health (2024),5000,34.65,0.44,0.0
multan,2023-07-06,Summer (May-Jul),36.66,1.57,0.26,0.41,2023,7,July,36.4,27.6,31.1,68.0,41.8,13.3,23.1,40.22,1.57,0.11,1.46,Surplus (Recharging),,,,,,562.0,84.8,74.6,29.1,60.7,204.0,230.0,12.0,7.0,633.0,48.8,Ndma/Pdma Punjab,Agriculture & Brick Kilns,1782,5.45,89.1,5827.14,Mepco,4940,7,36.5,2.8,7.0,Elevated (Heat Stress),70,Extreme (Humid),6.1,15.9,ILO Labor Models (2019/2030); BMJ Global Health (2024),5000,34.65,0.44,0.0
multan,2023-07-07,Summer (May-Jul),34.18,2.13,0.29,0.42,2023,7,July,35.2,25.5,30.8,68.0,40.4,1.6,20.7,37.9,2.13,0.08,2.05,Surplus (Recharging),,,,,,562.0,84.8,74.6,29.1,60.7,204.0,230.0,12.0,7.0,633.0,48.8,Ndma/Pdma Punjab,Agriculture & Brick Kilns,1782,5.45,89.1,5827.14,Mepco,4940,7,36.5,2.8,7.0,Elevated (Heat Stress),70,Extreme (Humid),6.1,15.9,ILO Labor Models (2019/2030); BMJ Global Health (2024),5000,34.65,0.44,0.0
multan,2023-07-08,Summer (May-Jul),33.48,5.07,0.39,0.42,2023,7,July,34.2,25.4,30.5,71.0,39.2,1.1,27.4,37.37,5.07,0.04,5.03,Surplus (Recharging),,,,,,562.0,84.8,74.6,29.1,60.7,204.0,230.0,12.0,7.0,633.0,48.8,Ndma/Pdma Punjab,Agriculture & Brick Kilns,1782,5.45,89.1,5827.14,Mepco,4940,7,36.5,2.8,7.0,Elevated (Heat Stress),70,Extreme (Humid),6.1,15.9,ILO Labor Models (2019/2030); BMJ Global Health (2024),5000,34.65,0.44,0.0
multan,2023-07-09,Summer (May-Jul),34.15,0.48,0.38,0.42,2023,7,July,36.2,27.2,31.6,65.0,40.6,0.0,15.4,40.31,0.48,0.09,0.39,Surplus (Recharging),,,,,,562.0,84.8,74.6,29.1,60.7,204.0,230.0,12.0,7.0,633.0,48.8,Ndma/Pdma Punjab,Agriculture & Brick Kilns,1782,5.45,89.1,5827.14,Mepco,4940,7,36.5,2.8,7.0,Elevated (Heat Stress),70,Extreme (Humid),6.1,15.9,ILO Labor Models (2019/2030); BMJ Global Health (2024),5000,34.65,0.44,0.0
multan,2023-07-10,Summer (May-Jul),35.74,0.02,0.31,0.42,2023,7,July,37.1,27.9,32.5,59.0,41.3,0.0,12.3,41.95,0.02,0.12,-0.1,Severe Deficit (Water Loss),,,,,,562.0,84.8,74.6,29.1,60.7,204.0,230.0,12.0,7.0,633.0,48.8,Ndma/Pdma Punjab,Agriculture & Brick Kilns,1782,5.45,89.1,5827.14,Mepco,4940,7,36.5,2.8,7.0,Elevated (Heat Stress),70,Extreme (Humid),6.1,15.9,ILO Labor Models (2019/2030); BMJ Global Health (2024),5000,34.65,0.44,0.0
multan,2023-07-11,Summer (May-Jul),38.15,0.0,0.27,0.42,2023,7,July,39.5,29.5,34.6,54.0,45.7,0.0,14.8,44.6,0.0,0.14,-0.14,Severe Deficit (Water Loss),,,,,,562.0,84.8,74.6,29.1,60.7,204.0,230.0,12.0,7.0,633.0,48.8,Ndma/Pdma Punjab,Agriculture & Brick Kilns,1782,5.45,89.1,5827.14,Mepco,4940,7,36.5,2.8,7.0,Elevated (Heat Stress),70,Extreme (Humid),6.1,15.9,ILO Labor Models (2019/2030); BMJ Global Health (2024),5000,34.65,0.44,0.0
multan,2023-07-12,Summer (May-Jul),39.49,0.01,0.24,0.41,2023,7,July,41.2,30.8,35.9,46.0,46.0,0.0,17.3,45.74,0.01,0.13,-0.12,Severe Deficit (Water Loss),,,,,,562.0,84.8,74.6,29.1,60.7,204.0,230.0,12.0,7.0,633.0,48.8,Ndma/Pdma Punjab,Agriculture & Brick Kilns,1782,5.45,89.1,5827.14,Mepco,4940,7,36.5,2.8,7.0,Elevated (Heat Stress),70,Extreme (Humid),6.1,15.9,ILO Labor Models (2019/2030); BMJ Global Health (2024),5000,34.65,0.44,0.0
multan,2023-07-13,Summer (May-Jul),40.09,0.77,0.23,0.41,2023,7,July,39.2,30.5,34.5,50.0,44.2,0.1,19.2,45.48,0.77,0.14,0.63,Surplus (Recharging),,,,,,562.0,84.8,74.6,29.1,60.7,204.0,230.0,12.0,7.0,633.0,48.8,Ndma/Pdma Punjab,Agriculture & Brick Kilns,1782,5.45,89.1,5827.14,Mepco,4940,7,36.5,2.8,7.0,Elevated (Heat Stress),70,Extreme (Humid),6.1,15.9,ILO Labor Models (2019/2030); BMJ Global Health (2024),5000,34.65,0.44,0.0
multan,2023-07-14,Summer (May-Jul),38.4,0.14,0.22,0.41,2023,7,July,40.2,28.9,34.4,54.0,45.8,0.3,12.5,43.45,0.14,0.15,-0.01,Severe Deficit (Water Loss),,,,,,562.0,84.8,74.6,29.1,60.7,204.0,230.0,12.0,7.0,633.0,48.8,Ndma/Pdma Punjab,Agriculture & Brick Kilns,1782,5.45,89.1,5827.14,Mepco,4940,7,36.5,2.8,7.0,Elevated (Heat Stress),70,Extreme (Humid),6.1,15.9,ILO Labor Models (2019/2030); BMJ Global Health (2024),5000,34.65,0.44,0.0
multan,2023-07-15,Summer (May-Jul),39.57,0.25,0.21,0.41,2023,7,July,40.5,30.6,34.8,54.0,45.0,0.0,10.7,44.83,0.25,0.13,0.12,Surplus (Recharging),,,,,,562.0,84.8,74.6,29.1,60.7,204.0,230.0,12.0,7.0,633.0,48.8,Ndma/Pdma Punjab,Agriculture & Brick Kilns,1782,5.45,89.1,5827.14,Mepco,4940,7,36.5,2.8,7.0,Elevated (Heat Stress),70,Extreme (Humid),6.1,15.9,ILO Labor Models (2019/2030); BMJ Global Health (2024),5000,34.65,0.44,0.0
multan,2023-07-16,Summer (May-Jul),39.41,0.35,0.21,0.41,2023,7,July,39.3,30.5,34.6,56.0,44.9,0.0,13.7,43.86,0.35,0.12,0.23,Surplus (Recharging),,,,,,562.0,84.8,74.6,29.1,60.7,204.0,230.0,12.0,7.0,633.0,48.8,Ndma/Pdma Punjab,Agriculture & Brick Kilns,1782,5.45,89.1,5827.14,Mepco,4940,7,36.5,2.8,7.0,Elevated (Heat Stress),70,Extreme (Humid),6.1,15.9,ILO Labor Models (2019/2030); BMJ Global Health (2024),5000,34.65,0.44,0.0
multan,2023-07-17,Summer (May-Jul),39.6,0.96,0.23,0.41,2023,7,July,39.0,28.9,34.4,60.0,46.0,0.2,11.4,44.55,0.96,0.12,0.84,Surplus (Recharging),,,,,,562.0,84.8,74.6,29.1,60.7,204.0,230.0,12.0,7.0,633.0,48.8,Ndma/Pdma Punjab,Agriculture & Brick Kilns,1782,5.45,89.1,5827.14,Mepco,4940,7,36.5,2.8,7.0,Elevated (Heat Stress),70,Extreme (Humid),6.1,15.9,ILO Labor Models (2019/2030); BMJ Global Health (2024),5000,34.65,0.44,0.0
multan,2023-07-18,Summer (May-Jul),40.38,0.28,0.23,0.41,2023,7,July,40.3,30.9,35.7,55.0,46.1,0.0,14.3,45.94,0.28,0.1,0.18,Surplus (Recharging),,,,,,562.0,84.8,74.6,29.1,60.7,204.0,230.0,12.0,7.0,633.0,48.8,Ndma/Pdma Punjab,Agriculture & Brick Kilns,1782,5.45,89.1,5827.14,Mepco,4940,7,36.5,2.8,7.0,Elevated (Heat Stress),70,Extreme (Humid),6.1,15.9,ILO Labor Models (2019/2030); BMJ Global Health (2024),5000,34.65,0.44,0.0
multan,2023-07-19,Summer (May-Jul),39.76,1.0,0.22,0.41,2023,7,July,39.8,29.9,33.5,65.0,46.4,4.6,21.0,45.76,1.0,0.12,0.88,Surplus (Recharging),,,,,,562.0,84.8,74.6,29.1,60.7,204.0,230.0,12.0,7.0,633.0,48.8,Ndma/Pdma Punjab,Agriculture & Brick Kilns,1782,5.45,89.1,5827.14,Mepco,4940,7,36.5,2.8,7.0,Elevated (Heat Stress),70,Extreme (Humid),6.1,15.9,ILO Labor Models (2019/2030); BMJ Global Health (2024),5000,34.65,0.44,0.0
multan,2023-07-20,Summer (May-Jul),36.54,5.22,0.32,0.41,2023,7,July,35.8,28.1,31.9,73.0,41.6,0.8,14.0,41.05,5.22,0.06,5.16,Surplus (Recharging),,,,,,562.0,84.8,74.6,29.1,60.7,204.0,230.0,12.0,7.0,633.0,48.8,Ndma/Pdma Punjab,Agriculture & Brick Kilns,1782,5.45,89.1,5827.14,Mepco,4940,7,36.5,2.8,7.0,Elevated (Heat Stress),70,Extreme (Humid),6.1,15.9,ILO Labor Models (2019/2030); BMJ Global Health (2024),5000,34.65,0.44,0.0
multan,2023-07-21,Summer (May-Jul),31.83,3.86,0.44,0.42,2023,7,July,37.2,27.9,32.4,73.0,44.8,14.4,13.4,34.12,3.86,0.04,3.82,Surplus (Recharging),,,,,,562.0,84.8,74.6,29.1,60.7,204.0,230.0,12.0,7.0,633.0,48.8,Ndma/Pdma Punjab,Agriculture & Brick Kilns,1782,5.45,89.1,5827.14,Mepco,4940,7,36.5,2.8,7.0,Elevated (Heat Stress),70,Extreme (Humid),6.1,15.9,ILO Labor Models (2019/2030); BMJ Global Health (2024),5000,34.65,0.44,0.0
multan,2023-07-22,Summer (May-Jul),32.08,3.1,0.46,0.43,2023,7,July,36.0,27.1,31.0,79.0,43.0,26.9,12.3,35.11,3.1,0.04,3.06,Surplus (Recharging),,,,,,562.0,84.8,74.6,29.1,60.7,204.0,230.0,12.0,7.0,633.0,48.8,Ndma/Pdma Punjab,Agriculture & Brick Kilns,1782,5.45,89.1,5827.14,Mepco,4940,7,36.5,2.8,7.0,Elevated (Heat Stress),70,Extreme (Humid),6.1,15.9,ILO Labor Models (2019/2030); BMJ Global Health (2024),5000,34.65,0.44,0.0
multan,2023-07-23,Summer (May-Jul),31.46,2.57,0.45,0.43,2023,7,July,34.5,26.0,30.1,80.0,40.0,12.9,20.5,34.09,2.57,0.04,2.53,Surplus (Recharging),,,,,,562.0,84.8,74.6,29.1,60.7,204.0,230.0,12.0,7.0,633.0,48.8,Ndma/Pdma Punjab,Agriculture & Brick Kilns,1782,5.45,89.1,5827.14,Mepco,4940,7,36.5,2.8,7.0,Elevated (Heat Stress),70,Extreme (Humid),6.1,15.9,ILO Labor Models (2019/2030); BMJ Global Health (2024),5000,34.65,0.44,0.0
multan,2023-07-24,Summer (May-Jul),32.81,27.49,0.55,0.44,2023,7,July,34.3,27.7,29.9,81.0,40.3,11.1,13.7,38.44,27.49,0.06,27.43,Surplus (Recharging),,,,,,562.0,84.8,74.6,29.1,60.7,204.0,230.0,12.0,7.0,633.0,48.8,Ndma/Pdma Punjab,Agriculture & Brick Kilns,1782,5.45,89.1,5827.14,Mepco,4940,7,36.5,2.8,7.0,Elevated (Heat Stress),70,Extreme (Humid),6.1,15.9,ILO Labor Models (2019/2030); BMJ Global Health (2024),5000,34.65,0.44,0.0
multan,2023-07-25,Summer (May-Jul),31.12,18.22,0.61,0.49,2023,7,July,33.8,25.8,29.6,83.0,41.3,10.0,13.8,33.91,18.22,0.34,17.88,Surplus (Recharging),,,,,,562.0,84.8,74.6,29.1,60.7,204.0,230.0,12.0,7.0,633.0,48.8,Ndma/Pdma Punjab,Agriculture & Brick Kilns,1782,5.45,89.1,5827.14,Mepco,4940,7,36.5,2.8,7.0,Elevated (Heat Stress),70,Extreme (Humid),6.1,15.9,ILO Labor Models (2019/2030); BMJ Global Health (2024),5000,34.65,0.44,0.0
multan,2023-07-26,Summer (May-Jul),30.64,4.85,0.54,0.5,2023,7,July,33.2,26.8,29.5,84.0,40.2,3.8,11.5,33.29,4.85,0.37,4.48,Surplus (Recharging),,,,,,562.0,84.8,74.6,29.1,60.7,204.0,230.0,12.0,7.0,633.0,48.8,Ndma/Pdma Punjab,Agriculture & Brick Kilns,1782,5.45,89.1,5827.14,Mepco,4940,7,36.5,2.8,7.0,Elevated (Heat Stress),70,Extreme (Humid),6.1,15.9,ILO Labor Models (2019/2030); BMJ Global Health (2024),5000,34.65,0.44,0.0
multan,2023-07-27,Summer (May-Jul),32.74,0.44,0.48,0.5,2023,7,July,33.5,26.9,29.9,83.0,41.9,9.3,12.0,37.38,0.44,1.06,-0.62,Severe Deficit (Water Loss),,,,,,562.0,84.8,74.6,29.1,60.7,204.0,230.0,12.0,7.0,633.0,48.8,Ndma/Pdma Punjab,Agriculture & Brick Kilns,1782,5.45,89.1,5827.14,Mepco,4940,7,36.5,2.8,7.0,Elevated (Heat Stress),70,Extreme (Humid),6.1,15.9,ILO Labor Models (2019/2030); BMJ Global Health (2024),5000,34.65,0.44,0.0
multan,2023-07-28,Summer (May-Jul),33.77,0.37,0.46,0.49,2023,7,July,34.5,26.9,30.9,76.0,41.8,0.4,12.5,39.31,0.37,1.23,-0.86,Severe Deficit (Water Loss),,,,,,562.0,84.8,74.6,29.1,60.7,204.0,230.0,12.0,7.0,633.0,48.8,Ndma/Pdma Punjab,Agriculture & Brick Kilns,1782,5.45,89.1,5827.14,Mepco,4940,7,36.5,2.8,7.0,Elevated (Heat Stress),70,Extreme (Humid),6.1,15.9,ILO Labor Models (2019/2030); BMJ Global Health (2024),5000,34.65,0.44,0.0
multan,2023-07-29,Summer (May-Jul),33.69,4.6,0.48,0.49,2023,7,July,33.2,25.5,29.5,84.0,41.0,27.4,15.3,38.63,4.6,0.88,3.72,Surplus (Recharging),,,,,,562.0,84.8,74.6,29.1,60.7,204.0,230.0,12.0,7.0,633.0,48.8,Ndma/Pdma Punjab,Agriculture & Brick Kilns,1782,5.45,89.1,5827.14,Mepco,4940,7,36.5,2.8,7.0,Elevated (Heat Stress),70,Extreme (Humid),6.1,15.9,ILO Labor Models (2019/2030); BMJ Global Health (2024),5000,34.65,0.44,0.0
multan,2023-07-30,Summer (May-Jul),33.37,5.77,0.5,0.49,2023,7,July,34.2,25.0,29.6,79.0,41.5,0.0,8.7,38.04,5.77,0.88,4.89,Surplus (Recharging),,,,,,562.0,84.8,74.6,29.1,60.7,204.0,230.0,12.0,7.0,633.0,48.8,Ndma/Pdma Punjab,Agriculture & Brick Kilns,1782,5.45,89.1,5827.14,Mepco,4940,7,36.5,2.8,7.0,Elevated (Heat Stress),70,Extreme (Humid),6.1,15.9,ILO Labor Models (2019/2030); BMJ Global Health (2024),5000,34.65,0.44,0.0
multan,2023-07-31,Summer (May-Jul),34.58,0.07,0.45,0.48,2023,7,July,35.5,27.9,31.1,76.0,42.9,2.7,18.6,40.91,0.07,1.14,-1.07,Severe Deficit (Water Loss),,,,,,562.0,84.8,74.6,29.1,60.7,204.0,230.0,12.0,7.0,633.0,48.8,Ndma/Pdma Punjab,Agriculture & Brick Kilns,1782,5.45,89.1,5827.14,Mepco,4940,7,36.5,2.8,7.0,Elevated (Heat Stress),70,Extreme (Humid),6.1,15.9,ILO Labor Models (2019/2030); BMJ Global Health (2024),5000,34.65,0.44,0.0
multan,2023-12-01,Winter (Dec-Jan),19.01,0.0,0.19,0.4,2023,12,,,,,,,,,,,,,,,,,,,,,,,,,,,,,,,Agriculture & Brick Kilns,0,0.0,0.0,0.0,Mepco,855,1,20.5,0.0,0.0,Baseline,65,Safe,0.0,0.0,ILO Labor Models (2019/2030); BMJ Global Health (2024),5000,34.65,0.44,0.0
multan,2023-12-02,Winter (Dec-Jan),19.29,0.0,0.19,0.4,2023,12,,,,,,,,,,,,,,,,,,,,,,,,,,,,,,,Agriculture & Brick Kilns,0,0.0,0.0,0.0,Mepco,855,1,20.5,0.0,0.0,Baseline,65,Safe,0.0,0.0,ILO Labor Models (2019/2030); BMJ Global Health (2024),5000,34.65,0.44,0.0
multan,2023-12-03,Winter (Dec-Jan),19.28,0.0,0.19,0.4,2023,12,,,,,,,,,,,,,,,,,,,,,,,,,,,,,,,Agriculture & Brick Kilns,0,0.0,0.0,0.0,Mepco,855,1,20.5,0.0,0.0,Baseline,65,Safe,0.0,0.0,ILO Labor Models (2019/2030); BMJ Global Health (2024),5000,34.65,0.44,0.0
multan,2023-12-04,Winter (Dec-Jan),19.48,0.0,0.19,0.4,2023,12,,,,,,,,,,,,,,,,,,,,,,,,,,,,,,,Agriculture & Brick Kilns,0,0.0,0.0,0.0,Mepco,855,1,20.5,0.0,0.0,Baseline,65,Safe,0.0,0.0,ILO Labor Models (2019/2030); BMJ Global Health (2024),5000,34.65,0.44,0.0
multan,2023-12-05,Winter (Dec-Jan),19.69,0.0,0.18,0.4,2023,12,,,,,,,,,,,,,,,,,,,,,,,,,,,,,,,Agriculture & Brick Kilns,0,0.0,0.0,0.0,Mepco,855,1,20.5,0.0,0.0,Baseline,65,Safe,0.0,0.0,ILO Labor Models (2019/2030); BMJ Global Health (2024),5000,34.65,0.44,0.0
multan,2023-12-06,Winter (Dec-Jan),19.4,0.0,0.18,0.4,2023,12,,,,,,,,,,,,,,,,,,,,,,,,,,,,,,,Agriculture & Brick Kilns,0,0.0,0.0,0.0,Mepco,855,1,20.5,0.0,0.0,Baseline,65,Safe,0.0,0.0,ILO Labor Models (2019/2030); BMJ Global Health (2024),5000,34.65,0.44,0.0
multan,2023-12-07,Winter (Dec-Jan),18.22,0.0,0.18,0.4,2023,12,,,,,,,,,,,,,,,,,,,,,,,,,,,,,,,Agriculture & Brick Kilns,0,0.0,0.0,0.0,Mepco,855,1,20.5,0.0,0.0,Baseline,65,Safe,0.0,0.0,ILO Labor Models (2019/2030); BMJ Global Health (2024),5000,34.65,0.44,0.0
multan,2023-12-08,Winter (Dec-Jan),17.51,0.0,0.18,0.4,2023,12,,,,,,,,,,,,,,,,,,,,,,,,,,,,,,,Agriculture & Brick Kilns,0,0.0,0.0,0.0,Mepco,855,1,20.5,0.0,0.0,Baseline,65,Safe,0.0,0.0,ILO Labor Models (2019/2030); BMJ Global Health (2024),5000,34.65,0.44,0.0
multan,2023-12-09,Winter (Dec-Jan),16.96,0.0,0.17,0.4,2023,12,,,,,,,,,,,,,,,,,,,,,,,,,,,,,,,Agriculture & Brick Kilns,0,0.0,0.0,0.0,Mepco,855,1,20.5,0.0,0.0,Baseline,65,Safe,0.0,0.0,ILO Labor Models (2019/2030); BMJ Global Health (2024),5000,34.65,0.44,0.0
multan,2023-12-10,Winter (Dec-Jan),17.09,0.0,0.17,0.4,2023,12,,,,,,,,,,,,,,,,,,,,,,,,,,,,,,,Agriculture & Brick Kilns,0,0.0,0.0,0.0,Mepco,855,1,20.5,0.0,0.0,Baseline,65,Safe,0.0,0.0,ILO Labor Models (2019/2030); BMJ Global Health (2024),5000,34.65,0.44,0.0
multan,2023-12-11,Winter (Dec-Jan),16.01,0.0,0.17,0.4,2023,12,,,,,,,,,,,,,,,,,,,,,,,,,,,,,,,Agriculture & Brick Kilns,0,0.0,0.0,0.0,Mepco,855,1,20.5,0.0,0.0,Baseline,65,Safe,0.0,0.0,ILO Labor Models (2019/2030); BMJ Global Health (2024),5000,34.65,0.44,0.0
multan,2023-12-12,Winter (Dec-Jan),14.03,0.0,0.17,0.4,2023,12,,,,,,,,,,,,,,,,,,,,,,,,,,,,,,,Agriculture & Brick Kilns,0,0.0,0.0,0.0,Mepco,855,1,20.5,0.0,0.0,Baseline,65,Safe,0.0,0.0,ILO Labor Models (2019/2030); BMJ Global Health (2024),5000,34.65,0.44,0.0
multan,2023-12-13,Winter (Dec-Jan),15.36,0.0,0.17,0.4,2023,12,,,,,,,,,,,,,,,,,,,,,,,,,,,,,,,Agriculture & Brick Kilns,0,0.0,0.0,0.0,Mepco,855,1,20.5,0.0,0.0,Baseline,65,Safe,0.0,0.0,ILO Labor Models (2019/2030); BMJ Global Health (2024),5000,34.65,0.44,0.0
multan,2023-12-14,Winter (Dec-Jan),16.13,0.0,0.17,0.4,2023,12,,,,,,,,,,,,,,,,,,,,,,,,,,,,,,,Agriculture & Brick Kilns,0,0.0,0.0,0.0,Mepco,855,1,20.5,0.0,0.0,Baseline,65,Safe,0.0,0.0,ILO Labor Models (2019/2030); BMJ Global Health (2024),5000,34.65,0.44,0.0
multan,2023-12-15,Winter (Dec-Jan),16.73,0.0,0.17,0.4,2023,12,,,,,,,,,,,,,,,,,,,,,,,,,,,,,,,Agriculture & Brick Kilns,0,0.0,0.0,0.0,Mepco,855,1,20.5,0.0,0.0,Baseline,65,Safe,0.0,0.0,ILO Labor Models (2019/2030); BMJ Global Health (2024),5000,34.65,0.44,0.0
multan,2023-12-16,Winter (Dec-Jan),15.54,0.0,0.17,0.4,2023,12,,,,,,,,,,,,,,,,,,,,,,,,,,,,,,,Agriculture & Brick Kilns,0,0.0,0.0,0.0,Mepco,855,1,20.5,0.0,0.0,Baseline,65,Safe,0.0,0.0,ILO Labor Models (2019/2030); BMJ Global Health (2024),5000,34.65,0.44,0.0
multan,2023-12-17,Winter (Dec-Jan),14.59,0.0,0.17,0.4,2023,12,,,,,,,,,,,,,,,,,,,,,,,,,,,,,,,Agriculture & Brick Kilns,0,0.0,0.0,0.0,Mepco,855,1,20.5,0.0,0.0,Baseline,65,Safe,0.0,0.0,ILO Labor Models (2019/2030); BMJ Global Health (2024),5000,34.65,0.44,0.0
multan,2023-12-18,Winter (Dec-Jan),16.03,0.0,0.17,0.4,2023,12,,,,,,,,,,,,,,,,,,,,,,,,,,,,,,,Agriculture & Brick Kilns,0,0.0,0.0,0.0,Mepco,855,1,20.5,0.0,0.0,Baseline,65,Safe,0.0,0.0,ILO Labor Models (2019/2030); BMJ Global Health (2024),5000,34.65,0.44,0.0
multan,2023-12-19,Winter (Dec-Jan),15.78,0.0,0.16,0.4,2023,12,,,,,,,,,,,,,,,,,,,,,,,,,,,,,,,Agriculture & Brick Kilns,0,0.0,0.0,0.0,Mepco,855,1,20.5,0.0,0.0,Baseline,65,Safe,0.0,0.0,ILO Labor Models (2019/2030); BMJ Global Health (2024),5000,34.65,0.44,0.0
multan,2023-12-20,Winter (Dec-Jan),16.79,0.0,0.16,0.4,2023,12,,,,,,,,,,,,,,,,,,,,,,,,,,,,,,,Agriculture & Brick Kilns,0,0.0,0.0,0.0,Mepco,855,1,20.5,0.0,0.0,Baseline,65,Safe,0.0,0.0,ILO Labor Models (2019/2030); BMJ Global Health (2024),5000,34.65,0.44,0.0
multan,2023-12-21,Winter (Dec-Jan),18.14,0.0,0.16,0.4,2023,12,,,,,,,,,,,,,,,,,,,,,,,,,,,,,,,Agriculture & Brick Kilns,0,0.0,0.0,0.0,Mepco,855,1,20.5,0.0,0.0,Baseline,65,Safe,0.0,0.0,ILO Labor Models (2019/2030); BMJ Global Health (2024),5000,34.65,0.44,0.0
multan,2023-12-22,Winter (Dec-Jan),17.33,0.0,0.16,0.4,2023,12,,,,,,,,,,,,,,,,,,,,,,,,,,,,,,,Agriculture & Brick Kilns,0,0.0,0.0,0.0,Mepco,855,1,20.5,0.0,0.0,Baseline,65,Safe,0.0,0.0,ILO Labor Models (2019/2030); BMJ Global Health (2024),5000,34.65,0.44,0.0
multan,2023-12-23,Winter (Dec-Jan),16.47,0.0,0.16,0.4,2023,12,,,,,,,,,,,,,,,,,,,,,,,,,,,,,,,Agriculture & Brick Kilns,0,0.0,0.0,0.0,Mepco,855,1,20.5,0.0,0.0,Baseline,65,Safe,0.0,0.0,ILO Labor Models (2019/2030); BMJ Global Health (2024),5000,34.65,0.44,0.0
multan,2023-12-24,Winter (Dec-Jan),15.85,0.0,0.16,0.4,2023,12,,,,,,,,,,,,,,,,,,,,,,,,,,,,,,,Agriculture & Brick Kilns,0,0.0,0.0,0.0,Mepco,855,1,20.5,0.0,0.0,Baseline,65,Safe,0.0,0.0,ILO Labor Models (2019/2030); BMJ Global Health (2024),5000,34.65,0.44,0.0
multan,2023-12-25,Winter (Dec-Jan),17.48,0.0,0.16,0.4,2023,12,,,,,,,,,,,,,,,,,,,,,,,,,,,,,,,Agriculture & Brick Kilns,0,0.0,0.0,0.0,Mepco,855,1,20.5,0.0,0.0,Baseline,65,Safe,0.0,0.0,ILO Labor Models (2019/2030); BMJ Global Health (2024),5000,34.65,0.44,0.0
multan,2023-12-26,Winter (Dec-Jan),17.2,0.0,0.15,0.4,2023,12,,,,,,,,,,,,,,,,,,,,,,,,,,,,,,,Agriculture & Brick Kilns,0,0.0,0.0,0.0,Mepco,855,1,20.5,0.0,0.0,Baseline,65,Safe,0.0,0.0,ILO Labor Models (2019/2030); BMJ Global Health (2024),5000,34.65,0.44,0.0
multan,2023-12-27,Winter (Dec-Jan),16.94,0.0,0.15,0.4,2023,12,,,,,,,,,,,,,,,,,,,,,,,,,,,,,,,Agriculture & Brick Kilns,0,0.0,0.0,0.0,Mepco,855,1,20.5,0.0,0.0,Baseline,65,Safe,0.0,0.0,ILO Labor Models (2019/2030); BMJ Global Health (2024),5000,34.65,0.44,0.0
multan,2023-12-28,Winter (Dec-Jan),16.86,0.0,0.15,0.4,2023,12,,,,,,,,,,,,,,,,,,,,,,,,,,,,,,,Agriculture & Brick Kilns,0,0.0,0.0,0.0,Mepco,855,1,20.5,0.0,0.0,Baseline,65,Safe,0.0,0.0,ILO Labor Models (2019/2030); BMJ Global Health (2024),5000,34.65,0.44,0.0
multan,2023-12-29,Winter (Dec-Jan),15.65,0.0,0.15,0.4,2023,12,,,,,,,,,,,,,,,,,,,,,,,,,,,,,,,Agriculture & Brick Kilns,0,0.0,0.0,0.0,Mepco,855,1,20.5,0.0,0.0,Baseline,65,Safe,0.0,0.0,ILO Labor Models (2019/2030); BMJ Global Health (2024),5000,34.65,0.44,0.0
multan,2023-12-30,Winter (Dec-Jan),15.1,0.0,0.15,0.4,2023,12,,,,,,,,,,,,,,,,,,,,,,,,,,,,,,,Agriculture & Brick Kilns,0,0.0,0.0,0.0,Mepco,855,1,20.5,0.0,0.0,Baseline,65,Safe,0.0,0.0,ILO Labor Models (2019/2030); BMJ Global Health (2024),5000,34.65,0.44,0.0
multan,2023-12-31,Winter (Dec-Jan),15.93,0.0,0.15,0.4,2023,12,,,,,,,,,,,,,,,,,,,,,,,,,,,,,,,Agriculture & Brick Kilns,0,0.0,0.0,0.0,Mepco,855,1,20.5,0.0,0.0,Baseline,65,Safe,0.0,0.0,ILO Labor Models (2019/2030); BMJ Global Health (2024),5000,34.65,0.44,0.0
multan,2024-01-01,Winter (Dec-Jan),15.07,0.0,0.15,0.4,2024,1,,,,,,,,,,,,,,,,,,,,,,,,,,,,,,,Agriculture & Brick Kilns,0,0.0,0.0,0.0,Mepco,880,1,19.5,0.0,0.0,Baseline,65,Safe,0.0,0.0,ILO Labor Models (2019/2030); BMJ Global Health (2024),6000,38.0,0.42,0.0
multan,2024-01-02,Winter (Dec-Jan),14.11,0.0,0.15,0.4,2024,1,,,,,,,,,,,,,,,,,,,,,,,,,,,,,,,Agriculture & Brick Kilns,0,0.0,0.0,0.0,Mepco,880,1,19.5,0.0,0.0,Baseline,65,Safe,0.0,0.0,ILO Labor Models (2019/2030); BMJ Global Health (2024),6000,38.0,0.42,0.0
multan,2024-01-03,Winter (Dec-Jan),13.98,0.0,0.15,0.4,2024,1,,,,,,,,,,,,,,,,,,,,,,,,,,,,,,,Agriculture & Brick Kilns,0,0.0,0.0,0.0,Mepco,880,1,19.5,0.0,0.0,Baseline,65,Safe,0.0,0.0,ILO Labor Models (2019/2030); BMJ Global Health (2024),6000,38.0,0.42,0.0
multan,2024-01-04,Winter (Dec-Jan),14.67,0.0,0.15,0.4,2024,1,,,,,,,,,,,,,,,,,,,,,,,,,,,,,,,Agriculture & Brick Kilns,0,0.0,0.0,0.0,Mepco,880,1,19.5,0.0,0.0,Baseline,65,Safe,0.0,0.0,ILO Labor Models (2019/2030); BMJ Global Health (2024),6000,38.0,0.42,0.0
multan,2024-01-05,Winter (Dec-Jan),13.88,0.0,0.15,0.4,2024,1,,,,,,,,,,,,,,,,,,,,,,,,,,,,,,,Agriculture & Brick Kilns,0,0.0,0.0,0.0,Mepco,880,1,19.5,0.0,0.0,Baseline,65,Safe,0.0,0.0,ILO Labor Models (2019/2030); BMJ Global Health (2024),6000,38.0,0.42,0.0
multan,2024-01-06,Winter (Dec-Jan),14.03,0.0,0.15,0.4,2024,1,,,,,,,,,,,,,,,,,,,,,,,,,,,,,,,Agriculture & Brick Kilns,0,0.0,0.0,0.0,Mepco,880,1,19.5,0.0,0.0,Baseline,65,Safe,0.0,0.0,ILO Labor Models (2019/2030); BMJ Global Health (2024),6000,38.0,0.42,0.0
multan,2024-01-07,Winter (Dec-Jan),13.72,0.0,0.15,0.4,2024,1,,,,,,,,,,,,,,,,,,,,,,,,,,,,,,,Agriculture & Brick Kilns,0,0.0,0.0,0.0,Mepco,880,1,19.5,0.0,0.0,Baseline,65,Safe,0.0,0.0,ILO Labor Models (2019/2030); BMJ Global Health (2024),6000,38.0,0.42,0.0
multan,2024-01-08,Winter (Dec-Jan),13.07,0.32,0.15,0.4,2024,1,,,,,,,,,,,,,,,,,,,,,,,,,,,,,,,Agriculture & Brick Kilns,0,0.0,0.0,0.0,Mepco,880,1,19.5,0.0,0.0,Baseline,65,Safe,0.0,0.0,ILO Labor Models (2019/2030); BMJ Global Health (2024),6000,38.0,0.42,0.0
multan,2024-01-09,Winter (Dec-Jan),12.73,0.02,0.16,0.4,2024,1,,,,,,,,,,,,,,,,,,,,,,,,,,,,,,,Agriculture & Brick Kilns,0,0.0,0.0,0.0,Mepco,880,1,19.5,0.0,0.0,Baseline,65,Safe,0.0,0.0,ILO Labor Models (2019/2030); BMJ Global Health (2024),6000,38.0,0.42,0.0
multan,2024-01-10,Winter (Dec-Jan),14.16,0.0,0.16,0.4,2024,1,,,,,,,,,,,,,,,,,,,,,,,,,,,,,,,Agriculture & Brick Kilns,0,0.0,0.0,0.0,Mepco,880,1,19.5,0.0,0.0,Baseline,65,Safe,0.0,0.0,ILO Labor Models (2019/2030); BMJ Global Health (2024),6000,38.0,0.42,0.0
multan,2024-01-11,Winter (Dec-Jan),13.94,0.0,0.16,0.4,2024,1,,,,,,,,,,,,,,,,,,,,,,,,,,,,,,,Agriculture & Brick Kilns,0,0.0,0.0,0.0,Mepco,880,1,19.5,0.0,0.0,Baseline,65,Safe,0.0,0.0,ILO Labor Models (2019/2030); BMJ Global Health (2024),6000,38.0,0.42,0.0
multan,2024-01-12,Winter (Dec-Jan),14.44,0.0,0.16,0.4,2024,1,,,,,,,,,,,,,,,,,,,,,,,,,,,,,,,Agriculture & Brick Kilns,0,0.0,0.0,0.0,Mepco,880,1,19.5,0.0,0.0,Baseline,65,Safe,0.0,0.0,ILO Labor Models (2019/2030); BMJ Global Health (2024),6000,38.0,0.42,0.0
multan,2024-01-13,Winter (Dec-Jan),16.21,0.0,0.16,0.4,2024,1,,,,,,,,,,,,,,,,,,,,,,,,,,,,,,,Agriculture & Brick Kilns,0,0.0,0.0,0.0,Mepco,880,1,19.5,0.0,0.0,Baseline,65,Safe,0.0,0.0,ILO Labor Models (2019/2030); BMJ Global Health (2024),6000,38.0,0.42,0.0
multan,2024-01-14,Winter (Dec-Jan),14.85,0.0,0.16,0.4,2024,1,,,,,,,,,,,,,,,,,,,,,,,,,,,,,,,Agriculture & Brick Kilns,0,0.0,0.0,0.0,Mepco,880,1,19.5,0.0,0.0,Baseline,65,Safe,0.0,0.0,ILO Labor Models (2019/2030); BMJ Global Health (2024),6000,38.0,0.42,0.0
multan,2024-01-15,Winter (Dec-Jan),14.71,0.0,0.15,0.4,2024,1,,,,,,,,,,,,,,,,,,,,,,,,,,,,,,,Agriculture & Brick Kilns,0,0.0,0.0,0.0,Mepco,880,1,19.5,0.0,0.0,Baseline,65,Safe,0.0,0.0,ILO Labor Models (2019/2030); BMJ Global Health (2024),6000,38.0,0.42,0.0
multan,2024-01-16,Winter (Dec-Jan),15.46,0.0,0.15,0.4,2024,1,,,,,,,,,,,,,,,,,,,,,,,,,,,,,,,Agriculture & Brick Kilns,0,0.0,0.0,0.0,Mepco,880,1,19.5,0.0,0.0,Baseline,65,Safe,0.0,0.0,ILO Labor Models (2019/2030); BMJ Global Health (2024),6000,38.0,0.42,0.0
multan,2024-01-17,Winter (Dec-Jan),14.96,0.0,0.15,0.4,2024,1,,,,,,,,,,,,,,,,,,,,,,,,,,,,,,,Agriculture & Brick Kilns,0,0.0,0.0,0.0,Mepco,880,1,19.5,0.0,0.0,Baseline,65,Safe,0.0,0.0,ILO Labor Models (2019/2030); BMJ Global Health (2024),6000,38.0,0.42,0.0
multan,2024-01-18,Winter (Dec-Jan),14.22,0.0,0.15,0.4,2024,1,,,,,,,,,,,,,,,,,,,,,,,,,,,,,,,Agriculture & Brick Kilns,0,0.0,0.0,0.0,Mepco,880,1,19.5,0.0,0.0,Baseline,65,Safe,0.0,0.0,ILO Labor Models (2019/2030); BMJ Global Health (2024),6000,38.0,0.42,0.0
multan,2024-01-19,Winter (Dec-Jan),14.85,0.0,0.15,0.4,2024,1,,,,,,,,,,,,,,,,,,,,,,,,,,,,,,,Agriculture & Brick Kilns,0,0.0,0.0,0.0,Mepco,880,1,19.5,0.0,0.0,Baseline,65,Safe,0.0,0.0,ILO Labor Models (2019/2030); BMJ Global Health (2024),6000,38.0,0.42,0.0
multan,2024-01-20,Winter (Dec-Jan),14.43,0.0,0.15,0.4,2024,1,,,,,,,,,,,,,,,,,,,,,,,,,,,,,,,Agriculture & Brick Kilns,0,0.0,0.0,0.0,Mepco,880,1,19.5,0.0,0.0,Baseline,65,Safe,0.0,0.0,ILO Labor Models (2019/2030); BMJ Global Health (2024),6000,38.0,0.42,0.0
multan,2024-01-21,Winter (Dec-Jan),14.53,0.0,0.15,0.4,2024,1,,,,,,,,,,,,,,,,,,,,,,,,,,,,,,,Agriculture & Brick Kilns,0,0.0,0.0,0.0,Mepco,880,1,19.5,0.0,0.0,Baseline,65,Safe,0.0,0.0,ILO Labor Models (2019/2030); BMJ Global Health (2024),6000,38.0,0.42,0.0
multan,2024-01-22,Winter (Dec-Jan),14.92,0.0,0.15,0.4,2024,1,,,,,,,,,,,,,,,,,,,,,,,,,,,,,,,Agriculture & Brick Kilns,0,0.0,0.0,0.0,Mepco,880,1,19.5,0.0,0.0,Baseline,65,Safe,0.0,0.0,ILO Labor Models (2019/2030); BMJ Global Health (2024),6000,38.0,0.42,0.0
multan,2024-01-23,Winter (Dec-Jan),13.48,0.0,0.15,0.4,2024,1,,,,,,,,,,,,,,,,,,,,,,,,,,,,,,,Agriculture & Brick Kilns,0,0.0,0.0,0.0,Mepco,880,1,19.5,0.0,0.0,Baseline,65,Safe,0.0,0.0,ILO Labor Models (2019/2030); BMJ Global Health (2024),6000,38.0,0.42,0.0
multan,2024-01-24,Winter (Dec-Jan),12.64,0.0,0.15,0.4,2024,1,,,,,,,,,,,,,,,,,,,,,,,,,,,,,,,Agriculture & Brick Kilns,0,0.0,0.0,0.0,Mepco,880,1,19.5,0.0,0.0,Baseline,65,Safe,0.0,0.0,ILO Labor Models (2019/2030); BMJ Global Health (2024),6000,38.0,0.42,0.0
multan,2024-01-25,Winter (Dec-Jan),12.4,0.0,0.15,0.4,2024,1,,,,,,,,,,,,,,,,,,,,,,,,,,,,,,,Agriculture & Brick Kilns,0,0.0,0.0,0.0,Mepco,880,1,19.5,0.0,0.0,Baseline,65,Safe,0.0,0.0,ILO Labor Models (2019/2030); BMJ Global Health (2024),6000,38.0,0.42,0.0
multan,2024-01-26,Winter (Dec-Jan),13.52,0.0,0.15,0.4,2024,1,,,,,,,,,,,,,,,,,,,,,,,,,,,,,,,Agriculture & Brick Kilns,0,0.0,0.0,0.0,Mepco,880,1,19.5,0.0,0.0,Baseline,65,Safe,0.0,0.0,ILO Labor Models (2019/2030); BMJ Global Health (2024),6000,38.0,0.42,0.0
multan,2024-01-27,Winter (Dec-Jan),16.36,0.0,0.15,0.4,2024,1,,,,,,,,,,,,,,,,,,,,,,,,,,,,,,,Agriculture & Brick Kilns,0,0.0,0.0,0.0,Mepco,880,1,19.5,0.0,0.0,Baseline,65,Safe,0.0,0.0,ILO Labor Models (2019/2030); BMJ Global Health (2024),6000,38.0,0.42,0.0
multan,2024-01-28,Winter (Dec-Jan),17.17,0.0,0.14,0.4,2024,1,,,,,,,,,,,,,,,,,,,,,,,,,,,,,,,Agriculture & Brick Kilns,0,0.0,0.0,0.0,Mepco,880,1,19.5,0.0,0.0,Baseline,65,Safe,0.0,0.0,ILO Labor Models (2019/2030); BMJ Global Health (2024),6000,38.0,0.42,0.0
multan,2024-01-29,Winter (Dec-Jan),17.53,0.0,0.14,0.4,2024,1,,,,,,,,,,,,,,,,,,,,,,,,,,,,,,,Agriculture & Brick Kilns,0,0.0,0.0,0.0,Mepco,880,1,19.5,0.0,0.0,Baseline,65,Safe,0.0,0.0,ILO Labor Models (2019/2030); BMJ Global Health (2024),6000,38.0,0.42,0.0
multan,2024-01-30,Winter (Dec-Jan),17.38,0.13,0.14,0.4,2024,1,,,,,,,,,,,,,,,,,,,,,,,,,,,,,,,Agriculture & Brick Kilns,0,0.0,0.0,0.0,Mepco,880,1,19.5,0.0,0.0,Baseline,65,Safe,0.0,0.0,ILO Labor Models (2019/2030); BMJ Global Health (2024),6000,38.0,0.42,0.0
multan,2024-01-31,Winter (Dec-Jan),17.95,0.0,0.15,0.4,2024,1,,,,,,,,,,,,,,,,,,,,,,,,,,,,,,,Agriculture & Brick Kilns,0,0.0,0.0,0.0,Mepco,880,1,19.5,0.0,0.0,Baseline,65,Safe,0.0,0.0,ILO Labor Models (2019/2030); BMJ Global Health (2024),6000,38.0,0.42,0.0
multan,2024-05-01,Summer (May-Jul),25.9,0.0,0.27,0.41,2024,5,,,,,,,,,34.38,0.0,0.05,-0.05,Severe Deficit (Water Loss),,,,,,,,,,,,,,,,,,Agriculture & Brick Kilns,1944,5.94,97.2,6928.42,Mepco,4950,7,39.0,3.62,9.1,Critical (High Er Visits),30,Extreme,5.2,13.5,ILO Labor Models (2019/2030); BMJ Global Health (2024),6000,38.0,0.42,0.0
multan,2024-05-02,Summer (May-Jul),29.6,0.0,0.25,0.41,2024,5,,,,,,,,,39.84,0.0,0.06,-0.06,Severe Deficit (Water Loss),,,,,,,,,,,,,,,,,,Agriculture & Brick Kilns,1944,5.94,97.2,6928.42,Mepco,4950,7,39.0,3.62,9.1,Critical (High Er Visits),30,Extreme,5.2,13.5,ILO Labor Models (2019/2030); BMJ Global Health (2024),6000,38.0,0.42,0.0
multan,2024-05-03,Summer (May-Jul),28.99,0.05,0.24,0.41,2024,5,,,,,,,,,35.55,0.05,0.06,-0.01,Severe Deficit (Water Loss),,,,,,,,,,,,,,,,,,Agriculture & Brick Kilns,1944,5.94,97.2,6928.42,Mepco,4950,7,39.0,3.62,9.1,Critical (High Er Visits),30,Extreme,5.2,13.5,ILO Labor Models (2019/2030); BMJ Global Health (2024),6000,38.0,0.42,0.0
multan,2024-05-04,Summer (May-Jul),31.07,0.01,0.23,0.41,2024,5,,,,,,,,,39.41,0.01,0.09,-0.08,Severe Deficit (Water Loss),,,,,,,,,,,,,,,,,,Agriculture & Brick Kilns,1944,5.94,97.2,6928.42,Mepco,4950,7,39.0,3.62,9.1,Critical (High Er Visits),30,Extreme,5.2,13.5,ILO Labor Models (2019/2030); BMJ Global Health (2024),6000,38.0,0.42,0.0
multan,2024-05-05,Summer (May-Jul),32.36,0.0,0.22,0.41,2024,5,,,,,,,,,40.59,0.0,0.08,-0.08,Severe Deficit (Water Loss),,,,,,,,,,,,,,,,,,Agriculture & Brick Kilns,1944,5.94,97.2,6928.42,Mepco,4950,7,39.0,3.62,9.1,Critical (High Er Visits),30,Extreme,5.2,13.5,ILO Labor Models (2019/2030); BMJ Global Health (2024),6000,38.0,0.42,0.0
multan,2024-05-06,Summer (May-Jul),34.42,0.0,0.2,0.41,2024,5,,,,,,,,,43.36,0.0,0.08,-0.08,Severe Deficit (Water Loss),,,,,,,,,,,,,,,,,,Agriculture & Brick Kilns,1944,5.94,97.2,6928.42,Mepco,4950,7,39.0,3.62,9.1,Critical (High Er Visits),30,Extreme,5.2,13.5,ILO Labor Models (2019/2030); BMJ Global Health (2024),6000,38.0,0.42,0.0
multan,2024-05-07,Summer (May-Jul),35.87,0.0,0.19,0.41,2024,5,,,,,,,,,45.4,0.0,0.06,-0.06,Severe Deficit (Water Loss),,,,,,,,,,,,,,,,,,Agriculture & Brick Kilns,1944,5.94,97.2,6928.42,Mepco,4950,7,39.0,3.62,9.1,Critical (High Er Visits),30,Extreme,5.2,13.5,ILO Labor Models (2019/2030); BMJ Global Health (2024),6000,38.0,0.42,0.0
multan,2024-05-08,Summer (May-Jul),37.4,0.0,0.18,0.4,2024,5,,,,,,,,,46.44,0.0,0.06,-0.06,Severe Deficit (Water Loss),,,,,,,,,,,,,,,,,,Agriculture & Brick Kilns,1944,5.94,97.2,6928.42,Mepco,4950,7,39.0,3.62,9.1,Critical (High Er Visits),30,Extreme,5.2,13.5,ILO Labor Models (2019/2030); BMJ Global Health (2024),6000,38.0,0.42,0.0
multan,2024-05-09,Summer (May-Jul),38.09,0.0,0.16,0.4,2024,5,,,,,,,,,47.4,0.0,0.05,-0.05,Severe Deficit (Water Loss),,,,,,,,,,,,,,,,,,Agriculture & Brick Kilns,1944,5.94,97.2,6928.42,Mepco,4950,7,39.0,3.62,9.1,Critical (High Er Visits),30,Extreme,5.2,13.5,ILO Labor Models (2019/2030); BMJ Global Health (2024),6000,38.0,0.42,0.0
multan,2024-05-10,Summer (May-Jul),35.77,0.15,0.16,0.4,2024,5,,,,,,,,,44.13,0.15,0.08,0.07,Surplus (Recharging),,,,,,,,,,,,,,,,,,Agriculture & Brick Kilns,1944,5.94,97.2,6928.42,Mepco,4950,7,39.0,3.62,9.1,Critical (High Er Visits),30,Extreme,5.2,13.5,ILO Labor Models (2019/2030); BMJ Global Health (2024),6000,38.0,0.42,0.0
multan,2024-05-11,Summer (May-Jul),35.29,0.02,0.16,0.4,2024,5,,,,,,,,,43.09,0.02,0.07,-0.05,Severe Deficit (Water Loss),,,,,,,,,,,,,,,,,,Agriculture & Brick Kilns,1944,5.94,97.2,6928.42,Mepco,4950,7,39.0,3.62,9.1,Critical (High Er Visits),30,Extreme,5.2,13.5,ILO Labor Models (2019/2030); BMJ Global Health (2024),6000,38.0,0.42,0.0
multan,2024-05-12,Summer (May-Jul),34.08,0.17,0.15,0.4,2024,5,,,,,,,,,42.7,0.17,0.04,0.13,Surplus (Recharging),,,,,,,,,,,,,,,,,,Agriculture & Brick Kilns,1944,5.94,97.2,6928.42,Mepco,4950,7,39.0,3.62,9.1,Critical (High Er Visits),30,Extreme,5.2,13.5,ILO Labor Models (2019/2030); BMJ Global Health (2024),6000,38.0,0.42,0.0
multan,2024-05-13,Summer (May-Jul),33.51,0.0,0.15,0.4,2024,5,,,,,,,,,42.3,0.0,0.06,-0.06,Severe Deficit (Water Loss),,,,,,,,,,,,,,,,,,Agriculture & Brick Kilns,1944,5.94,97.2,6928.42,Mepco,4950,7,39.0,3.62,9.1,Critical (High Er Visits),30,Extreme,5.2,13.5,ILO Labor Models (2019/2030); BMJ Global Health (2024),6000,38.0,0.42,0.0
multan,2024-05-14,Summer (May-Jul),35.35,0.0,0.14,0.4,2024,5,,,,,,,,,43.39,0.0,0.05,-0.05,Severe Deficit (Water Loss),,,,,,,,,,,,,,,,,,Agriculture & Brick Kilns,1944,5.94,97.2,6928.42,Mepco,4950,7,39.0,3.62,9.1,Critical (High Er Visits),30,Extreme,5.2,13.5,ILO Labor Models (2019/2030); BMJ Global Health (2024),6000,38.0,0.42,0.0
multan,2024-05-15,Summer (May-Jul),37.95,0.0,0.13,0.4,2024,5,,,,,,,,,46.44,0.0,0.05,-0.05,Severe Deficit (Water Loss),,,,,,,,,,,,,,,,,,Agriculture & Brick Kilns,1944,5.94,97.2,6928.42,Mepco,4950,7,39.0,3.62,9.1,Critical (High Er Visits),30,Extreme,5.2,13.5,ILO Labor Models (2019/2030); BMJ Global Health (2024),6000,38.0,0.42,0.0
multan,2024-05-16,Summer (May-Jul),38.84,0.0,0.13,0.4,2024,5,,,,,,,,,46.81,0.0,0.05,-0.05,Severe Deficit (Water Loss),,,,,,,,,,,,,,,,,,Agriculture & Brick Kilns,1944,5.94,97.2,6928.42,Mepco,4950,7,39.0,3.62,9.1,Critical (High Er Visits),30,Extreme,5.2,13.5,ILO Labor Models (2019/2030); BMJ Global Health (2024),6000,38.0,0.42,0.0
multan,2024-05-17,Summer (May-Jul),39.46,0.0,0.12,0.4,2024,5,,,,,,,,,47.42,0.0,0.06,-0.06,Severe Deficit (Water Loss),,,,,,,,,,,,,,,,,,Agriculture & Brick Kilns,1944,5.94,97.2,6928.42,Mepco,4950,7,39.0,3.62,9.1,Critical (High Er Visits),30,Extreme,5.2,13.5,ILO Labor Models (2019/2030); BMJ Global Health (2024),6000,38.0,0.42,0.0
multan,2024-05-18,Summer (May-Jul),37.14,0.0,0.12,0.4,2024,5,,,,,,,,,46.24,0.0,0.07,-0.07,Severe Deficit (Water Loss),,,,,,,,,,,,,,,,,,Agriculture & Brick Kilns,1944,5.94,97.2,6928.42,Mepco,4950,7,39.0,3.62,9.1,Critical (High Er Visits),30,Extreme,5.2,13.5,ILO Labor Models (2019/2030); BMJ Global Health (2024),6000,38.0,0.42,0.0
multan,2024-05-19,Summer (May-Jul),38.11,0.0,0.12,0.4,2024,5,,,,,,,,,46.5,0.0,0.05,-0.05,Severe Deficit (Water Loss),,,,,,,,,,,,,,,,,,Agriculture & Brick Kilns,1944,5.94,97.2,6928.42,Mepco,4950,7,39.0,3.62,9.1,Critical (High Er Visits),30,Extreme,5.2,13.5,ILO Labor Models (2019/2030); BMJ Global Health (2024),6000,38.0,0.42,0.0
multan,2024-05-20,Summer (May-Jul),39.04,0.0,0.11,0.4,2024,5,,,,,,,,,47.59,0.0,0.04,-0.04,Severe Deficit (Water Loss),,,,,,,,,,,,,,,,,,Agriculture & Brick Kilns,1944,5.94,97.2,6928.42,Mepco,4950,7,39.0,3.62,9.1,Critical (High Er Visits),30,Extreme,5.2,13.5,ILO Labor Models (2019/2030); BMJ Global Health (2024),6000,38.0,0.42,0.0
multan,2024-05-21,Summer (May-Jul),38.63,0.0,0.11,0.4,2024,5,,,,,,,,,46.66,0.0,0.04,-0.04,Severe Deficit (Water Loss),,,,,,,,,,,,,,,,,,Agriculture & Brick Kilns,1944,5.94,97.2,6928.42,Mepco,4950,7,39.0,3.62,9.1,Critical (High Er Visits),30,Extreme,5.2,13.5,ILO Labor Models (2019/2030); BMJ Global Health (2024),6000,38.0,0.42,0.0
multan,2024-05-22,Summer (May-Jul),39.46,0.0,0.11,0.4,2024,5,,,,,,,,,47.72,0.0,0.04,-0.04,Severe Deficit (Water Loss),,,,,,,,,,,,,,,,,,Agriculture & Brick Kilns,1944,5.94,97.2,6928.42,Mepco,4950,7,39.0,3.62,9.1,Critical (High Er Visits),30,Extreme,5.2,13.5,ILO Labor Models (2019/2030); BMJ Global Health (2024),6000,38.0,0.42,0.0
multan,2024-05-23,Summer (May-Jul),39.57,0.0,0.1,0.4,2024,5,,,,,,,,,48.32,0.0,0.04,-0.04,Severe Deficit (Water Loss),,,,,,,,,,,,,,,,,,Agriculture & Brick Kilns,1944,5.94,97.2,6928.42,Mepco,4950,7,39.0,3.62,9.1,Critical (High Er Visits),30,Extreme,5.2,13.5,ILO Labor Models (2019/2030); BMJ Global Health (2024),6000,38.0,0.42,0.0
multan,2024-05-24,Summer (May-Jul),40.02,0.0,0.1,0.4,2024,5,,,,,,,,,48.05,0.0,0.04,-0.04,Severe Deficit (Water Loss),,,,,,,,,,,,,,,,,,Agriculture & Brick Kilns,1944,5.94,97.2,6928.42,Mepco,4950,7,39.0,3.62,9.1,Critical (High Er Visits),30,Extreme,5.2,13.5,ILO Labor Models (2019/2030); BMJ Global Health (2024),6000,38.0,0.42,0.0
multan,2024-05-25,Summer (May-Jul),40.57,0.0,0.1,0.4,2024,5,,,,,,,,,47.56,0.0,0.04,-0.04,Severe Deficit (Water Loss),,,,,,,,,,,,,,,,,,Agriculture & Brick Kilns,1944,5.94,97.2,6928.42,Mepco,4950,7,39.0,3.62,9.1,Critical (High Er Visits),30,Extreme,5.2,13.5,ILO Labor Models (2019/2030); BMJ Global Health (2024),6000,38.0,0.42,0.0
multan,2024-05-26,Summer (May-Jul),39.7,0.0,0.1,0.4,2024,5,,,,,,,,,48.23,0.0,0.04,-0.04,Severe Deficit (Water Loss),,,,,,,,,,,,,,,,,,Agriculture & Brick Kilns,1944,5.94,97.2,6928.42,Mepco,4950,7,39.0,3.62,9.1,Critical (High Er Visits),30,Extreme,5.2,13.5,ILO Labor Models (2019/2030); BMJ Global Health (2024),6000,38.0,0.42,0.0
multan,2024-05-27,Summer (May-Jul),40.29,0.0,0.09,0.4,2024,5,,,,,,,,,49.73,0.0,0.03,-0.03,Severe Deficit (Water Loss),,,,,,,,,,,,,,,,,,Agriculture & Brick Kilns,1944,5.94,97.2,6928.42,Mepco,4950,7,39.0,3.62,9.1,Critical (High Er Visits),30,Extreme,5.2,13.5,ILO Labor Models (2019/2030); BMJ Global Health (2024),6000,38.0,0.42,0.0
multan,2024-05-28,Summer (May-Jul),39.85,0.0,0.09,0.4,2024,5,,,,,,,,,48.7,0.0,0.04,-0.04,Severe Deficit (Water Loss),,,,,,,,,,,,,,,,,,Agriculture & Brick Kilns,1944,5.94,97.2,6928.42,Mepco,4950,7,39.0,3.62,9.1,Critical (High Er Visits),30,Extreme,5.2,13.5,ILO Labor Models (2019/2030); BMJ Global Health (2024),6000,38.0,0.42,0.0
multan,2024-05-29,Summer (May-Jul),38.35,0.0,0.09,0.4,2024,5,,,,,,,,,46.55,0.0,0.05,-0.05,Severe Deficit (Water Loss),,,,,,,,,,,,,,,,,,Agriculture & Brick Kilns,1944,5.94,97.2,6928.42,Mepco,4950,7,39.0,3.62,9.1,Critical (High Er Visits),30,Extreme,5.2,13.5,ILO Labor Models (2019/2030); BMJ Global Health (2024),6000,38.0,0.42,0.0
multan,2024-05-30,Summer (May-Jul),38.37,0.0,0.09,0.4,2024,5,,,,,,,,,48.88,0.0,0.04,-0.04,Severe Deficit (Water Loss),,,,,,,,,,,,,,,,,,Agriculture & Brick Kilns,1944,5.94,97.2,6928.42,Mepco,4950,7,39.0,3.62,9.1,Critical (High Er Visits),30,Extreme,5.2,13.5,ILO Labor Models (2019/2030); BMJ Global Health (2024),6000,38.0,0.42,0.0
multan,2024-05-31,Summer (May-Jul),38.07,0.0,0.08,0.4,2024,5,,,,,,,,,47.57,0.0,0.04,-0.04,Severe Deficit (Water Loss),,,,,,,,,,,,,,,,,,Agriculture & Brick Kilns,1944,5.94,97.2,6928.42,Mepco,4950,7,39.0,3.62,9.1,Critical (High Er Visits),30,Extreme,5.2,13.5,ILO Labor Models (2019/2030); BMJ Global Health (2024),6000,38.0,0.42,0.0
multan,2024-06-01,Summer (May-Jul),38.18,0.0,0.08,0.4,2024,6,June,44.3,30.9,37.2,21.0,43.8,0.1,23.4,45.87,0.0,0.03,-0.03,Severe Deficit (Water Loss),,,,,,564.0,85.6,75.3,28.4,61.5,202.0,250.0,13.0,8.0,733.0,49.4,Ndma/Pdma Punjab,Agriculture & Brick Kilns,3240,9.9,162.0,19245.6,Mepco,6600,9,40.5,4.13,10.3,Critical (High Er Visits),40,Extreme,6.8,17.8,ILO Labor Models (2019/2030); BMJ Global Health (2024),6000,38.0,0.42,0.0
multan,2024-06-02,Summer (May-Jul),39.56,0.44,0.1,0.4,2024,6,June,46.3,30.0,38.2,20.0,45.0,0.0,15.3,47.12,0.44,0.02,0.42,Surplus (Recharging),,,,,,564.0,85.6,75.3,28.4,61.5,202.0,250.0,13.0,8.0,733.0,49.4,Ndma/Pdma Punjab,Agriculture & Brick Kilns,3240,9.9,162.0,19245.6,Mepco,6600,9,40.5,4.13,10.3,Critical (High Er Visits),40,Extreme,6.8,17.8,ILO Labor Models (2019/2030); BMJ Global Health (2024),6000,38.0,0.42,0.0
multan,2024-06-03,Summer (May-Jul),40.4,0.0,0.1,0.4,2024,6,June,46.1,33.9,39.6,18.0,43.4,0.0,25.5,48.54,0.0,0.02,-0.02,Severe Deficit (Water Loss),,,,,,564.0,85.6,75.3,28.4,61.5,202.0,250.0,13.0,8.0,733.0,49.4,Ndma/Pdma Punjab,Agriculture & Brick Kilns,3240,9.9,162.0,19245.6,Mepco,6600,9,40.5,4.13,10.3,Critical (High Er Visits),40,Extreme,6.8,17.8,ILO Labor Models (2019/2030); BMJ Global Health (2024),6000,38.0,0.42,0.0
multan,2024-06-04,Summer (May-Jul),39.81,0.0,0.1,0.4,2024,6,June,44.9,34.1,39.0,21.0,43.6,0.0,28.5,46.98,0.0,0.03,-0.03,Severe Deficit (Water Loss),,,,,,564.0,85.6,75.3,28.4,61.5,202.0,250.0,13.0,8.0,733.0,49.4,Ndma/Pdma Punjab,Agriculture & Brick Kilns,3240,9.9,162.0,19245.6,Mepco,6600,9,40.5,4.13,10.3,Critical (High Er Visits),40,Extreme,6.8,17.8,ILO Labor Models (2019/2030); BMJ Global Health (2024),6000,38.0,0.42,0.0
multan,2024-06-05,Summer (May-Jul),39.73,0.54,0.1,0.4,2024,6,June,41.7,33.2,36.7,35.0,44.1,0.7,25.0,45.59,0.54,0.04,0.5,Surplus (Recharging),,,,,,564.0,85.6,75.3,28.4,61.5,202.0,250.0,13.0,8.0,733.0,49.4,Ndma/Pdma Punjab,Agriculture & Brick Kilns,3240,9.9,162.0,19245.6,Mepco,6600,9,40.5,4.13,10.3,Critical (High Er Visits),40,Extreme,6.8,17.8,ILO Labor Models (2019/2030); BMJ Global Health (2024),6000,38.0,0.42,0.0
multan,2024-06-06,Summer (May-Jul),38.24,0.05,0.11,0.4,2024,6,June,39.2,27.5,33.9,36.0,41.8,0.0,21.3,43.71,0.05,0.03,0.02,Surplus (Recharging),,,,,,564.0,85.6,75.3,28.4,61.5,202.0,250.0,13.0,8.0,733.0,49.4,Ndma/Pdma Punjab,Agriculture & Brick Kilns,3240,9.9,162.0,19245.6,Mepco,6600,9,40.5,4.13,10.3,Critical (High Er Visits),40,Extreme,6.8,17.8,ILO Labor Models (2019/2030); BMJ Global Health (2024),6000,38.0,0.42,0.0
multan,2024-06-07,Summer (May-Jul),37.59,0.37,0.11,0.4,2024,6,June,39.8,28.1,33.7,38.0,42.1,0.2,14.4,42.51,0.37,0.03,0.34,Surplus (Recharging),,,,,,564.0,85.6,75.3,28.4,61.5,202.0,250.0,13.0,8.0,733.0,49.4,Ndma/Pdma Punjab,Agriculture & Brick Kilns,3240,9.9,162.0,19245.6,Mepco,6600,9,40.5,4.13,10.3,Critical (High Er Visits),40,Extreme,6.8,17.8,ILO Labor Models (2019/2030); BMJ Global Health (2024),6000,38.0,0.42,0.0
multan,2024-06-08,Summer (May-Jul),36.67,0.0,0.12,0.4,2024,6,June,38.8,26.8,32.5,38.0,41.1,0.2,17.7,42.56,0.0,0.01,-0.01,Severe Deficit (Water Loss),,,,,,564.0,85.6,75.3,28.4,61.5,202.0,250.0,13.0,8.0,733.0,49.4,Ndma/Pdma Punjab,Agriculture & Brick Kilns,3240,9.9,162.0,19245.6,Mepco,6600,9,40.5,4.13,10.3,Critical (High Er Visits),40,Extreme,6.8,17.8,ILO Labor Models (2019/2030); BMJ Global Health (2024),6000,38.0,0.42,0.0
multan,2024-06-09,Summer (May-Jul),37.93,0.0,0.12,0.4,2024,6,June,40.5,26.2,34.1,35.0,42.3,0.0,13.1,45.08,0.0,0.01,-0.01,Severe Deficit (Water Loss),,,,,,564.0,85.6,75.3,28.4,61.5,202.0,250.0,13.0,8.0,733.0,49.4,Ndma/Pdma Punjab,Agriculture & Brick Kilns,3240,9.9,162.0,19245.6,Mepco,6600,9,40.5,4.13,10.3,Critical (High Er Visits),40,Extreme,6.8,17.8,ILO Labor Models (2019/2030); BMJ Global Health (2024),6000,38.0,0.42,0.0
multan,2024-06-10,Summer (May-Jul),38.25,0.0,0.11,0.4,2024,6,June,42.8,27.6,35.4,25.0,43.3,0.0,11.3,45.51,0.0,0.01,-0.01,Severe Deficit (Water Loss),,,,,,564.0,85.6,75.3,28.4,61.5,202.0,250.0,13.0,8.0,733.0,49.4,Ndma/Pdma Punjab,Agriculture & Brick Kilns,3240,9.9,162.0,19245.6,Mepco,6600,9,40.5,4.13,10.3,Critical (High Er Visits),40,Extreme,6.8,17.8,ILO Labor Models (2019/2030); BMJ Global Health (2024),6000,38.0,0.42,0.0
multan,2024-06-11,Summer (May-Jul),39.3,0.0,0.11,0.4,2024,6,June,45.2,28.4,36.8,19.0,45.3,0.0,15.9,47.05,0.0,0.01,-0.01,Severe Deficit (Water Loss),,,,,,564.0,85.6,75.3,28.4,61.5,202.0,250.0,13.0,8.0,733.0,49.4,Ndma/Pdma Punjab,Agriculture & Brick Kilns,3240,9.9,162.0,19245.6,Mepco,6600,9,40.5,4.13,10.3,Critical (High Er Visits),40,Extreme,6.8,17.8,ILO Labor Models (2019/2030); BMJ Global Health (2024),6000,38.0,0.42,0.0
multan,2024-06-12,Summer (May-Jul),40.38,0.0,0.11,0.4,2024,6,June,45.8,31.5,38.4,20.0,43.2,0.0,23.0,48.17,0.0,0.02,-0.02,Severe Deficit (Water Loss),,,,,,564.0,85.6,75.3,28.4,61.5,202.0,250.0,13.0,8.0,733.0,49.4,Ndma/Pdma Punjab,Agriculture & Brick Kilns,3240,9.9,162.0,19245.6,Mepco,6600,9,40.5,4.13,10.3,Critical (High Er Visits),40,Extreme,6.8,17.8,ILO Labor Models (2019/2030); BMJ Global Health (2024),6000,38.0,0.42,0.0
multan,2024-06-13,Summer (May-Jul),40.12,0.0,0.1,0.4,2024,6,June,45.0,32.8,38.0,28.0,44.4,0.0,26.1,46.78,0.0,0.04,-0.04,Severe Deficit (Water Loss),,,,,,564.0,85.6,75.3,28.4,61.5,202.0,250.0,13.0,8.0,733.0,49.4,Ndma/Pdma Punjab,Agriculture & Brick Kilns,3240,9.9,162.0,19245.6,Mepco,6600,9,40.5,4.13,10.3,Critical (High Er Visits),40,Extreme,6.8,17.8,ILO Labor Models (2019/2030); BMJ Global Health (2024),6000,38.0,0.42,0.0
multan,2024-06-14,Summer (May-Jul),39.64,0.0,0.1,0.4,2024,6,June,43.3,32.7,37.2,32.0,44.2,0.0,26.2,45.8,0.0,0.03,-0.03,Severe Deficit (Water Loss),,,,,,564.0,85.6,75.3,28.4,61.5,202.0,250.0,13.0,8.0,733.0,49.4,Ndma/Pdma Punjab,Agriculture & Brick Kilns,3240,9.9,162.0,19245.6,Mepco,6600,9,40.5,4.13,10.3,Critical (High Er Visits),40,Extreme,6.8,17.8,ILO Labor Models (2019/2030); BMJ Global Health (2024),6000,38.0,0.42,0.0
multan,2024-06-15,Summer (May-Jul),39.97,0.0,0.1,0.4,2024,6,June,43.7,31.9,37.2,34.0,45.1,0.0,23.9,45.87,0.0,0.03,-0.03,Severe Deficit (Water Loss),,,,,,564.0,85.6,75.3,28.4,61.5,202.0,250.0,13.0,8.0,733.0,49.4,Ndma/Pdma Punjab,Agriculture & Brick Kilns,3240,9.9,162.0,19245.6,Mepco,6600,9,40.5,4.13,10.3,Critical (High Er Visits),40,Extreme,6.8,17.8,ILO Labor Models (2019/2030); BMJ Global Health (2024),6000,38.0,0.42,0.0
multan,2024-06-16,Summer (May-Jul),41.04,0.0,0.1,0.4,2024,6,June,45.2,33.5,38.8,33.0,46.6,0.0,20.8,47.93,0.0,0.02,-0.02,Severe Deficit (Water Loss),,,,,,564.0,85.6,75.3,28.4,61.5,202.0,250.0,13.0,8.0,733.0,49.4,Ndma/Pdma Punjab,Agriculture & Brick Kilns,3240,9.9,162.0,19245.6,Mepco,6600,9,40.5,4.13,10.3,Critical (High Er Visits),40,Extreme,6.8,17.8,ILO Labor Models (2019/2030); BMJ Global Health (2024),6000,38.0,0.42,0.0
multan,2024-06-17,Summer (May-Jul),41.41,0.0,0.1,0.4,2024,6,June,44.8,33.8,38.8,32.0,45.8,0.0,23.5,47.91,0.0,0.03,-0.03,Severe Deficit (Water Loss),,,,,,564.0,85.6,75.3,28.4,61.5,202.0,250.0,13.0,8.0,733.0,49.4,Ndma/Pdma Punjab,Agriculture & Brick Kilns,3240,9.9,162.0,19245.6,Mepco,6600,9,40.5,4.13,10.3,Critical (High Er Visits),40,Extreme,6.8,17.8,ILO Labor Models (2019/2030); BMJ Global Health (2024),6000,38.0,0.42,0.0
multan,2024-06-18,Summer (May-Jul),41.73,0.0,0.1,0.4,2024,6,June,45.6,34.0,38.9,34.0,47.0,0.0,24.4,48.76,0.0,0.02,-0.02,Severe Deficit (Water Loss),,,,,,564.0,85.6,75.3,28.4,61.5,202.0,250.0,13.0,8.0,733.0,49.4,Ndma/Pdma Punjab,Agriculture & Brick Kilns,3240,9.9,162.0,19245.6,Mepco,6600,9,40.5,4.13,10.3,Critical (High Er Visits),40,Extreme,6.8,17.8,ILO Labor Models (2019/2030); BMJ Global Health (2024),6000,38.0,0.42,0.0
multan,2024-06-19,Summer (May-Jul),41.04,0.12,0.1,0.4,2024,6,June,43.3,33.5,38.1,37.0,45.9,0.0,22.7,47.58,0.12,0.02,0.1,Surplus (Recharging),,,,,,564.0,85.6,75.3,28.4,61.5,202.0,250.0,13.0,8.0,733.0,49.4,Ndma/Pdma Punjab,Agriculture & Brick Kilns,3240,9.9,162.0,19245.6,Mepco,6600,9,40.5,4.13,10.3,Critical (High Er Visits),40,Extreme,6.8,17.8,ILO Labor Models (2019/2030); BMJ Global Health (2024),6000,38.0,0.42,0.0
multan,2024-06-20,Summer (May-Jul),39.99,3.33,0.13,0.4,2024,6,June,40.8,27.4,33.5,53.0,44.2,22.4,24.3,45.87,3.33,0.01,3.32,Surplus (Recharging),,,,,,564.0,85.6,75.3,28.4,61.5,202.0,250.0,13.0,8.0,733.0,49.4,Ndma/Pdma Punjab,Agriculture & Brick Kilns,3240,9.9,162.0,19245.6,Mepco,6600,9,40.5,4.13,10.3,Critical (High Er Visits),40,Extreme,6.8,17.8,ILO Labor Models (2019/2030); BMJ Global Health (2024),6000,38.0,0.42,0.0
multan,2024-06-21,Summer (May-Jul),35.16,6.24,0.39,0.41,2024,6,June,35.2,27.1,30.6,64.0,39.3,5.8,19.6,40.84,6.24,0.01,6.23,Surplus (Recharging),,,,,,564.0,85.6,75.3,28.4,61.5,202.0,250.0,13.0,8.0,733.0,49.4,Ndma/Pdma Punjab,Agriculture & Brick Kilns,3240,9.9,162.0,19245.6,Mepco,6600,9,40.5,4.13,10.3,Critical (High Er Visits),40,Extreme,6.8,17.8,ILO Labor Models (2019/2030); BMJ Global Health (2024),6000,38.0,0.42,0.0
multan,2024-06-22,Summer (May-Jul),36.43,0.32,0.32,0.41,2024,6,June,38.5,28.1,33.1,49.0,42.7,0.1,14.2,42.15,0.32,0.04,0.28,Surplus (Recharging),,,,,,564.0,85.6,75.3,28.4,61.5,202.0,250.0,13.0,8.0,733.0,49.4,Ndma/Pdma Punjab,Agriculture & Brick Kilns,3240,9.9,162.0,19245.6,Mepco,6600,9,40.5,4.13,10.3,Critical (High Er Visits),40,Extreme,6.8,17.8,ILO Labor Models (2019/2030); BMJ Global Health (2024),6000,38.0,0.42,0.0
multan,2024-06-23,Summer (May-Jul),38.51,0.33,0.26,0.41,2024,6,June,41.2,28.0,34.9,41.0,43.4,0.0,12.8,44.88,0.33,0.01,0.32,Surplus (Recharging),,,,,,564.0,85.6,75.3,28.4,61.5,202.0,250.0,13.0,8.0,733.0,49.4,Ndma/Pdma Punjab,Agriculture & Brick Kilns,3240,9.9,162.0,19245.6,Mepco,6600,9,40.5,4.13,10.3,Critical (High Er Visits),40,Extreme,6.8,17.8,ILO Labor Models (2019/2030); BMJ Global Health (2024),6000,38.0,0.42,0.0
multan,2024-06-24,Summer (May-Jul),39.65,0.14,0.22,0.4,2024,6,June,43.3,29.9,36.3,34.0,46.0,0.0,8.0,46.11,0.14,0.01,0.13,Surplus (Recharging),,,,,,564.0,85.6,75.3,28.4,61.5,202.0,250.0,13.0,8.0,733.0,49.4,Ndma/Pdma Punjab,Agriculture & Brick Kilns,3240,9.9,162.0,19245.6,Mepco,6600,9,40.5,4.13,10.3,Critical (High Er Visits),40,Extreme,6.8,17.8,ILO Labor Models (2019/2030); BMJ Global Health (2024),6000,38.0,0.42,0.0
multan,2024-06-25,Summer (May-Jul),40.41,0.0,0.19,0.4,2024,6,June,42.8,30.0,36.5,36.0,45.2,0.0,14.4,47.4,0.0,0.01,-0.01,Severe Deficit (Water Loss),,,,,,564.0,85.6,75.3,28.4,61.5,202.0,250.0,13.0,8.0,733.0,49.4,Ndma/Pdma Punjab,Agriculture & Brick Kilns,3240,9.9,162.0,19245.6,Mepco,6600,9,40.5,4.13,10.3,Critical (High Er Visits),40,Extreme,6.8,17.8,ILO Labor Models (2019/2030); BMJ Global Health (2024),6000,38.0,0.42,0.0
multan,2024-06-26,Summer (May-Jul),41.03,0.0,0.17,0.4,2024,6,June,42.6,31.4,37.3,36.0,45.3,0.0,19.9,47.37,0.0,0.02,-0.02,Severe Deficit (Water Loss),,,,,,564.0,85.6,75.3,28.4,61.5,202.0,250.0,13.0,8.0,733.0,49.4,Ndma/Pdma Punjab,Agriculture & Brick Kilns,3240,9.9,162.0,19245.6,Mepco,6600,9,40.5,4.13,10.3,Critical (High Er Visits),40,Extreme,6.8,17.8,ILO Labor Models (2019/2030); BMJ Global Health (2024),6000,38.0,0.42,0.0
multan,2024-06-27,Summer (May-Jul),39.92,0.02,0.16,0.4,2024,6,June,40.5,31.0,35.8,51.0,45.1,0.0,18.8,46.26,0.02,0.03,-0.01,Severe Deficit (Water Loss),,,,,,564.0,85.6,75.3,28.4,61.5,202.0,250.0,13.0,8.0,733.0,49.4,Ndma/Pdma Punjab,Agriculture & Brick Kilns,3240,9.9,162.0,19245.6,Mepco,6600,9,40.5,4.13,10.3,Critical (High Er Visits),40,Extreme,6.8,17.8,ILO Labor Models (2019/2030); BMJ Global Health (2024),6000,38.0,0.42,0.0
multan,2024-06-28,Summer (May-Jul),39.08,0.18,0.16,0.4,2024,6,June,39.8,30.9,35.3,53.0,45.5,0.0,10.6,44.58,0.18,0.02,0.16,Surplus (Recharging),,,,,,564.0,85.6,75.3,28.4,61.5,202.0,250.0,13.0,8.0,733.0,49.4,Ndma/Pdma Punjab,Agriculture & Brick Kilns,3240,9.9,162.0,19245.6,Mepco,6600,9,40.5,4.13,10.3,Critical (High Er Visits),40,Extreme,6.8,17.8,ILO Labor Models (2019/2030); BMJ Global Health (2024),6000,38.0,0.42,0.0
multan,2024-06-29,Summer (May-Jul),39.25,0.11,0.16,0.4,2024,6,June,41.3,31.5,36.4,48.0,46.4,0.0,15.1,44.39,0.11,0.03,0.08,Surplus (Recharging),,,,,,564.0,85.6,75.3,28.4,61.5,202.0,250.0,13.0,8.0,733.0,49.4,Ndma/Pdma Punjab,Agriculture & Brick Kilns,3240,9.9,162.0,19245.6,Mepco,6600,9,40.5,4.13,10.3,Critical (High Er Visits),40,Extreme,6.8,17.8,ILO Labor Models (2019/2030); BMJ Global Health (2024),6000,38.0,0.42,0.0
multan,2024-06-30,Summer (May-Jul),40.86,0.01,0.16,0.4,2024,6,June,42.0,32.6,37.0,47.0,47.2,0.0,13.0,46.83,0.01,0.02,-0.01,Severe Deficit (Water Loss),,,,,,564.0,85.6,75.3,28.4,61.5,202.0,250.0,13.0,8.0,733.0,49.4,Ndma/Pdma Punjab,Agriculture & Brick Kilns,3240,9.9,162.0,19245.6,Mepco,6600,9,40.5,4.13,10.3,Critical (High Er Visits),40,Extreme,6.8,17.8,ILO Labor Models (2019/2030); BMJ Global Health (2024),6000,38.0,0.42,0.0
multan,2024-07-01,Summer (May-Jul),41.9,0.18,0.15,0.4,2024,7,July,42.7,34.5,38.0,43.0,46.4,0.0,21.4,48.51,0.18,0.02,0.16,Surplus (Recharging),,,,,,564.0,85.6,75.3,28.4,61.5,202.0,250.0,13.0,8.0,733.0,49.4,Ndma/Pdma Punjab,Agriculture & Brick Kilns,2916,8.91,145.8,15588.94,Mepco,5720,8,36.5,2.8,7.0,Elevated (Heat Stress),70,Extreme (Humid),6.1,15.9,ILO Labor Models (2019/2030); BMJ Global Health (2024),6000,38.0,0.42,0.0
multan,2024-07-02,Summer (May-Jul),42.88,0.01,0.15,0.4,2024,7,July,42.6,34.0,37.7,44.0,46.6,0.0,24.7,49.82,0.01,0.02,-0.01,Severe Deficit (Water Loss),,,,,,564.0,85.6,75.3,28.4,61.5,202.0,250.0,13.0,8.0,733.0,49.4,Ndma/Pdma Punjab,Agriculture & Brick Kilns,2916,8.91,145.8,15588.94,Mepco,5720,8,36.5,2.8,7.0,Elevated (Heat Stress),70,Extreme (Humid),6.1,15.9,ILO Labor Models (2019/2030); BMJ Global Health (2024),6000,38.0,0.42,0.0
multan,2024-07-03,Summer (May-Jul),43.08,0.39,0.15,0.4,2024,7,July,42.8,35.0,38.2,46.0,47.5,0.0,21.9,48.48,0.39,0.01,0.38,Surplus (Recharging),,,,,,564.0,85.6,75.3,28.4,61.5,202.0,250.0,13.0,8.0,733.0,49.4,Ndma/Pdma Punjab,Agriculture & Brick Kilns,2916,8.91,145.8,15588.94,Mepco,5720,8,36.5,2.8,7.0,Elevated (Heat Stress),70,Extreme (Humid),6.1,15.9,ILO Labor Models (2019/2030); BMJ Global Health (2024),6000,38.0,0.42,0.0
multan,2024-07-04,Summer (May-Jul),42.21,0.18,0.15,0.4,2024,7,July,42.4,35.0,38.0,47.0,48.0,0.0,21.4,46.91,0.18,0.02,0.16,Surplus (Recharging),,,,,,564.0,85.6,75.3,28.4,61.5,202.0,250.0,13.0,8.0,733.0,49.4,Ndma/Pdma Punjab,Agriculture & Brick Kilns,2916,8.91,145.8,15588.94,Mepco,5720,8,36.5,2.8,7.0,Elevated (Heat Stress),70,Extreme (Humid),6.1,15.9,ILO Labor Models (2019/2030); BMJ Global Health (2024),6000,38.0,0.42,0.0
multan,2024-07-05,Summer (May-Jul),41.09,1.59,0.19,0.4,2024,7,July,41.8,30.9,35.2,59.0,47.3,0.1,18.1,46.31,1.59,0.01,1.58,Surplus (Recharging),,,,,,564.0,85.6,75.3,28.4,61.5,202.0,250.0,13.0,8.0,733.0,49.4,Ndma/Pdma Punjab,Agriculture & Brick Kilns,2916,8.91,145.8,15588.94,Mepco,5720,8,36.5,2.8,7.0,Elevated (Heat Stress),70,Extreme (Humid),6.1,15.9,ILO Labor Models (2019/2030); BMJ Global Health (2024),6000,38.0,0.42,0.0
multan,2024-07-06,Summer (May-Jul),39.11,16.86,0.27,0.41,2024,7,July,39.2,29.0,32.6,69.0,45.7,3.4,20.2,44.76,16.86,0.01,16.85,Surplus (Recharging),,,,,,564.0,85.6,75.3,28.4,61.5,202.0,250.0,13.0,8.0,733.0,49.4,Ndma/Pdma Punjab,Agriculture & Brick Kilns,2916,8.91,145.8,15588.94,Mepco,5720,8,36.5,2.8,7.0,Elevated (Heat Stress),70,Extreme (Humid),6.1,15.9,ILO Labor Models (2019/2030); BMJ Global Health (2024),6000,38.0,0.42,0.0
multan,2024-07-07,Summer (May-Jul),33.86,41.06,0.64,0.5,2024,7,July,35.5,26.4,31.0,72.0,39.6,8.8,19.7,37.66,41.06,0.65,40.41,Surplus (Recharging),,,,,,564.0,85.6,75.3,28.4,61.5,202.0,250.0,13.0,8.0,733.0,49.4,Ndma/Pdma Punjab,Agriculture & Brick Kilns,2916,8.91,145.8,15588.94,Mepco,5720,8,36.5,2.8,7.0,Elevated (Heat Stress),70,Extreme (Humid),6.1,15.9,ILO Labor Models (2019/2030); BMJ Global Health (2024),6000,38.0,0.42,0.0
multan,2024-07-08,Summer (May-Jul),34.82,1.49,0.48,0.49,2024,7,July,37.7,29.5,33.2,62.0,42.6,0.1,13.8,40.59,1.49,0.91,0.58,Surplus (Recharging),,,,,,564.0,85.6,75.3,28.4,61.5,202.0,250.0,13.0,8.0,733.0,49.4,Ndma/Pdma Punjab,Agriculture & Brick Kilns,2916,8.91,145.8,15588.94,Mepco,5720,8,36.5,2.8,7.0,Elevated (Heat Stress),70,Extreme (Humid),6.1,15.9,ILO Labor Models (2019/2030); BMJ Global Health (2024),6000,38.0,0.42,0.0
multan,2024-07-09,Summer (May-Jul),35.85,0.06,0.44,0.48,2024,7,July,39.6,30.2,34.6,56.0,44.9,0.0,11.0,41.65,0.06,0.81,-0.75,Severe Deficit (Water Loss),,,,,,564.0,85.6,75.3,28.4,61.5,202.0,250.0,13.0,8.0,733.0,49.4,Ndma/Pdma Punjab,Agriculture & Brick Kilns,2916,8.91,145.8,15588.94,Mepco,5720,8,36.5,2.8,7.0,Elevated (Heat Stress),70,Extreme (Humid),6.1,15.9,ILO Labor Models (2019/2030); BMJ Global Health (2024),6000,38.0,0.42,0.0
multan,2024-07-10,Summer (May-Jul),37.16,0.17,0.42,0.47,2024,7,July,41.0,30.9,35.8,51.0,46.2,0.0,15.2,43.63,0.17,0.62,-0.45,Severe Deficit (Water Loss),,,,,,564.0,85.6,75.3,28.4,61.5,202.0,250.0,13.0,8.0,733.0,49.4,Ndma/Pdma Punjab,Agriculture & Brick Kilns,2916,8.91,145.8,15588.94,Mepco,5720,8,36.5,2.8,7.0,Elevated (Heat Stress),70,Extreme (Humid),6.1,15.9,ILO Labor Models (2019/2030); BMJ Global Health (2024),6000,38.0,0.42,0.0
multan,2024-07-11,Summer (May-Jul),37.93,0.06,0.41,0.47,2024,7,July,42.8,31.7,36.6,48.0,46.0,0.0,16.1,44.69,0.06,0.55,-0.49,Severe Deficit (Water Loss),,,,,,564.0,85.6,75.3,28.4,61.5,202.0,250.0,13.0,8.0,733.0,49.4,Ndma/Pdma Punjab,Agriculture & Brick Kilns,2916,8.91,145.8,15588.94,Mepco,5720,8,36.5,2.8,7.0,Elevated (Heat Stress),70,Extreme (Humid),6.1,15.9,ILO Labor Models (2019/2030); BMJ Global Health (2024),6000,38.0,0.42,0.0
multan,2024-07-12,Summer (May-Jul),37.68,0.21,0.4,0.46,2024,7,July,40.5,27.9,34.2,59.0,44.9,24.1,23.3,44.09,0.21,0.51,-0.3,Severe Deficit (Water Loss),,,,,,564.0,85.6,75.3,28.4,61.5,202.0,250.0,13.0,8.0,733.0,49.4,Ndma/Pdma Punjab,Agriculture & Brick Kilns,2916,8.91,145.8,15588.94,Mepco,5720,8,36.5,2.8,7.0,Elevated (Heat Stress),70,Extreme (Humid),6.1,15.9,ILO Labor Models (2019/2030); BMJ Global Health (2024),6000,38.0,0.42,0.0
multan,2024-07-13,Summer (May-Jul),34.68,16.9,0.52,0.47,2024,7,July,35.4,28.5,31.9,71.0,42.0,1.9,9.9,38.17,16.9,0.37,16.53,Surplus (Recharging),,,,,,564.0,85.6,75.3,28.4,61.5,202.0,250.0,13.0,8.0,733.0,49.4,Ndma/Pdma Punjab,Agriculture & Brick Kilns,2916,8.91,145.8,15588.94,Mepco,5720,8,36.5,2.8,7.0,Elevated (Heat Stress),70,Extreme (Humid),6.1,15.9,ILO Labor Models (2019/2030); BMJ Global Health (2024),6000,38.0,0.42,0.0
multan,2024-07-14,Summer (May-Jul),34.73,4.49,0.49,0.48,2024,7,July,35.5,28.1,31.7,72.0,42.5,9.8,18.6,39.42,4.49,0.56,3.93,Surplus (Recharging),,,,,,564.0,85.6,75.3,28.4,61.5,202.0,250.0,13.0,8.0,733.0,49.4,Ndma/Pdma Punjab,Agriculture & Brick Kilns,2916,8.91,145.8,15588.94,Mepco,5720,8,36.5,2.8,7.0,Elevated (Heat Stress),70,Extreme (Humid),6.1,15.9,ILO Labor Models (2019/2030); BMJ Global Health (2024),6000,38.0,0.42,0.0
multan,2024-07-15,Summer (May-Jul),36.26,0.0,0.44,0.47,2024,7,July,38.8,29.5,33.9,62.0,43.9,0.0,12.0,42.19,0.0,0.62,-0.62,Severe Deficit (Water Loss),,,,,,564.0,85.6,75.3,28.4,61.5,202.0,250.0,13.0,8.0,733.0,49.4,Ndma/Pdma Punjab,Agriculture & Brick Kilns,2916,8.91,145.8,15588.94,Mepco,5720,8,36.5,2.8,7.0,Elevated (Heat Stress),70,Extreme (Humid),6.1,15.9,ILO Labor Models (2019/2030); BMJ Global Health (2024),6000,38.0,0.42,0.0
multan,2024-07-16,Summer (May-Jul),36.62,0.1,0.42,0.47,2024,7,July,38.4,29.2,33.9,60.0,44.2,0.0,11.0,43.08,0.1,0.57,-0.47,Severe Deficit (Water Loss),,,,,,564.0,85.6,75.3,28.4,61.5,202.0,250.0,13.0,8.0,733.0,49.4,Ndma/Pdma Punjab,Agriculture & Brick Kilns,2916,8.91,145.8,15588.94,Mepco,5720,8,36.5,2.8,7.0,Elevated (Heat Stress),70,Extreme (Humid),6.1,15.9,ILO Labor Models (2019/2030); BMJ Global Health (2024),6000,38.0,0.42,0.0
multan,2024-07-17,Summer (May-Jul),37.49,0.32,0.41,0.46,2024,7,July,39.9,31.2,35.3,59.0,46.8,0.0,12.5,43.66,0.32,0.47,-0.15,Severe Deficit (Water Loss),,,,,,564.0,85.6,75.3,28.4,61.5,202.0,250.0,13.0,8.0,733.0,49.4,Ndma/Pdma Punjab,Agriculture & Brick Kilns,2916,8.91,145.8,15588.94,Mepco,5720,8,36.5,2.8,7.0,Elevated (Heat Stress),70,Extreme (Humid),6.1,15.9,ILO Labor Models (2019/2030); BMJ Global Health (2024),6000,38.0,0.42,0.0
multan,2024-07-18,Summer (May-Jul),37.73,0.01,0.4,0.45,2024,7,July,41.0,31.9,35.5,56.0,46.7,0.5,17.1,44.45,0.01,0.37,-0.36,Severe Deficit (Water Loss),,,,,,564.0,85.6,75.3,28.4,61.5,202.0,250.0,13.0,8.0,733.0,49.4,Ndma/Pdma Punjab,Agriculture & Brick Kilns,2916,8.91,145.8,15588.94,Mepco,5720,8,36.5,2.8,7.0,Elevated (Heat Stress),70,Extreme (Humid),6.1,15.9,ILO Labor Models (2019/2030); BMJ Global Health (2024),6000,38.0,0.42,0.0
multan,2024-07-19,Summer (May-Jul),35.98,2.55,0.43,0.45,2024,7,July,40.0,31.0,34.7,61.0,46.2,0.0,11.3,39.43,2.55,0.28,2.27,Surplus (Recharging),,,,,,564.0,85.6,75.3,28.4,61.5,202.0,250.0,13.0,8.0,733.0,49.4,Ndma/Pdma Punjab,Agriculture & Brick Kilns,2916,8.91,145.8,15588.94,Mepco,5720,8,36.5,2.8,7.0,Elevated (Heat Stress),70,Extreme (Humid),6.1,15.9,ILO Labor Models (2019/2030); BMJ Global Health (2024),6000,38.0,0.42,0.0
multan,2024-07-20,Summer (May-Jul),37.33,1.59,0.43,0.45,2024,7,July,39.8,29.1,34.6,62.0,46.7,4.2,27.5,41.49,1.59,0.28,1.31,Surplus (Recharging),,,,,,564.0,85.6,75.3,28.4,61.5,202.0,250.0,13.0,8.0,733.0,49.4,Ndma/Pdma Punjab,Agriculture & Brick Kilns,2916,8.91,145.8,15588.94,Mepco,5720,8,36.5,2.8,7.0,Elevated (Heat Stress),70,Extreme (Humid),6.1,15.9,ILO Labor Models (2019/2030); BMJ Global Health (2024),6000,38.0,0.42,0.0
multan,2024-07-21,Summer (May-Jul),38.36,0.05,0.41,0.45,2024,7,July,40.0,29.6,35.1,61.0,46.1,0.0,9.8,44.26,0.05,0.32,-0.27,Severe Deficit (Water Loss),,,,,,564.0,85.6,75.3,28.4,61.5,202.0,250.0,13.0,8.0,733.0,49.4,Ndma/Pdma Punjab,Agriculture & Brick Kilns,2916,8.91,145.8,15588.94,Mepco,5720,8,36.5,2.8,7.0,Elevated (Heat Stress),70,Extreme (Humid),6.1,15.9,ILO Labor Models (2019/2030); BMJ Global Health (2024),6000,38.0,0.42,0.0
multan,2024-07-22,Summer (May-Jul),38.76,0.0,0.39,0.44,2024,7,July,41.6,31.9,36.5,52.0,48.1,0.0,12.7,44.72,0.0,0.23,-0.23,Severe Deficit (Water Loss),,,,,,564.0,85.6,75.3,28.4,61.5,202.0,250.0,13.0,8.0,733.0,49.4,Ndma/Pdma Punjab,Agriculture & Brick Kilns,2916,8.91,145.8,15588.94,Mepco,5720,8,36.5,2.8,7.0,Elevated (Heat Stress),70,Extreme (Humid),6.1,15.9,ILO Labor Models (2019/2030); BMJ Global Health (2024),6000,38.0,0.42,0.0
multan,2024-07-23,Summer (May-Jul),38.73,0.04,0.38,0.44,2024,7,July,41.8,31.6,36.1,53.0,47.1,0.1,15.9,45.63,0.04,0.24,-0.2,Severe Deficit (Water Loss),,,,,,564.0,85.6,75.3,28.4,61.5,202.0,250.0,13.0,8.0,733.0,49.4,Ndma/Pdma Punjab,Agriculture & Brick Kilns,2916,8.91,145.8,15588.94,Mepco,5720,8,36.5,2.8,7.0,Elevated (Heat Stress),70,Extreme (Humid),6.1,15.9,ILO Labor Models (2019/2030); BMJ Global Health (2024),6000,38.0,0.42,0.0
multan,2024-07-24,Summer (May-Jul),36.72,2.9,0.41,0.43,2024,7,July,41.0,30.8,35.1,59.0,47.1,0.1,17.9,42.48,2.9,0.16,2.74,Surplus (Recharging),,,,,,564.0,85.6,75.3,28.4,61.5,202.0,250.0,13.0,8.0,733.0,49.4,Ndma/Pdma Punjab,Agriculture & Brick Kilns,2916,8.91,145.8,15588.94,Mepco,5720,8,36.5,2.8,7.0,Elevated (Heat Stress),70,Extreme (Humid),6.1,15.9,ILO Labor Models (2019/2030); BMJ Global Health (2024),6000,38.0,0.42,0.0
multan,2024-07-25,Summer (May-Jul),38.04,0.0,0.38,0.43,2024,7,July,40.6,30.0,35.0,60.0,47.5,0.0,12.8,45.09,0.0,0.14,-0.14,Severe Deficit (Water Loss),,,,,,564.0,85.6,75.3,28.4,61.5,202.0,250.0,13.0,8.0,733.0,49.4,Ndma/Pdma Punjab,Agriculture & Brick Kilns,2916,8.91,145.8,15588.94,Mepco,5720,8,36.5,2.8,7.0,Elevated (Heat Stress),70,Extreme (Humid),6.1,15.9,ILO Labor Models (2019/2030); BMJ Global Health (2024),6000,38.0,0.42,0.0
multan,2024-07-26,Summer (May-Jul),39.93,0.0,0.34,0.42,2024,7,July,41.7,32.8,36.7,51.0,47.5,0.0,14.2,46.64,0.0,0.14,-0.14,Severe Deficit (Water Loss),,,,,,564.0,85.6,75.3,28.4,61.5,202.0,250.0,13.0,8.0,733.0,49.4,Ndma/Pdma Punjab,Agriculture & Brick Kilns,2916,8.91,145.8,15588.94,Mepco,5720,8,36.5,2.8,7.0,Elevated (Heat Stress),70,Extreme (Humid),6.1,15.9,ILO Labor Models (2019/2030); BMJ Global Health (2024),6000,38.0,0.42,0.0
multan,2024-07-27,Summer (May-Jul),40.45,1.22,0.31,0.42,2024,7,July,41.8,33.6,37.0,51.0,47.7,0.0,16.8,47.38,1.22,0.15,1.07,Surplus (Recharging),,,,,,564.0,85.6,75.3,28.4,61.5,202.0,250.0,13.0,8.0,733.0,49.4,Ndma/Pdma Punjab,Agriculture & Brick Kilns,2916,8.91,145.8,15588.94,Mepco,5720,8,36.5,2.8,7.0,Elevated (Heat Stress),70,Extreme (Humid),6.1,15.9,ILO Labor Models (2019/2030); BMJ Global Health (2024),6000,38.0,0.42,0.0
multan,2024-07-28,Summer (May-Jul),40.1,0.11,0.29,0.42,2024,7,July,40.6,32.3,36.3,53.0,47.1,0.0,11.0,46.14,0.11,0.13,-0.02,Severe Deficit (Water Loss),,,,,,564.0,85.6,75.3,28.4,61.5,202.0,250.0,13.0,8.0,733.0,49.4,Ndma/Pdma Punjab,Agriculture & Brick Kilns,2916,8.91,145.8,15588.94,Mepco,5720,8,36.5,2.8,7.0,Elevated (Heat Stress),70,Extreme (Humid),6.1,15.9,ILO Labor Models (2019/2030); BMJ Global Health (2024),6000,38.0,0.42,0.0
multan,2024-07-29,Summer (May-Jul),40.16,0.3,0.26,0.42,2024,7,July,38.4,32.4,35.2,60.0,44.5,0.0,20.8,44.91,0.3,0.17,0.13,Surplus (Recharging),,,,,,564.0,85.6,75.3,28.4,61.5,202.0,250.0,13.0,8.0,733.0,49.4,Ndma/Pdma Punjab,Agriculture & Brick Kilns,2916,8.91,145.8,15588.94,Mepco,5720,8,36.5,2.8,7.0,Elevated (Heat Stress),70,Extreme (Humid),6.1,15.9,ILO Labor Models (2019/2030); BMJ Global Health (2024),6000,38.0,0.42,0.0
multan,2024-07-30,Summer (May-Jul),36.88,8.04,0.38,0.43,2024,7,July,38.7,29.7,34.2,67.0,47.1,0.4,12.8,39.09,8.04,0.09,7.95,Surplus (Recharging),,,,,,564.0,85.6,75.3,28.4,61.5,202.0,250.0,13.0,8.0,733.0,49.4,Ndma/Pdma Punjab,Agriculture & Brick Kilns,2916,8.91,145.8,15588.94,Mepco,5720,8,36.5,2.8,7.0,Elevated (Heat Stress),70,Extreme (Humid),6.1,15.9,ILO Labor Models (2019/2030); BMJ Global Health (2024),6000,38.0,0.42,0.0
multan,2024-07-31,Summer (May-Jul),36.86,0.02,0.4,0.43,2024,7,July,40.8,31.0,35.8,62.0,48.4,0.0,21.4,40.69,0.02,0.13,-0.11,Severe Deficit (Water Loss),,,,,,564.0,85.6,75.3,28.4,61.5,202.0,250.0,13.0,8.0,733.0,49.4,Ndma/Pdma Punjab,Agriculture & Brick Kilns,2916,8.91,145.8,15588.94,Mepco,5720,8,36.5,2.8,7.0,Elevated (Heat Stress),70,Extreme (Humid),6.1,15.9,ILO Labor Models (2019/2030); BMJ Global Health (2024),6000,38.0,0.42,0.0
multan,2024-12-01,Winter (Dec-Jan),20.43,2.57,0.29,0.41,2024,12,,,,,,,,,,,,,,,,,,,,,,,,,,,,,,,Agriculture & Brick Kilns,0,0.0,0.0,0.0,Mepco,990,1,20.5,0.0,0.0,Baseline,65,Safe,0.0,0.0,ILO Labor Models (2019/2030); BMJ Global Health (2024),6000,38.0,0.42,0.0
multan,2024-12-02,Winter (Dec-Jan),19.78,1.19,0.28,0.41,2024,12,,,,,,,,,,,,,,,,,,,,,,,,,,,,,,,Agriculture & Brick Kilns,0,0.0,0.0,0.0,Mepco,990,1,20.5,0.0,0.0,Baseline,65,Safe,0.0,0.0,ILO Labor Models (2019/2030); BMJ Global Health (2024),6000,38.0,0.42,0.0
multan,2024-12-03,Winter (Dec-Jan),19.03,0.09,0.29,0.41,2024,12,,,,,,,,,,,,,,,,,,,,,,,,,,,,,,,Agriculture & Brick Kilns,0,0.0,0.0,0.0,Mepco,990,1,20.5,0.0,0.0,Baseline,65,Safe,0.0,0.0,ILO Labor Models (2019/2030); BMJ Global Health (2024),6000,38.0,0.42,0.0
multan,2024-12-04,Winter (Dec-Jan),19.24,0.0,0.27,0.41,2024,12,,,,,,,,,,,,,,,,,,,,,,,,,,,,,,,Agriculture & Brick Kilns,0,0.0,0.0,0.0,Mepco,990,1,20.5,0.0,0.0,Baseline,65,Safe,0.0,0.0,ILO Labor Models (2019/2030); BMJ Global Health (2024),6000,38.0,0.42,0.0
multan,2024-12-05,Winter (Dec-Jan),18.09,0.0,0.26,0.41,2024,12,,,,,,,,,,,,,,,,,,,,,,,,,,,,,,,Agriculture & Brick Kilns,0,0.0,0.0,0.0,Mepco,990,1,20.5,0.0,0.0,Baseline,65,Safe,0.0,0.0,ILO Labor Models (2019/2030); BMJ Global Health (2024),6000,38.0,0.42,0.0
multan,2024-12-06,Winter (Dec-Jan),16.75,0.0,0.25,0.41,2024,12,,,,,,,,,,,,,,,,,,,,,,,,,,,,,,,Agriculture & Brick Kilns,0,0.0,0.0,0.0,Mepco,990,1,20.5,0.0,0.0,Baseline,65,Safe,0.0,0.0,ILO Labor Models (2019/2030); BMJ Global Health (2024),6000,38.0,0.42,0.0
multan,2024-12-07,Winter (Dec-Jan),16.23,0.0,0.24,0.41,2024,12,,,,,,,,,,,,,,,,,,,,,,,,,,,,,,,Agriculture & Brick Kilns,0,0.0,0.0,0.0,Mepco,990,1,20.5,0.0,0.0,Baseline,65,Safe,0.0,0.0,ILO Labor Models (2019/2030); BMJ Global Health (2024),6000,38.0,0.42,0.0
multan,2024-12-08,Winter (Dec-Jan),13.48,0.03,0.24,0.41,2024,12,,,,,,,,,,,,,,,,,,,,,,,,,,,,,,,Agriculture & Brick Kilns,0,0.0,0.0,0.0,Mepco,990,1,20.5,0.0,0.0,Baseline,65,Safe,0.0,0.0,ILO Labor Models (2019/2030); BMJ Global Health (2024),6000,38.0,0.42,0.0
multan,2024-12-09,Winter (Dec-Jan),12.36,0.03,0.23,0.41,2024,12,,,,,,,,,,,,,,,,,,,,,,,,,,,,,,,Agriculture & Brick Kilns,0,0.0,0.0,0.0,Mepco,990,1,20.5,0.0,0.0,Baseline,65,Safe,0.0,0.0,ILO Labor Models (2019/2030); BMJ Global Health (2024),6000,38.0,0.42,0.0
multan,2024-12-10,Winter (Dec-Jan),12.66,0.0,0.23,0.41,2024,12,,,,,,,,,,,,,,,,,,,,,,,,,,,,,,,Agriculture & Brick Kilns,0,0.0,0.0,0.0,Mepco,990,1,20.5,0.0,0.0,Baseline,65,Safe,0.0,0.0,ILO Labor Models (2019/2030); BMJ Global Health (2024),6000,38.0,0.42,0.0
multan,2024-12-11,Winter (Dec-Jan),14.19,0.0,0.22,0.41,2024,12,,,,,,,,,,,,,,,,,,,,,,,,,,,,,,,Agriculture & Brick Kilns,0,0.0,0.0,0.0,Mepco,990,1,20.5,0.0,0.0,Baseline,65,Safe,0.0,0.0,ILO Labor Models (2019/2030); BMJ Global Health (2024),6000,38.0,0.42,0.0
multan,2024-12-12,Winter (Dec-Jan),13.33,0.0,0.22,0.41,2024,12,,,,,,,,,,,,,,,,,,,,,,,,,,,,,,,Agriculture & Brick Kilns,0,0.0,0.0,0.0,Mepco,990,1,20.5,0.0,0.0,Baseline,65,Safe,0.0,0.0,ILO Labor Models (2019/2030); BMJ Global Health (2024),6000,38.0,0.42,0.0
multan,2024-12-13,Winter (Dec-Jan),14.14,0.0,0.22,0.41,2024,12,,,,,,,,,,,,,,,,,,,,,,,,,,,,,,,Agriculture & Brick Kilns,0,0.0,0.0,0.0,Mepco,990,1,20.5,0.0,0.0,Baseline,65,Safe,0.0,0.0,ILO Labor Models (2019/2030); BMJ Global Health (2024),6000,38.0,0.42,0.0
multan,2024-12-14,Winter (Dec-Jan),14.84,0.0,0.21,0.41,2024,12,,,,,,,,,,,,,,,,,,,,,,,,,,,,,,,Agriculture & Brick Kilns,0,0.0,0.0,0.0,Mepco,990,1,20.5,0.0,0.0,Baseline,65,Safe,0.0,0.0,ILO Labor Models (2019/2030); BMJ Global Health (2024),6000,38.0,0.42,0.0
multan,2024-12-15,Winter (Dec-Jan),15.96,0.0,0.21,0.41,2024,12,,,,,,,,,,,,,,,,,,,,,,,,,,,,,,,Agriculture & Brick Kilns,0,0.0,0.0,0.0,Mepco,990,1,20.5,0.0,0.0,Baseline,65,Safe,0.0,0.0,ILO Labor Models (2019/2030); BMJ Global Health (2024),6000,38.0,0.42,0.0
multan,2024-12-16,Winter (Dec-Jan),15.26,0.0,0.21,0.4,2024,12,,,,,,,,,,,,,,,,,,,,,,,,,,,,,,,Agriculture & Brick Kilns,0,0.0,0.0,0.0,Mepco,990,1,20.5,0.0,0.0,Baseline,65,Safe,0.0,0.0,ILO Labor Models (2019/2030); BMJ Global Health (2024),6000,38.0,0.42,0.0
multan,2024-12-17,Winter (Dec-Jan),14.78,0.0,0.2,0.4,2024,12,,,,,,,,,,,,,,,,,,,,,,,,,,,,,,,Agriculture & Brick Kilns,0,0.0,0.0,0.0,Mepco,990,1,20.5,0.0,0.0,Baseline,65,Safe,0.0,0.0,ILO Labor Models (2019/2030); BMJ Global Health (2024),6000,38.0,0.42,0.0
multan,2024-12-18,Winter (Dec-Jan),15.3,0.0,0.2,0.4,2024,12,,,,,,,,,,,,,,,,,,,,,,,,,,,,,,,Agriculture & Brick Kilns,0,0.0,0.0,0.0,Mepco,990,1,20.5,0.0,0.0,Baseline,65,Safe,0.0,0.0,ILO Labor Models (2019/2030); BMJ Global Health (2024),6000,38.0,0.42,0.0
multan,2024-12-19,Winter (Dec-Jan),13.71,0.0,0.2,0.4,2024,12,,,,,,,,,,,,,,,,,,,,,,,,,,,,,,,Agriculture & Brick Kilns,0,0.0,0.0,0.0,Mepco,990,1,20.5,0.0,0.0,Baseline,65,Safe,0.0,0.0,ILO Labor Models (2019/2030); BMJ Global Health (2024),6000,38.0,0.42,0.0
multan,2024-12-20,Winter (Dec-Jan),12.13,0.0,0.2,0.4,2024,12,,,,,,,,,,,,,,,,,,,,,,,,,,,,,,,Agriculture & Brick Kilns,0,0.0,0.0,0.0,Mepco,990,1,20.5,0.0,0.0,Baseline,65,Safe,0.0,0.0,ILO Labor Models (2019/2030); BMJ Global Health (2024),6000,38.0,0.42,0.0
multan,2024-12-21,Winter (Dec-Jan),12.81,0.0,0.19,0.4,2024,12,,,,,,,,,,,,,,,,,,,,,,,,,,,,,,,Agriculture & Brick Kilns,0,0.0,0.0,0.0,Mepco,990,1,20.5,0.0,0.0,Baseline,65,Safe,0.0,0.0,ILO Labor Models (2019/2030); BMJ Global Health (2024),6000,38.0,0.42,0.0
multan,2024-12-22,Winter (Dec-Jan),13.27,0.0,0.19,0.4,2024,12,,,,,,,,,,,,,,,,,,,,,,,,,,,,,,,Agriculture & Brick Kilns,0,0.0,0.0,0.0,Mepco,990,1,20.5,0.0,0.0,Baseline,65,Safe,0.0,0.0,ILO Labor Models (2019/2030); BMJ Global Health (2024),6000,38.0,0.42,0.0
multan,2024-12-23,Winter (Dec-Jan),12.8,0.02,0.19,0.4,2024,12,,,,,,,,,,,,,,,,,,,,,,,,,,,,,,,Agriculture & Brick Kilns,0,0.0,0.0,0.0,Mepco,990,1,20.5,0.0,0.0,Baseline,65,Safe,0.0,0.0,ILO Labor Models (2019/2030); BMJ Global Health (2024),6000,38.0,0.42,0.0
multan,2024-12-24,Winter (Dec-Jan),13.16,0.0,0.19,0.4,2024,12,,,,,,,,,,,,,,,,,,,,,,,,,,,,,,,Agriculture & Brick Kilns,0,0.0,0.0,0.0,Mepco,990,1,20.5,0.0,0.0,Baseline,65,Safe,0.0,0.0,ILO Labor Models (2019/2030); BMJ Global Health (2024),6000,38.0,0.42,0.0
multan,2024-12-25,Winter (Dec-Jan),13.75,0.0,0.19,0.4,2024,12,,,,,,,,,,,,,,,,,,,,,,,,,,,,,,,Agriculture & Brick Kilns,0,0.0,0.0,0.0,Mepco,990,1,20.5,0.0,0.0,Baseline,65,Safe,0.0,0.0,ILO Labor Models (2019/2030); BMJ Global Health (2024),6000,38.0,0.42,0.0
multan,2024-12-26,Winter (Dec-Jan),14.11,0.0,0.19,0.4,2024,12,,,,,,,,,,,,,,,,,,,,,,,,,,,,,,,Agriculture & Brick Kilns,0,0.0,0.0,0.0,Mepco,990,1,20.5,0.0,0.0,Baseline,65,Safe,0.0,0.0,ILO Labor Models (2019/2030); BMJ Global Health (2024),6000,38.0,0.42,0.0
multan,2024-12-27,Winter (Dec-Jan),13.3,0.0,0.19,0.4,2024,12,,,,,,,,,,,,,,,,,,,,,,,,,,,,,,,Agriculture & Brick Kilns,0,0.0,0.0,0.0,Mepco,990,1,20.5,0.0,0.0,Baseline,65,Safe,0.0,0.0,ILO Labor Models (2019/2030); BMJ Global Health (2024),6000,38.0,0.42,0.0
multan,2024-12-28,Winter (Dec-Jan),14.25,0.0,0.19,0.4,2024,12,,,,,,,,,,,,,,,,,,,,,,,,,,,,,,,Agriculture & Brick Kilns,0,0.0,0.0,0.0,Mepco,990,1,20.5,0.0,0.0,Baseline,65,Safe,0.0,0.0,ILO Labor Models (2019/2030); BMJ Global Health (2024),6000,38.0,0.42,0.0
multan,2024-12-29,Winter (Dec-Jan),14.28,0.0,0.18,0.4,2024,12,,,,,,,,,,,,,,,,,,,,,,,,,,,,,,,Agriculture & Brick Kilns,0,0.0,0.0,0.0,Mepco,990,1,20.5,0.0,0.0,Baseline,65,Safe,0.0,0.0,ILO Labor Models (2019/2030); BMJ Global Health (2024),6000,38.0,0.42,0.0
multan,2024-12-30,Winter (Dec-Jan),13.92,0.0,0.18,0.4,2024,12,,,,,,,,,,,,,,,,,,,,,,,,,,,,,,,Agriculture & Brick Kilns,0,0.0,0.0,0.0,Mepco,990,1,20.5,0.0,0.0,Baseline,65,Safe,0.0,0.0,ILO Labor Models (2019/2030); BMJ Global Health (2024),6000,38.0,0.42,0.0
multan,2024-12-31,Winter (Dec-Jan),14.38,0.0,0.18,0.4,2024,12,,,,,,,,,,,,,,,,,,,,,,,,,,,,,,,Agriculture & Brick Kilns,0,0.0,0.0,0.0,Mepco,990,1,20.5,0.0,0.0,Baseline,65,Safe,0.0,0.0,ILO Labor Models (2019/2030); BMJ Global Health (2024),6000,38.0,0.42,0.0
multan,2025-01-01,Winter (Dec-Jan),16.43,0.0,0.18,0.4,2025,1,,,,,,,,,,,,,,,,,,,,,,,,,,,,,,,Agriculture & Brick Kilns,0,0.0,0.0,0.0,Mepco,800,1,19.5,0.0,0.0,Baseline,65,Safe,0.0,0.0,,4500,37.38,0.41,0.0
multan,2025-01-02,Winter (Dec-Jan),17.21,0.0,0.17,0.4,2025,1,,,,,,,,,,,,,,,,,,,,,,,,,,,,,,,Agriculture & Brick Kilns,0,0.0,0.0,0.0,Mepco,800,1,19.5,0.0,0.0,Baseline,65,Safe,0.0,0.0,,4500,37.38,0.41,0.0
multan,2025-01-03,Winter (Dec-Jan),17.35,0.0,0.17,0.4,2025,1,,,,,,,,,,,,,,,,,,,,,,,,,,,,,,,Agriculture & Brick Kilns,0,0.0,0.0,0.0,Mepco,800,1,19.5,0.0,0.0,Baseline,65,Safe,0.0,0.0,,4500,37.38,0.41,0.0
multan,2025-01-04,Winter (Dec-Jan),15.69,0.05,0.17,0.4,2025,1,,,,,,,,,,,,,,,,,,,,,,,,,,,,,,,Agriculture & Brick Kilns,0,0.0,0.0,0.0,Mepco,800,1,19.5,0.0,0.0,Baseline,65,Safe,0.0,0.0,,4500,37.38,0.41,0.0
multan,2025-01-05,Winter (Dec-Jan),14.95,0.0,0.17,0.4,2025,1,,,,,,,,,,,,,,,,,,,,,,,,,,,,,,,Agriculture & Brick Kilns,0,0.0,0.0,0.0,Mepco,800,1,19.5,0.0,0.0,Baseline,65,Safe,0.0,0.0,,4500,37.38,0.41,0.0
multan,2025-01-06,Winter (Dec-Jan),13.19,0.0,0.17,0.4,2025,1,,,,,,,,,,,,,,,,,,,,,,,,,,,,,,,Agriculture & Brick Kilns,0,0.0,0.0,0.0,Mepco,800,1,19.5,0.0,0.0,Baseline,65,Safe,0.0,0.0,,4500,37.38,0.41,0.0
multan,2025-01-07,Winter (Dec-Jan),13.7,0.0,0.17,0.4,2025,1,,,,,,,,,,,,,,,,,,,,,,,,,,,,,,,Agriculture & Brick Kilns,0,0.0,0.0,0.0,Mepco,800,1,19.5,0.0,0.0,Baseline,65,Safe,0.0,0.0,,4500,37.38,0.41,0.0
multan,2025-01-08,Winter (Dec-Jan),16.51,0.0,0.16,0.4,2025,1,,,,,,,,,,,,,,,,,,,,,,,,,,,,,,,Agriculture & Brick Kilns,0,0.0,0.0,0.0,Mepco,800,1,19.5,0.0,0.0,Baseline,65,Safe,0.0,0.0,,4500,37.38,0.41,0.0
multan,2025-01-09,Winter (Dec-Jan),15.04,0.0,0.16,0.4,2025,1,,,,,,,,,,,,,,,,,,,,,,,,,,,,,,,Agriculture & Brick Kilns,0,0.0,0.0,0.0,Mepco,800,1,19.5,0.0,0.0,Baseline,65,Safe,0.0,0.0,,4500,37.38,0.41,0.0
multan,2025-01-10,Winter (Dec-Jan),14.3,0.0,0.16,0.4,2025,1,,,,,,,,,,,,,,,,,,,,,,,,,,,,,,,Agriculture & Brick Kilns,0,0.0,0.0,0.0,Mepco,800,1,19.5,0.0,0.0,Baseline,65,Safe,0.0,0.0,,4500,37.38,0.41,0.0
multan,2025-01-11,Winter (Dec-Jan),12.73,0.0,0.16,0.4,2025,1,,,,,,,,,,,,,,,,,,,,,,,,,,,,,,,Agriculture & Brick Kilns,0,0.0,0.0,0.0,Mepco,800,1,19.5,0.0,0.0,Baseline,65,Safe,0.0,0.0,,4500,37.38,0.41,0.0
multan,2025-01-12,Winter (Dec-Jan),13.05,0.26,0.17,0.4,2025,1,,,,,,,,,,,,,,,,,,,,,,,,,,,,,,,Agriculture & Brick Kilns,0,0.0,0.0,0.0,Mepco,800,1,19.5,0.0,0.0,Baseline,65,Safe,0.0,0.0,,4500,37.38,0.41,0.0
multan,2025-01-13,Winter (Dec-Jan),14.56,0.0,0.17,0.4,2025,1,,,,,,,,,,,,,,,,,,,,,,,,,,,,,,,Agriculture & Brick Kilns,0,0.0,0.0,0.0,Mepco,800,1,19.5,0.0,0.0,Baseline,65,Safe,0.0,0.0,,4500,37.38,0.41,0.0
multan,2025-01-14,Winter (Dec-Jan),15.08,0.0,0.17,0.4,2025,1,,,,,,,,,,,,,,,,,,,,,,,,,,,,,,,Agriculture & Brick Kilns,0,0.0,0.0,0.0,Mepco,800,1,19.5,0.0,0.0,Baseline,65,Safe,0.0,0.0,,4500,37.38,0.41,0.0
multan,2025-01-15,Winter (Dec-Jan),15.43,0.01,0.16,0.4,2025,1,,,,,,,,,,,,,,,,,,,,,,,,,,,,,,,Agriculture & Brick Kilns,0,0.0,0.0,0.0,Mepco,800,1,19.5,0.0,0.0,Baseline,65,Safe,0.0,0.0,,4500,37.38,0.41,0.0
multan,2025-01-16,Winter (Dec-Jan),14.18,0.16,0.17,0.4,2025,1,,,,,,,,,,,,,,,,,,,,,,,,,,,,,,,Agriculture & Brick Kilns,0,0.0,0.0,0.0,Mepco,800,1,19.5,0.0,0.0,Baseline,65,Safe,0.0,0.0,,4500,37.38,0.41,0.0
multan,2025-01-17,Winter (Dec-Jan),14.02,0.0,0.17,0.4,2025,1,,,,,,,,,,,,,,,,,,,,,,,,,,,,,,,Agriculture & Brick Kilns,0,0.0,0.0,0.0,Mepco,800,1,19.5,0.0,0.0,Baseline,65,Safe,0.0,0.0,,4500,37.38,0.41,0.0
multan,2025-01-18,Winter (Dec-Jan),15.68,0.0,0.17,0.4,2025,1,,,,,,,,,,,,,,,,,,,,,,,,,,,,,,,Agriculture & Brick Kilns,0,0.0,0.0,0.0,Mepco,800,1,19.5,0.0,0.0,Baseline,65,Safe,0.0,0.0,,4500,37.38,0.41,0.0
multan,2025-01-19,Winter (Dec-Jan),13.94,0.0,0.17,0.4,2025,1,,,,,,,,,,,,,,,,,,,,,,,,,,,,,,,Agriculture & Brick Kilns,0,0.0,0.0,0.0,Mepco,800,1,19.5,0.0,0.0,Baseline,65,Safe,0.0,0.0,,4500,37.38,0.41,0.0
multan,2025-01-20,Winter (Dec-Jan),15.33,0.01,0.16,0.4,2025,1,,,,,,,,,,,,,,,,,,,,,,,,,,,,,,,Agriculture & Brick Kilns,0,0.0,0.0,0.0,Mepco,800,1,19.5,0.0,0.0,Baseline,65,Safe,0.0,0.0,,4500,37.38,0.41,0.0
multan,2025-01-21,Winter (Dec-Jan),15.44,0.01,0.16,0.4,2025,1,,,,,,,,,,,,,,,,,,,,,,,,,,,,,,,Agriculture & Brick Kilns,0,0.0,0.0,0.0,Mepco,800,1,19.5,0.0,0.0,Baseline,65,Safe,0.0,0.0,,4500,37.38,0.41,0.0
multan,2025-01-22,Winter (Dec-Jan),16.4,0.09,0.17,0.4,2025,1,,,,,,,,,,,,,,,,,,,,,,,,,,,,,,,Agriculture & Brick Kilns,0,0.0,0.0,0.0,Mepco,800,1,19.5,0.0,0.0,Baseline,65,Safe,0.0,0.0,,4500,37.38,0.41,0.0
multan,2025-01-23,Winter (Dec-Jan),15.96,0.0,0.16,0.4,2025,1,,,,,,,,,,,,,,,,,,,,,,,,,,,,,,,Agriculture & Brick Kilns,0,0.0,0.0,0.0,Mepco,800,1,19.5,0.0,0.0,Baseline,65,Safe,0.0,0.0,,4500,37.38,0.41,0.0
multan,2025-01-24,Winter (Dec-Jan),14.69,0.0,0.16,0.4,2025,1,,,,,,,,,,,,,,,,,,,,,,,,,,,,,,,Agriculture & Brick Kilns,0,0.0,0.0,0.0,Mepco,800,1,19.5,0.0,0.0,Baseline,65,Safe,0.0,0.0,,4500,37.38,0.41,0.0
multan,2025-01-25,Winter (Dec-Jan),15.97,0.0,0.16,0.4,2025,1,,,,,,,,,,,,,,,,,,,,,,,,,,,,,,,Agriculture & Brick Kilns,0,0.0,0.0,0.0,Mepco,800,1,19.5,0.0,0.0,Baseline,65,Safe,0.0,0.0,,4500,37.38,0.41,0.0
multan,2025-01-26,Winter (Dec-Jan),16.43,0.0,0.16,0.4,2025,1,,,,,,,,,,,,,,,,,,,,,,,,,,,,,,,Agriculture & Brick Kilns,0,0.0,0.0,0.0,Mepco,800,1,19.5,0.0,0.0,Baseline,65,Safe,0.0,0.0,,4500,37.38,0.41,0.0
multan,2025-01-27,Winter (Dec-Jan),17.14,0.0,0.15,0.4,2025,1,,,,,,,,,,,,,,,,,,,,,,,,,,,,,,,Agriculture & Brick Kilns,0,0.0,0.0,0.0,Mepco,800,1,19.5,0.0,0.0,Baseline,65,Safe,0.0,0.0,,4500,37.38,0.41,0.0
multan,2025-01-28,Winter (Dec-Jan),16.64,0.0,0.15,0.4,2025,1,,,,,,,,,,,,,,,,,,,,,,,,,,,,,,,Agriculture & Brick Kilns,0,0.0,0.0,0.0,Mepco,800,1,19.5,0.0,0.0,Baseline,65,Safe,0.0,0.0,,4500,37.38,0.41,0.0
multan,2025-01-29,Winter (Dec-Jan),17.4,0.0,0.15,0.4,2025,1,,,,,,,,,,,,,,,,,,,,,,,,,,,,,,,Agriculture & Brick Kilns,0,0.0,0.0,0.0,Mepco,800,1,19.5,0.0,0.0,Baseline,65,Safe,0.0,0.0,,4500,37.38,0.41,0.0
multan,2025-01-30,Winter (Dec-Jan),15.06,0.0,0.15,0.4,2025,1,,,,,,,,,,,,,,,,,,,,,,,,,,,,,,,Agriculture & Brick Kilns,0,0.0,0.0,0.0,Mepco,800,1,19.5,0.0,0.0,Baseline,65,Safe,0.0,0.0,,4500,37.38,0.41,0.0
multan,2025-01-31,Winter (Dec-Jan),15.12,0.0,0.15,0.4,2025,1,,,,,,,,,,,,,,,,,,,,,,,,,,,,,,,Agriculture & Brick Kilns,0,0.0,0.0,0.0,Mepco,800,1,19.5,0.0,0.0,Baseline,65,Safe,0.0,0.0,,4500,37.38,0.41,0.0
multan,2025-05-01,Summer (May-Jul),37.32,0.45,0.08,0.4,2025,5,,,,,,,,,46.29,0.45,0.01,0.44,Surplus (Recharging),,,,,,,,,,,,,,,,,,Agriculture & Brick Kilns,1296,3.96,64.8,3079.3,Mepco,4500,6,39.0,3.62,9.1,Critical (High Er Visits),30,Extreme,5.2,13.5,,4500,37.38,0.41,0.0
multan,2025-05-02,Summer (May-Jul),36.08,4.87,0.14,0.4,2025,5,,,,,,,,,44.02,4.87,0.01,4.86,Surplus (Recharging),,,,,,,,,,,,,,,,,,Agriculture & Brick Kilns,1296,3.96,64.8,3079.3,Mepco,4500,6,39.0,3.62,9.1,Critical (High Er Visits),30,Extreme,5.2,13.5,,4500,37.38,0.41,0.0
multan,2025-05-03,Summer (May-Jul),33.62,0.16,0.28,0.41,2025,5,,,,,,,,,40.38,0.16,0.01,0.15,Surplus (Recharging),,,,,,,,,,,,,,,,,,Agriculture & Brick Kilns,1296,3.96,64.8,3079.3,Mepco,4500,6,39.0,3.62,9.1,Critical (High Er Visits),30,Extreme,5.2,13.5,,4500,37.38,0.41,0.0
multan,2025-05-04,Summer (May-Jul),32.9,0.8,0.25,0.41,2025,5,,,,,,,,,38.58,0.8,0.01,0.79,Surplus (Recharging),,,,,,,,,,,,,,,,,,Agriculture & Brick Kilns,1296,3.96,64.8,3079.3,Mepco,4500,6,39.0,3.62,9.1,Critical (High Er Visits),30,Extreme,5.2,13.5,,4500,37.38,0.41,0.0
multan,2025-05-05,Summer (May-Jul),29.55,0.63,0.27,0.41,2025,5,,,,,,,,,34.82,0.63,0.01,0.62,Surplus (Recharging),,,,,,,,,,,,,,,,,,Agriculture & Brick Kilns,1296,3.96,64.8,3079.3,Mepco,4500,6,39.0,3.62,9.1,Critical (High Er Visits),30,Extreme,5.2,13.5,,4500,37.38,0.41,0.0
multan,2025-05-06,Summer (May-Jul),33.29,0.0,0.25,0.41,2025,5,,,,,,,,,39.83,0.0,0.01,-0.01,Severe Deficit (Water Loss),,,,,,,,,,,,,,,,,,Agriculture & Brick Kilns,1296,3.96,64.8,3079.3,Mepco,4500,6,39.0,3.62,9.1,Critical (High Er Visits),30,Extreme,5.2,13.5,,4500,37.38,0.41,0.0
multan,2025-05-07,Summer (May-Jul),34.79,0.0,0.22,0.4,2025,5,,,,,,,,,41.29,0.0,0.01,-0.01,Severe Deficit (Water Loss),,,,,,,,,,,,,,,,,,Agriculture & Brick Kilns,1296,3.96,64.8,3079.3,Mepco,4500,6,39.0,3.62,9.1,Critical (High Er Visits),30,Extreme,5.2,13.5,,4500,37.38,0.41,0.0
multan,2025-05-08,Summer (May-Jul),35.69,0.11,0.21,0.4,2025,5,,,,,,,,,43.29,0.11,0.01,0.1,Surplus (Recharging),,,,,,,,,,,,,,,,,,Agriculture & Brick Kilns,1296,3.96,64.8,3079.3,Mepco,4500,6,39.0,3.62,9.1,Critical (High Er Visits),30,Extreme,5.2,13.5,,4500,37.38,0.41,0.0
multan,2025-05-09,Summer (May-Jul),33.51,6.34,0.31,0.41,2025,5,,,,,,,,,38.74,6.34,0.01,6.33,Surplus (Recharging),,,,,,,,,,,,,,,,,,Agriculture & Brick Kilns,1296,3.96,64.8,3079.3,Mepco,4500,6,39.0,3.62,9.1,Critical (High Er Visits),30,Extreme,5.2,13.5,,4500,37.38,0.41,0.0
multan,2025-05-10,Summer (May-Jul),34.21,0.0,0.33,0.41,2025,5,,,,,,,,,40.85,0.0,0.01,-0.01,Severe Deficit (Water Loss),,,,,,,,,,,,,,,,,,Agriculture & Brick Kilns,1296,3.96,64.8,3079.3,Mepco,4500,6,39.0,3.62,9.1,Critical (High Er Visits),30,Extreme,5.2,13.5,,4500,37.38,0.41,0.0
multan,2025-05-11,Summer (May-Jul),36.4,0.0,0.27,0.41,2025,5,,,,,,,,,44.42,0.0,0.01,-0.01,Severe Deficit (Water Loss),,,,,,,,,,,,,,,,,,Agriculture & Brick Kilns,1296,3.96,64.8,3079.3,Mepco,4500,6,39.0,3.62,9.1,Critical (High Er Visits),30,Extreme,5.2,13.5,,4500,37.38,0.41,0.0
multan,2025-05-12,Summer (May-Jul),34.86,0.0,0.23,0.4,2025,5,,,,,,,,,43.16,0.0,0.0,0.0,Surplus (Recharging),,,,,,,,,,,,,,,,,,Agriculture & Brick Kilns,1296,3.96,64.8,3079.3,Mepco,4500,6,39.0,3.62,9.1,Critical (High Er Visits),30,Extreme,5.2,13.5,,4500,37.38,0.41,0.0
multan,2025-05-13,Summer (May-Jul),35.71,0.0,0.2,0.4,2025,5,,,,,,,,,43.76,0.0,0.01,-0.01,Severe Deficit (Water Loss),,,,,,,,,,,,,,,,,,Agriculture & Brick Kilns,1296,3.96,64.8,3079.3,Mepco,4500,6,39.0,3.62,9.1,Critical (High Er Visits),30,Extreme,5.2,13.5,,4500,37.38,0.41,0.0
multan,2025-05-14,Summer (May-Jul),37.55,0.0,0.19,0.4,2025,5,,,,,,,,,46.51,0.0,0.01,-0.01,Severe Deficit (Water Loss),,,,,,,,,,,,,,,,,,Agriculture & Brick Kilns,1296,3.96,64.8,3079.3,Mepco,4500,6,39.0,3.62,9.1,Critical (High Er Visits),30,Extreme,5.2,13.5,,4500,37.38,0.41,0.0
multan,2025-05-15,Summer (May-Jul),39.1,0.0,0.17,0.4,2025,5,,,,,,,,,48.11,0.0,0.01,-0.01,Severe Deficit (Water Loss),,,,,,,,,,,,,,,,,,Agriculture & Brick Kilns,1296,3.96,64.8,3079.3,Mepco,4500,6,39.0,3.62,9.1,Critical (High Er Visits),30,Extreme,5.2,13.5,,4500,37.38,0.41,0.0
multan,2025-05-16,Summer (May-Jul),39.46,0.0,0.16,0.4,2025,5,,,,,,,,,48.07,0.0,0.01,-0.01,Severe Deficit (Water Loss),,,,,,,,,,,,,,,,,,Agriculture & Brick Kilns,1296,3.96,64.8,3079.3,Mepco,4500,6,39.0,3.62,9.1,Critical (High Er Visits),30,Extreme,5.2,13.5,,4500,37.38,0.41,0.0
multan,2025-05-17,Summer (May-Jul),39.42,0.0,0.15,0.4,2025,5,,,,,,,,,47.91,0.0,0.01,-0.01,Severe Deficit (Water Loss),,,,,,,,,,,,,,,,,,Agriculture & Brick Kilns,1296,3.96,64.8,3079.3,Mepco,4500,6,39.0,3.62,9.1,Critical (High Er Visits),30,Extreme,5.2,13.5,,4500,37.38,0.41,0.0
multan,2025-05-18,Summer (May-Jul),40.08,0.0,0.14,0.4,2025,5,,,,,,,,,48.62,0.0,0.01,-0.01,Severe Deficit (Water Loss),,,,,,,,,,,,,,,,,,Agriculture & Brick Kilns,1296,3.96,64.8,3079.3,Mepco,4500,6,39.0,3.62,9.1,Critical (High Er Visits),30,Extreme,5.2,13.5,,4500,37.38,0.41,0.0
multan,2025-05-19,Summer (May-Jul),39.25,0.0,0.13,0.4,2025,5,,,,,,,,,47.15,0.0,0.01,-0.01,Severe Deficit (Water Loss),,,,,,,,,,,,,,,,,,Agriculture & Brick Kilns,1296,3.96,64.8,3079.3,Mepco,4500,6,39.0,3.62,9.1,Critical (High Er Visits),30,Extreme,5.2,13.5,,4500,37.38,0.41,0.0
multan,2025-05-20,Summer (May-Jul),40.11,0.0,0.13,0.4,2025,5,,,,,,,,,48.62,0.0,0.01,-0.01,Severe Deficit (Water Loss),,,,,,,,,,,,,,,,,,Agriculture & Brick Kilns,1296,3.96,64.8,3079.3,Mepco,4500,6,39.0,3.62,9.1,Critical (High Er Visits),30,Extreme,5.2,13.5,,4500,37.38,0.41,0.0
multan,2025-05-21,Summer (May-Jul),40.84,0.0,0.12,0.4,2025,5,,,,,,,,,49.95,0.0,0.01,-0.01,Severe Deficit (Water Loss),,,,,,,,,,,,,,,,,,Agriculture & Brick Kilns,1296,3.96,64.8,3079.3,Mepco,4500,6,39.0,3.62,9.1,Critical (High Er Visits),30,Extreme,5.2,13.5,,4500,37.38,0.41,0.0
multan,2025-05-22,Summer (May-Jul),41.77,0.0,0.12,0.4,2025,5,,,,,,,,,50.02,0.0,0.01,-0.01,Severe Deficit (Water Loss),,,,,,,,,,,,,,,,,,Agriculture & Brick Kilns,1296,3.96,64.8,3079.3,Mepco,4500,6,39.0,3.62,9.1,Critical (High Er Visits),30,Extreme,5.2,13.5,,4500,37.38,0.41,0.0
multan,2025-05-23,Summer (May-Jul),40.66,0.0,0.11,0.4,2025,5,,,,,,,,,48.76,0.0,0.01,-0.01,Severe Deficit (Water Loss),,,,,,,,,,,,,,,,,,Agriculture & Brick Kilns,1296,3.96,64.8,3079.3,Mepco,4500,6,39.0,3.62,9.1,Critical (High Er Visits),30,Extreme,5.2,13.5,,4500,37.38,0.41,0.0
multan,2025-05-24,Summer (May-Jul),39.82,0.33,0.12,0.4,2025,5,,,,,,,,,47.52,0.33,0.01,0.32,Surplus (Recharging),,,,,,,,,,,,,,,,,,Agriculture & Brick Kilns,1296,3.96,64.8,3079.3,Mepco,4500,6,39.0,3.62,9.1,Critical (High Er Visits),30,Extreme,5.2,13.5,,4500,37.38,0.41,0.0
multan,2025-05-25,Summer (May-Jul),38.37,0.0,0.12,0.4,2025,5,,,,,,,,,44.15,0.0,0.01,-0.01,Severe Deficit (Water Loss),,,,,,,,,,,,,,,,,,Agriculture & Brick Kilns,1296,3.96,64.8,3079.3,Mepco,4500,6,39.0,3.62,9.1,Critical (High Er Visits),30,Extreme,5.2,13.5,,4500,37.38,0.41,0.0
multan,2025-05-26,Summer (May-Jul),37.81,0.0,0.12,0.4,2025,5,,,,,,,,,44.38,0.0,0.01,-0.01,Severe Deficit (Water Loss),,,,,,,,,,,,,,,,,,Agriculture & Brick Kilns,1296,3.96,64.8,3079.3,Mepco,4500,6,39.0,3.62,9.1,Critical (High Er Visits),30,Extreme,5.2,13.5,,4500,37.38,0.41,0.0
multan,2025-05-27,Summer (May-Jul),38.65,0.41,0.12,0.4,2025,5,,,,,,,,,45.89,0.41,0.01,0.4,Surplus (Recharging),,,,,,,,,,,,,,,,,,Agriculture & Brick Kilns,1296,3.96,64.8,3079.3,Mepco,4500,6,39.0,3.62,9.1,Critical (High Er Visits),30,Extreme,5.2,13.5,,4500,37.38,0.41,0.0
multan,2025-05-28,Summer (May-Jul),38.38,0.0,0.13,0.4,2025,5,,,,,,,,,45.3,0.0,0.0,0.0,Surplus (Recharging),,,,,,,,,,,,,,,,,,Agriculture & Brick Kilns,1296,3.96,64.8,3079.3,Mepco,4500,6,39.0,3.62,9.1,Critical (High Er Visits),30,Extreme,5.2,13.5,,4500,37.38,0.41,0.0
multan,2025-05-29,Summer (May-Jul),37.67,0.0,0.12,0.4,2025,5,,,,,,,,,45.93,0.0,0.0,0.0,Surplus (Recharging),,,,,,,,,,,,,,,,,,Agriculture & Brick Kilns,1296,3.96,64.8,3079.3,Mepco,4500,6,39.0,3.62,9.1,Critical (High Er Visits),30,Extreme,5.2,13.5,,4500,37.38,0.41,0.0
multan,2025-05-30,Summer (May-Jul),36.9,0.0,0.11,0.4,2025,5,,,,,,,,,44.15,0.0,0.0,0.0,Surplus (Recharging),,,,,,,,,,,,,,,,,,Agriculture & Brick Kilns,1296,3.96,64.8,3079.3,Mepco,4500,6,39.0,3.62,9.1,Critical (High Er Visits),30,Extreme,5.2,13.5,,4500,37.38,0.41,0.0
multan,2025-05-31,Summer (May-Jul),36.46,0.0,0.11,0.4,2025,5,,,,,,,,,43.1,0.0,0.01,-0.01,Severe Deficit (Water Loss),,,,,,,,,,,,,,,,,,Agriculture & Brick Kilns,1296,3.96,64.8,3079.3,Mepco,4500,6,39.0,3.62,9.1,Critical (High Er Visits),30,Extreme,5.2,13.5,,4500,37.38,0.41,0.0
multan,2025-06-01,Summer (May-Jul),35.07,0.0,0.11,0.4,2025,6,,,,,,,,,42.06,0.0,0.01,-0.01,Severe Deficit (Water Loss),,,,,,,,,,,,,,,,,,Agriculture & Brick Kilns,2160,6.6,108.0,8553.6,Mepco,6000,8,40.5,4.13,10.3,Critical (High Er Visits),40,Extreme,6.8,17.8,,4500,37.38,0.41,0.0
multan,2025-06-02,Summer (May-Jul),35.39,0.0,0.1,0.4,2025,6,,,,,,,,,42.66,0.0,0.01,-0.01,Severe Deficit (Water Loss),,,,,,,,,,,,,,,,,,Agriculture & Brick Kilns,2160,6.6,108.0,8553.6,Mepco,6000,8,40.5,4.13,10.3,Critical (High Er Visits),40,Extreme,6.8,17.8,,4500,37.38,0.41,0.0
multan,2025-06-03,Summer (May-Jul),36.09,0.0,0.1,0.4,2025,6,,,,,,,,,43.34,0.0,0.01,-0.01,Severe Deficit (Water Loss),,,,,,,,,,,,,,,,,,Agriculture & Brick Kilns,2160,6.6,108.0,8553.6,Mepco,6000,8,40.5,4.13,10.3,Critical (High Er Visits),40,Extreme,6.8,17.8,,4500,37.38,0.41,0.0
multan,2025-06-04,Summer (May-Jul),36.28,0.03,0.1,0.4,2025,6,,,,,,,,,42.71,0.03,0.01,0.02,Surplus (Recharging),,,,,,,,,,,,,,,,,,Agriculture & Brick Kilns,2160,6.6,108.0,8553.6,Mepco,6000,8,40.5,4.13,10.3,Critical (High Er Visits),40,Extreme,6.8,17.8,,4500,37.38,0.41,0.0
multan,2025-06-05,Summer (May-Jul),36.82,0.0,0.1,0.4,2025,6,,,,,,,,,43.38,0.0,0.01,-0.01,Severe Deficit (Water Loss),,,,,,,,,,,,,,,,,,Agriculture & Brick Kilns,2160,6.6,108.0,8553.6,Mepco,6000,8,40.5,4.13,10.3,Critical (High Er Visits),40,Extreme,6.8,17.8,,4500,37.38,0.41,0.0
multan,2025-06-06,Summer (May-Jul),38.6,0.0,0.1,0.4,2025,6,,,,,,,,,45.29,0.0,0.01,-0.01,Severe Deficit (Water Loss),,,,,,,,,,,,,,,,,,Agriculture & Brick Kilns,2160,6.6,108.0,8553.6,Mepco,6000,8,40.5,4.13,10.3,Critical (High Er Visits),40,Extreme,6.8,17.8,,4500,37.38,0.41,0.0
multan,2025-06-07,Summer (May-Jul),40.67,0.0,0.1,0.4,2025,6,,,,,,,,,48.03,0.0,0.01,-0.01,Severe Deficit (Water Loss),,,,,,,,,,,,,,,,,,Agriculture & Brick Kilns,2160,6.6,108.0,8553.6,Mepco,6000,8,40.5,4.13,10.3,Critical (High Er Visits),40,Extreme,6.8,17.8,,4500,37.38,0.41,0.0
multan,2025-06-08,Summer (May-Jul),40.81,0.0,0.1,0.4,2025,6,,,,,,,,,49.17,0.0,0.01,-0.01,Severe Deficit (Water Loss),,,,,,,,,,,,,,,,,,Agriculture & Brick Kilns,2160,6.6,108.0,8553.6,Mepco,6000,8,40.5,4.13,10.3,Critical (High Er Visits),40,Extreme,6.8,17.8,,4500,37.38,0.41,0.0
multan,2025-06-09,Summer (May-Jul),41.37,0.0,0.09,0.4,2025,6,,,,,,,,,49.75,0.0,0.01,-0.01,Severe Deficit (Water Loss),,,,,,,,,,,,,,,,,,Agriculture & Brick Kilns,2160,6.6,108.0,8553.6,Mepco,6000,8,40.5,4.13,10.3,Critical (High Er Visits),40,Extreme,6.8,17.8,,4500,37.38,0.41,0.0
multan,2025-06-10,Summer (May-Jul),41.28,0.0,0.09,0.4,2025,6,,,,,,,,,49.56,0.0,0.01,-0.01,Severe Deficit (Water Loss),,,,,,,,,,,,,,,,,,Agriculture & Brick Kilns,2160,6.6,108.0,8553.6,Mepco,6000,8,40.5,4.13,10.3,Critical (High Er Visits),40,Extreme,6.8,17.8,,4500,37.38,0.41,0.0
multan,2025-06-11,Summer (May-Jul),41.07,0.0,0.09,0.4,2025,6,,,,,,,,,49.0,0.0,0.01,-0.01,Severe Deficit (Water Loss),,,,,,,,,,,,,,,,,,Agriculture & Brick Kilns,2160,6.6,108.0,8553.6,Mepco,6000,8,40.5,4.13,10.3,Critical (High Er Visits),40,Extreme,6.8,17.8,,4500,37.38,0.41,0.0
multan,2025-06-12,Summer (May-Jul),41.24,0.0,0.09,0.4,2025,6,,,,,,,,,48.73,0.0,0.01,-0.01,Severe Deficit (Water Loss),,,,,,,,,,,,,,,,,,Agriculture & Brick Kilns,2160,6.6,108.0,8553.6,Mepco,6000,8,40.5,4.13,10.3,Critical (High Er Visits),40,Extreme,6.8,17.8,,4500,37.38,0.41,0.0
multan,2025-06-13,Summer (May-Jul),41.48,0.0,0.09,0.4,2025,6,,,,,,,,,49.12,0.0,0.0,0.0,Surplus (Recharging),,,,,,,,,,,,,,,,,,Agriculture & Brick Kilns,2160,6.6,108.0,8553.6,Mepco,6000,8,40.5,4.13,10.3,Critical (High Er Visits),40,Extreme,6.8,17.8,,4500,37.38,0.41,0.0
multan,2025-06-14,Summer (May-Jul),40.73,0.0,0.08,0.4,2025,6,,,,,,,,,47.14,0.0,0.01,-0.01,Severe Deficit (Water Loss),,,,,,,,,,,,,,,,,,Agriculture & Brick Kilns,2160,6.6,108.0,8553.6,Mepco,6000,8,40.5,4.13,10.3,Critical (High Er Visits),40,Extreme,6.8,17.8,,4500,37.38,0.41,0.0
multan,2025-06-15,Summer (May-Jul),39.6,0.08,0.08,0.4,2025,6,,,,,,,,,45.98,0.08,0.01,0.07,Surplus (Recharging),,,,,,,,,,,,,,,,,,Agriculture & Brick Kilns,2160,6.6,108.0,8553.6,Mepco,6000,8,40.5,4.13,10.3,Critical (High Er Visits),40,Extreme,6.8,17.8,,4500,37.38,0.41,0.0
multan,2025-06-16,Summer (May-Jul),34.84,1.03,0.11,0.4,2025,6,,,,,,,,,37.4,1.03,0.01,1.02,Surplus (Recharging),,,,,,,,,,,,,,,,,,Agriculture & Brick Kilns,2160,6.6,108.0,8553.6,Mepco,6000,8,40.5,4.13,10.3,Critical (High Er Visits),40,Extreme,6.8,17.8,,4500,37.38,0.41,0.0
multan,2025-06-17,Summer (May-Jul),37.36,0.01,0.13,0.4,2025,6,,,,,,,,,42.86,0.01,0.0,0.01,Surplus (Recharging),,,,,,,,,,,,,,,,,,Agriculture & Brick Kilns,2160,6.6,108.0,8553.6,Mepco,6000,8,40.5,4.13,10.3,Critical (High Er Visits),40,Extreme,6.8,17.8,,4500,37.38,0.41,0.0
multan,2025-06-18,Summer (May-Jul),38.57,0.0,0.12,0.4,2025,6,,,,,,,,,45.49,0.0,0.0,0.0,Surplus (Recharging),,,,,,,,,,,,,,,,,,Agriculture & Brick Kilns,2160,6.6,108.0,8553.6,Mepco,6000,8,40.5,4.13,10.3,Critical (High Er Visits),40,Extreme,6.8,17.8,,4500,37.38,0.41,0.0
multan,2025-06-19,Summer (May-Jul),40.58,0.0,0.12,0.4,2025,6,,,,,,,,,46.78,0.0,0.0,0.0,Surplus (Recharging),,,,,,,,,,,,,,,,,,Agriculture & Brick Kilns,2160,6.6,108.0,8553.6,Mepco,6000,8,40.5,4.13,10.3,Critical (High Er Visits),40,Extreme,6.8,17.8,,4500,37.38,0.41,0.0
multan,2025-06-20,Summer (May-Jul),41.55,0.0,0.11,0.4,2025,6,,,,,,,,,47.54,0.0,0.01,-0.01,Severe Deficit (Water Loss),,,,,,,,,,,,,,,,,,Agriculture & Brick Kilns,2160,6.6,108.0,8553.6,Mepco,6000,8,40.5,4.13,10.3,Critical (High Er Visits),40,Extreme,6.8,17.8,,4500,37.38,0.41,0.0
multan,2025-06-21,Summer (May-Jul),43.04,0.0,0.11,0.4,2025,6,,,,,,,,,48.77,0.0,0.01,-0.01,Severe Deficit (Water Loss),,,,,,,,,,,,,,,,,,Agriculture & Brick Kilns,2160,6.6,108.0,8553.6,Mepco,6000,8,40.5,4.13,10.3,Critical (High Er Visits),40,Extreme,6.8,17.8,,4500,37.38,0.41,0.0
multan,2025-06-22,Summer (May-Jul),41.71,0.0,0.11,0.4,2025,6,,,,,,,,,47.39,0.0,0.01,-0.01,Severe Deficit (Water Loss),,,,,,,,,,,,,,,,,,Agriculture & Brick Kilns,2160,6.6,108.0,8553.6,Mepco,6000,8,40.5,4.13,10.3,Critical (High Er Visits),40,Extreme,6.8,17.8,,4500,37.38,0.41,0.0
multan,2025-06-23,Summer (May-Jul),42.14,0.01,0.11,0.4,2025,6,,,,,,,,,47.4,0.01,0.01,0.0,Surplus (Recharging),,,,,,,,,,,,,,,,,,Agriculture & Brick Kilns,2160,6.6,108.0,8553.6,Mepco,6000,8,40.5,4.13,10.3,Critical (High Er Visits),40,Extreme,6.8,17.8,,4500,37.38,0.41,0.0
multan,2025-06-24,Summer (May-Jul),42.42,0.0,0.1,0.4,2025,6,,,,,,,,,48.47,0.0,0.01,-0.01,Severe Deficit (Water Loss),,,,,,,,,,,,,,,,,,Agriculture & Brick Kilns,2160,6.6,108.0,8553.6,Mepco,6000,8,40.5,4.13,10.3,Critical (High Er Visits),40,Extreme,6.8,17.8,,4500,37.38,0.41,0.0
multan,2025-06-25,Summer (May-Jul),42.5,0.06,0.1,0.4,2025,6,,,,,,,,,48.12,0.06,0.01,0.05,Surplus (Recharging),,,,,,,,,,,,,,,,,,Agriculture & Brick Kilns,2160,6.6,108.0,8553.6,Mepco,6000,8,40.5,4.13,10.3,Critical (High Er Visits),40,Extreme,6.8,17.8,,4500,37.38,0.41,0.0
multan,2025-06-26,Summer (May-Jul),39.73,12.61,0.25,0.41,2025,6,,,,,,,,,47.86,12.61,0.0,12.61,Surplus (Recharging),,,,,,,,,,,,,,,,,,Agriculture & Brick Kilns,2160,6.6,108.0,8553.6,Mepco,6000,8,40.5,4.13,10.3,Critical (High Er Visits),40,Extreme,6.8,17.8,,4500,37.38,0.41,0.0
multan,2025-06-27,Summer (May-Jul),32.01,20.76,0.57,0.45,2025,6,,,,,,,,,34.04,20.76,0.04,20.72,Surplus (Recharging),,,,,,,,,,,,,,,,,,Agriculture & Brick Kilns,2160,6.6,108.0,8553.6,Mepco,6000,8,40.5,4.13,10.3,Critical (High Er Visits),40,Extreme,6.8,17.8,,4500,37.38,0.41,0.0
multan,2025-06-28,Summer (May-Jul),34.93,0.71,0.45,0.45,2025,6,,,,,,,,,40.63,0.71,0.22,0.49,Surplus (Recharging),,,,,,,,,,,,,,,,,,Agriculture & Brick Kilns,2160,6.6,108.0,8553.6,Mepco,6000,8,40.5,4.13,10.3,Critical (High Er Visits),40,Extreme,6.8,17.8,,4500,37.38,0.41,0.0
multan,2025-06-29,Summer (May-Jul),35.37,0.04,0.41,0.45,2025,6,,,,,,,,,38.85,0.04,0.2,-0.16,Severe Deficit (Water Loss),,,,,,,,,,,,,,,,,,Agriculture & Brick Kilns,2160,6.6,108.0,8553.6,Mepco,6000,8,40.5,4.13,10.3,Critical (High Er Visits),40,Extreme,6.8,17.8,,4500,37.38,0.41,0.0
multan,2025-06-30,Summer (May-Jul),36.26,0.0,0.4,0.44,2025,6,,,,,,,,,41.81,0.0,0.17,-0.17,Severe Deficit (Water Loss),,,,,,,,,,,,,,,,,,Agriculture & Brick Kilns,2160,6.6,108.0,8553.6,Mepco,6000,8,40.5,4.13,10.3,Critical (High Er Visits),40,Extreme,6.8,17.8,,4500,37.38,0.41,0.0
multan,2025-07-01,Summer (May-Jul),37.44,0.1,0.39,0.43,2025,7,,,,,,,,,43.46,0.1,0.16,-0.06,Severe Deficit (Water Loss),,,,,,,,,,,,,,,,,,Agriculture & Brick Kilns,1944,5.94,97.2,6928.42,Mepco,5200,7,36.5,2.8,7.0,Elevated (Heat Stress),70,Extreme (Humid),6.1,15.9,,4500,37.38,0.41,0.0
multan,2025-07-02,Summer (May-Jul),37.11,0.26,0.39,0.43,2025,7,,,,,,,,,41.48,0.26,0.11,0.15,Surplus (Recharging),,,,,,,,,,,,,,,,,,Agriculture & Brick Kilns,1944,5.94,97.2,6928.42,Mepco,5200,7,36.5,2.8,7.0,Elevated (Heat Stress),70,Extreme (Humid),6.1,15.9,,4500,37.38,0.41,0.0
multan,2025-07-03,Summer (May-Jul),38.29,0.84,0.39,0.43,2025,7,,,,,,,,,43.76,0.84,0.06,0.78,Surplus (Recharging),,,,,,,,,,,,,,,,,,Agriculture & Brick Kilns,1944,5.94,97.2,6928.42,Mepco,5200,7,36.5,2.8,7.0,Elevated (Heat Stress),70,Extreme (Humid),6.1,15.9,,4500,37.38,0.41,0.0
multan,2025-07-04,Summer (May-Jul),37.76,0.3,0.36,0.42,2025,7,,,,,,,,,42.27,0.3,0.06,0.24,Surplus (Recharging),,,,,,,,,,,,,,,,,,Agriculture & Brick Kilns,1944,5.94,97.2,6928.42,Mepco,5200,7,36.5,2.8,7.0,Elevated (Heat Stress),70,Extreme (Humid),6.1,15.9,,4500,37.38,0.41,0.0
multan,2025-07-05,Summer (May-Jul),38.65,0.0,0.33,0.42,2025,7,,,,,,,,,43.42,0.0,0.11,-0.11,Severe Deficit (Water Loss),,,,,,,,,,,,,,,,,,Agriculture & Brick Kilns,1944,5.94,97.2,6928.42,Mepco,5200,7,36.5,2.8,7.0,Elevated (Heat Stress),70,Extreme (Humid),6.1,15.9,,4500,37.38,0.41,0.0
multan,2025-07-06,Summer (May-Jul),37.22,0.39,0.31,0.42,2025,7,,,,,,,,,40.39,0.39,0.12,0.27,Surplus (Recharging),,,,,,,,,,,,,,,,,,Agriculture & Brick Kilns,1944,5.94,97.2,6928.42,Mepco,5200,7,36.5,2.8,7.0,Elevated (Heat Stress),70,Extreme (Humid),6.1,15.9,,4500,37.38,0.41,0.0
multan,2025-07-07,Summer (May-Jul),36.33,0.16,0.3,0.41,2025,7,,,,,,,,,40.9,0.16,0.1,0.06,Surplus (Recharging),,,,,,,,,,,,,,,,,,Agriculture & Brick Kilns,1944,5.94,97.2,6928.42,Mepco,5200,7,36.5,2.8,7.0,Elevated (Heat Stress),70,Extreme (Humid),6.1,15.9,,4500,37.38,0.41,0.0
multan,2025-07-08,Summer (May-Jul),35.58,3.27,0.32,0.41,2025,7,,,,,,,,,38.92,3.27,0.08,3.19,Surplus (Recharging),,,,,,,,,,,,,,,,,,Agriculture & Brick Kilns,1944,5.94,97.2,6928.42,Mepco,5200,7,36.5,2.8,7.0,Elevated (Heat Stress),70,Extreme (Humid),6.1,15.9,,4500,37.38,0.41,0.0
multan,2025-07-09,Summer (May-Jul),36.67,1.18,0.39,0.42,2025,7,,,,,,,,,41.99,1.18,0.04,1.14,Surplus (Recharging),,,,,,,,,,,,,,,,,,Agriculture & Brick Kilns,1944,5.94,97.2,6928.42,Mepco,5200,7,36.5,2.8,7.0,Elevated (Heat Stress),70,Extreme (Humid),6.1,15.9,,4500,37.38,0.41,0.0
multan,2025-07-10,Summer (May-Jul),35.88,1.16,0.34,0.42,2025,7,,,,,,,,,39.66,1.16,0.06,1.1,Surplus (Recharging),,,,,,,,,,,,,,,,,,Agriculture & Brick Kilns,1944,5.94,97.2,6928.42,Mepco,5200,7,36.5,2.8,7.0,Elevated (Heat Stress),70,Extreme (Humid),6.1,15.9,,4500,37.38,0.41,0.0
multan,2025-07-11,Summer (May-Jul),35.78,9.04,0.4,0.42,2025,7,,,,,,,,,40.79,9.04,0.04,9.0,Surplus (Recharging),,,,,,,,,,,,,,,,,,Agriculture & Brick Kilns,1944,5.94,97.2,6928.42,Mepco,5200,7,36.5,2.8,7.0,Elevated (Heat Stress),70,Extreme (Humid),6.1,15.9,,4500,37.38,0.41,0.0
multan,2025-07-12,Summer (May-Jul),33.41,12.67,0.54,0.45,2025,7,,,,,,,,,37.47,12.67,0.13,12.54,Surplus (Recharging),,,,,,,,,,,,,,,,,,Agriculture & Brick Kilns,1944,5.94,97.2,6928.42,Mepco,5200,7,36.5,2.8,7.0,Elevated (Heat Stress),70,Extreme (Humid),6.1,15.9,,4500,37.38,0.41,0.0
multan,2025-07-13,Summer (May-Jul),35.49,1.13,0.43,0.45,2025,7,,,,,,,,,40.45,1.13,0.18,0.95,Surplus (Recharging),,,,,,,,,,,,,,,,,,Agriculture & Brick Kilns,1944,5.94,97.2,6928.42,Mepco,5200,7,36.5,2.8,7.0,Elevated (Heat Stress),70,Extreme (Humid),6.1,15.9,,4500,37.38,0.41,0.0
multan,2025-07-14,Summer (May-Jul),33.81,3.87,0.45,0.44,2025,7,,,,,,,,,38.64,3.87,0.16,3.71,Surplus (Recharging),,,,,,,,,,,,,,,,,,Agriculture & Brick Kilns,1944,5.94,97.2,6928.42,Mepco,5200,7,36.5,2.8,7.0,Elevated (Heat Stress),70,Extreme (Humid),6.1,15.9,,4500,37.38,0.41,0.0
multan,2025-07-15,Summer (May-Jul),30.98,10.94,0.5,0.45,2025,7,,,,,,,,,34.22,10.94,0.13,10.81,Surplus (Recharging),,,,,,,,,,,,,,,,,,Agriculture & Brick Kilns,1944,5.94,97.2,6928.42,Mepco,5200,7,36.5,2.8,7.0,Elevated (Heat Stress),70,Extreme (Humid),6.1,15.9,,4500,37.38,0.41,0.0
multan,2025-07-16,Summer (May-Jul),33.05,1.55,0.45,0.46,2025,7,,,,,,,,,37.76,1.55,0.24,1.31,Surplus (Recharging),,,,,,,,,,,,,,,,,,Agriculture & Brick Kilns,1944,5.94,97.2,6928.42,Mepco,5200,7,36.5,2.8,7.0,Elevated (Heat Stress),70,Extreme (Humid),6.1,15.9,,4500,37.38,0.41,0.0
multan,2025-07-17,Summer (May-Jul),34.6,0.04,0.41,0.45,2025,7,,,,,,,,,39.62,0.04,0.31,-0.27,Severe Deficit (Water Loss),,,,,,,,,,,,,,,,,,Agriculture & Brick Kilns,1944,5.94,97.2,6928.42,Mepco,5200,7,36.5,2.8,7.0,Elevated (Heat Stress),70,Extreme (Humid),6.1,15.9,,4500,37.38,0.41,0.0
multan,2025-07-18,Summer (May-Jul),34.35,0.25,0.41,0.44,2025,7,,,,,,,,,38.07,0.25,0.28,-0.03,Severe Deficit (Water Loss),,,,,,,,,,,,,,,,,,Agriculture & Brick Kilns,1944,5.94,97.2,6928.42,Mepco,5200,7,36.5,2.8,7.0,Elevated (Heat Stress),70,Extreme (Humid),6.1,15.9,,4500,37.38,0.41,0.0
multan,2025-07-19,Summer (May-Jul),34.7,0.0,0.4,0.44,2025,7,,,,,,,,,40.57,0.0,0.29,-0.29,Severe Deficit (Water Loss),,,,,,,,,,,,,,,,,,Agriculture & Brick Kilns,1944,5.94,97.2,6928.42,Mepco,5200,7,36.5,2.8,7.0,Elevated (Heat Stress),70,Extreme (Humid),6.1,15.9,,4500,37.38,0.41,0.0
multan,2025-07-20,Summer (May-Jul),34.87,0.0,0.39,0.43,2025,7,,,,,,,,,40.37,0.0,0.26,-0.26,Severe Deficit (Water Loss),,,,,,,,,,,,,,,,,,Agriculture & Brick Kilns,1944,5.94,97.2,6928.42,Mepco,5200,7,36.5,2.8,7.0,Elevated (Heat Stress),70,Extreme (Humid),6.1,15.9,,4500,37.38,0.41,0.0
multan,2025-07-21,Summer (May-Jul),36.0,0.0,0.38,0.43,2025,7,,,,,,,,,41.88,0.0,0.23,-0.23,Severe Deficit (Water Loss),,,,,,,,,,,,,,,,,,Agriculture & Brick Kilns,1944,5.94,97.2,6928.42,Mepco,5200,7,36.5,2.8,7.0,Elevated (Heat Stress),70,Extreme (Humid),6.1,15.9,,4500,37.38,0.41,0.0
multan,2025-07-22,Summer (May-Jul),37.17,0.05,0.37,0.43,2025,7,,,,,,,,,42.81,0.05,0.19,-0.14,Severe Deficit (Water Loss),,,,,,,,,,,,,,,,,,Agriculture & Brick Kilns,1944,5.94,97.2,6928.42,Mepco,5200,7,36.5,2.8,7.0,Elevated (Heat Stress),70,Extreme (Humid),6.1,15.9,,4500,37.38,0.41,0.0
multan,2025-07-23,Summer (May-Jul),37.01,0.06,0.34,0.42,2025,7,,,,,,,,,42.82,0.06,0.19,-0.13,Severe Deficit (Water Loss),,,,,,,,,,,,,,,,,,Agriculture & Brick Kilns,1944,5.94,97.2,6928.42,Mepco,5200,7,36.5,2.8,7.0,Elevated (Heat Stress),70,Extreme (Humid),6.1,15.9,,4500,37.38,0.41,0.0
multan,2025-07-24,Summer (May-Jul),35.74,7.68,0.42,0.42,2025,7,,,,,,,,,39.39,7.68,0.1,7.58,Surplus (Recharging),,,,,,,,,,,,,,,,,,Agriculture & Brick Kilns,1944,5.94,97.2,6928.42,Mepco,5200,7,36.5,2.8,7.0,Elevated (Heat Stress),70,Extreme (Humid),6.1,15.9,,4500,37.38,0.41,0.0
multan,2025-07-25,Summer (May-Jul),35.43,7.76,0.48,0.44,2025,7,,,,,,,,,39.44,7.76,0.12,7.64,Surplus (Recharging),,,,,,,,,,,,,,,,,,Agriculture & Brick Kilns,1944,5.94,97.2,6928.42,Mepco,5200,7,36.5,2.8,7.0,Elevated (Heat Stress),70,Extreme (Humid),6.1,15.9,,4500,37.38,0.41,0.0
multan,2025-07-26,Summer (May-Jul),37.11,0.01,0.41,0.43,2025,7,,,,,,,,,42.9,0.01,0.17,-0.16,Severe Deficit (Water Loss),,,,,,,,,,,,,,,,,,Agriculture & Brick Kilns,1944,5.94,97.2,6928.42,Mepco,5200,7,36.5,2.8,7.0,Elevated (Heat Stress),70,Extreme (Humid),6.1,15.9,,4500,37.38,0.41,0.0
multan,2025-07-27,Summer (May-Jul),37.21,0.0,0.37,0.43,2025,7,,,,,,,,,42.52,0.0,0.18,-0.18,Severe Deficit (Water Loss),,,,,,,,,,,,,,,,,,Agriculture & Brick Kilns,1944,5.94,97.2,6928.42,Mepco,5200,7,36.5,2.8,7.0,Elevated (Heat Stress),70,Extreme (Humid),6.1,15.9,,4500,37.38,0.41,0.0
multan,2025-07-28,Summer (May-Jul),38.4,0.0,0.35,0.42,2025,7,,,,,,,,,44.55,0.0,0.2,-0.2,Severe Deficit (Water Loss),,,,,,,,,,,,,,,,,,Agriculture & Brick Kilns,1944,5.94,97.2,6928.42,Mepco,5200,7,36.5,2.8,7.0,Elevated (Heat Stress),70,Extreme (Humid),6.1,15.9,,4500,37.38,0.41,0.0
multan,2025-07-29,Summer (May-Jul),39.0,0.03,0.31,0.42,2025,7,,,,,,,,,46.1,0.03,0.17,-0.14,Severe Deficit (Water Loss),,,,,,,,,,,,,,,,,,Agriculture & Brick Kilns,1944,5.94,97.2,6928.42,Mepco,5200,7,36.5,2.8,7.0,Elevated (Heat Stress),70,Extreme (Humid),6.1,15.9,,4500,37.38,0.41,0.0
multan,2025-07-30,Summer (May-Jul),37.85,0.0,0.28,0.42,2025,7,,,,,,,,,43.78,0.0,0.19,-0.19,Severe Deficit (Water Loss),,,,,,,,,,,,,,,,,,Agriculture & Brick Kilns,1944,5.94,97.2,6928.42,Mepco,5200,7,36.5,2.8,7.0,Elevated (Heat Stress),70,Extreme (Humid),6.1,15.9,,4500,37.38,0.41,0.0
multan,2025-07-31,Summer (May-Jul),36.65,2.89,0.3,0.42,2025,7,,,,,,,,,41.99,2.89,0.15,2.74,Surplus (Recharging),,,,,,,,,,,,,,,,,,Agriculture & Brick Kilns,1944,5.94,97.2,6928.42,Mepco,5200,7,36.5,2.8,7.0,Elevated (Heat Stress),70,Extreme (Humid),6.1,15.9,,4500,37.38,0.41,0.0
multan,2025-12-01,Winter (Dec-Jan),17.17,0.0,0.15,0.4,2025,12,,,,,,,,,,,,,,,,,,,,,,,,,,,,,,,Agriculture & Brick Kilns,0,0.0,0.0,0.0,Mepco,900,1,20.5,0.0,0.0,Baseline,65,Safe,0.0,0.0,,4500,37.38,0.41,0.0
multan,2025-12-02,Winter (Dec-Jan),15.98,0.0,0.14,0.4,2025,12,,,,,,,,,,,,,,,,,,,,,,,,,,,,,,,Agriculture & Brick Kilns,0,0.0,0.0,0.0,Mepco,900,1,20.5,0.0,0.0,Baseline,65,Safe,0.0,0.0,,4500,37.38,0.41,0.0
multan,2025-12-03,Winter (Dec-Jan),16.18,0.0,0.14,0.4,2025,12,,,,,,,,,,,,,,,,,,,,,,,,,,,,,,,Agriculture & Brick Kilns,0,0.0,0.0,0.0,Mepco,900,1,20.5,0.0,0.0,Baseline,65,Safe,0.0,0.0,,4500,37.38,0.41,0.0
multan,2025-12-04,Winter (Dec-Jan),16.84,0.0,0.14,0.4,2025,12,,,,,,,,,,,,,,,,,,,,,,,,,,,,,,,Agriculture & Brick Kilns,0,0.0,0.0,0.0,Mepco,900,1,20.5,0.0,0.0,Baseline,65,Safe,0.0,0.0,,4500,37.38,0.41,0.0
multan,2025-12-05,Winter (Dec-Jan),17.41,0.0,0.14,0.4,2025,12,,,,,,,,,,,,,,,,,,,,,,,,,,,,,,,Agriculture & Brick Kilns,0,0.0,0.0,0.0,Mepco,900,1,20.5,0.0,0.0,Baseline,65,Safe,0.0,0.0,,4500,37.38,0.41,0.0
multan,2025-12-06,Winter (Dec-Jan),15.64,0.0,0.14,0.4,2025,12,,,,,,,,,,,,,,,,,,,,,,,,,,,,,,,Agriculture & Brick Kilns,0,0.0,0.0,0.0,Mepco,900,1,20.5,0.0,0.0,Baseline,65,Safe,0.0,0.0,,4500,37.38,0.41,0.0
multan,2025-12-07,Winter (Dec-Jan),17.95,0.0,0.14,0.4,2025,12,,,,,,,,,,,,,,,,,,,,,,,,,,,,,,,Agriculture & Brick Kilns,0,0.0,0.0,0.0,Mepco,900,1,20.5,0.0,0.0,Baseline,65,Safe,0.0,0.0,,4500,37.38,0.41,0.0
multan,2025-12-08,Winter (Dec-Jan),19.0,0.0,0.14,0.4,2025,12,,,,,,,,,,,,,,,,,,,,,,,,,,,,,,,Agriculture & Brick Kilns,0,0.0,0.0,0.0,Mepco,900,1,20.5,0.0,0.0,Baseline,65,Safe,0.0,0.0,,4500,37.38,0.41,0.0
multan,2025-12-09,Winter (Dec-Jan),19.09,0.0,0.14,0.4,2025,12,,,,,,,,,,,,,,,,,,,,,,,,,,,,,,,Agriculture & Brick Kilns,0,0.0,0.0,0.0,Mepco,900,1,20.5,0.0,0.0,Baseline,65,Safe,0.0,0.0,,4500,37.38,0.41,0.0
multan,2025-12-10,Winter (Dec-Jan),19.06,0.0,0.14,0.4,2025,12,,,,,,,,,,,,,,,,,,,,,,,,,,,,,,,Agriculture & Brick Kilns,0,0.0,0.0,0.0,Mepco,900,1,20.5,0.0,0.0,Baseline,65,Safe,0.0,0.0,,4500,37.38,0.41,0.0
multan,2025-12-11,Winter (Dec-Jan),18.92,0.0,0.14,0.4,2025,12,,,,,,,,,,,,,,,,,,,,,,,,,,,,,,,Agriculture & Brick Kilns,0,0.0,0.0,0.0,Mepco,900,1,20.5,0.0,0.0,Baseline,65,Safe,0.0,0.0,,4500,37.38,0.41,0.0
multan,2025-12-12,Winter (Dec-Jan),18.97,0.0,0.13,0.4,2025,12,,,,,,,,,,,,,,,,,,,,,,,,,,,,,,,Agriculture & Brick Kilns,0,0.0,0.0,0.0,Mepco,900,1,20.5,0.0,0.0,Baseline,65,Safe,0.0,0.0,,4500,37.38,0.41,0.0
multan,2025-12-13,Winter (Dec-Jan),17.74,0.0,0.13,0.4,2025,12,,,,,,,,,,,,,,,,,,,,,,,,,,,,,,,Agriculture & Brick Kilns,0,0.0,0.0,0.0,Mepco,900,1,20.5,0.0,0.0,Baseline,65,Safe,0.0,0.0,,4500,37.38,0.41,0.0
multan,2025-12-14,Winter (Dec-Jan),13.56,0.0,0.13,0.4,2025,12,,,,,,,,,,,,,,,,,,,,,,,,,,,,,,,Agriculture & Brick Kilns,0,0.0,0.0,0.0,Mepco,900,1,20.5,0.0,0.0,Baseline,65,Safe,0.0,0.0,,4500,37.38,0.41,0.0
multan,2025-12-15,Winter (Dec-Jan),15.73,0.0,0.13,0.4,2025,12,,,,,,,,,,,,,,,,,,,,,,,,,,,,,,,Agriculture & Brick Kilns,0,0.0,0.0,0.0,Mepco,900,1,20.5,0.0,0.0,Baseline,65,Safe,0.0,0.0,,4500,37.38,0.41,0.0
multan,2025-12-16,Winter (Dec-Jan),18.22,0.0,0.13,0.4,2025,12,,,,,,,,,,,,,,,,,,,,,,,,,,,,,,,Agriculture & Brick Kilns,0,0.0,0.0,0.0,Mepco,900,1,20.5,0.0,0.0,Baseline,65,Safe,0.0,0.0,,4500,37.38,0.41,0.0
multan,2025-12-17,Winter (Dec-Jan),19.2,0.0,0.13,0.4,2025,12,,,,,,,,,,,,,,,,,,,,,,,,,,,,,,,Agriculture & Brick Kilns,0,0.0,0.0,0.0,Mepco,900,1,20.5,0.0,0.0,Baseline,65,Safe,0.0,0.0,,4500,37.38,0.41,0.0
multan,2025-12-18,Winter (Dec-Jan),19.07,0.0,0.13,0.4,2025,12,,,,,,,,,,,,,,,,,,,,,,,,,,,,,,,Agriculture & Brick Kilns,0,0.0,0.0,0.0,Mepco,900,1,20.5,0.0,0.0,Baseline,65,Safe,0.0,0.0,,4500,37.38,0.41,0.0
multan,2025-12-19,Winter (Dec-Jan),18.88,0.0,0.13,0.4,2025,12,,,,,,,,,,,,,,,,,,,,,,,,,,,,,,,Agriculture & Brick Kilns,0,0.0,0.0,0.0,Mepco,900,1,20.5,0.0,0.0,Baseline,65,Safe,0.0,0.0,,4500,37.38,0.41,0.0
multan,2025-12-20,Winter (Dec-Jan),19.39,0.03,0.13,0.4,2025,12,,,,,,,,,,,,,,,,,,,,,,,,,,,,,,,Agriculture & Brick Kilns,0,0.0,0.0,0.0,Mepco,900,1,20.5,0.0,0.0,Baseline,65,Safe,0.0,0.0,,4500,37.38,0.41,0.0
multan,2025-12-21,Winter (Dec-Jan),18.18,0.69,0.16,0.4,2025,12,,,,,,,,,,,,,,,,,,,,,,,,,,,,,,,Agriculture & Brick Kilns,0,0.0,0.0,0.0,Mepco,900,1,20.5,0.0,0.0,Baseline,65,Safe,0.0,0.0,,4500,37.38,0.41,0.0
multan,2025-12-22,Winter (Dec-Jan),16.35,0.16,0.16,0.4,2025,12,,,,,,,,,,,,,,,,,,,,,,,,,,,,,,,Agriculture & Brick Kilns,0,0.0,0.0,0.0,Mepco,900,1,20.5,0.0,0.0,Baseline,65,Safe,0.0,0.0,,4500,37.38,0.41,0.0
multan,2025-12-23,Winter (Dec-Jan),15.72,0.0,0.16,0.4,2025,12,,,,,,,,,,,,,,,,,,,,,,,,,,,,,,,Agriculture & Brick Kilns,0,0.0,0.0,0.0,Mepco,900,1,20.5,0.0,0.0,Baseline,65,Safe,0.0,0.0,,4500,37.38,0.41,0.0
multan,2025-12-24,Winter (Dec-Jan),16.6,0.0,0.16,0.4,2025,12,,,,,,,,,,,,,,,,,,,,,,,,,,,,,,,Agriculture & Brick Kilns,0,0.0,0.0,0.0,Mepco,900,1,20.5,0.0,0.0,Baseline,65,Safe,0.0,0.0,,4500,37.38,0.41,0.0
multan,2025-12-25,Winter (Dec-Jan),15.73,0.0,0.16,0.4,2025,12,,,,,,,,,,,,,,,,,,,,,,,,,,,,,,,Agriculture & Brick Kilns,0,0.0,0.0,0.0,Mepco,900,1,20.5,0.0,0.0,Baseline,65,Safe,0.0,0.0,,4500,37.38,0.41,0.0
multan,2025-12-26,Winter (Dec-Jan),18.09,0.0,0.15,0.4,2025,12,,,,,,,,,,,,,,,,,,,,,,,,,,,,,,,Agriculture & Brick Kilns,0,0.0,0.0,0.0,Mepco,900,1,20.5,0.0,0.0,Baseline,65,Safe,0.0,0.0,,4500,37.38,0.41,0.0
multan,2025-12-27,Winter (Dec-Jan),16.78,0.0,0.15,0.4,2025,12,,,,,,,,,,,,,,,,,,,,,,,,,,,,,,,Agriculture & Brick Kilns,0,0.0,0.0,0.0,Mepco,900,1,20.5,0.0,0.0,Baseline,65,Safe,0.0,0.0,,4500,37.38,0.41,0.0
multan,2025-12-28,Winter (Dec-Jan),15.88,0.0,0.15,0.4,2025,12,,,,,,,,,,,,,,,,,,,,,,,,,,,,,,,Agriculture & Brick Kilns,0,0.0,0.0,0.0,Mepco,900,1,20.5,0.0,0.0,Baseline,65,Safe,0.0,0.0,,4500,37.38,0.41,0.0
multan,2025-12-29,Winter (Dec-Jan),16.78,0.0,0.15,0.4,2025,12,,,,,,,,,,,,,,,,,,,,,,,,,,,,,,,Agriculture & Brick Kilns,0,0.0,0.0,0.0,Mepco,900,1,20.5,0.0,0.0,Baseline,65,Safe,0.0,0.0,,4500,37.38,0.41,0.0
multan,2025-12-30,Winter (Dec-Jan),17.19,0.0,0.15,0.4,2025,12,,,,,,,,,,,,,,,,,,,,,,,,,,,,,,,Agriculture & Brick Kilns,0,0.0,0.0,0.0,Mepco,900,1,20.5,0.0,0.0,Baseline,65,Safe,0.0,0.0,,4500,37.38,0.41,0.0
multan,2025-12-31,Winter (Dec-Jan),13.57,1.24,0.17,0.4,2025,12,,,,,,,,,,,,,,,,,,,,,,,,,,,,,,,Agriculture & Brick Kilns,0,0.0,0.0,0.0,Mepco,900,1,20.5,0.0,0.0,Baseline,65,Safe,0.0,0.0,,4500,37.38,0.41,0.0
murree,2021-01-01,Winter (Dec-Jan),7.97,0.0,0.85,0.84,2021,1,,,,,,,,,,,,,,,,,,,,,,,,,,,,,,,Tourism & Hospitality,0,0.0,0.0,0.0,Iesco,297,3,19.5,0.0,0.0,Baseline,65,Safe,0.0,0.0,ILO Labor Models (2019/2030); BMJ Global Health (2024),200,,,
murree,2021-01-02,Winter (Dec-Jan),8.96,0.0,0.84,0.84,2021,1,,,,,,,,,,,,,,,,,,,,,,,,,,,,,,,Tourism & Hospitality,0,0.0,0.0,0.0,Iesco,297,3,19.5,0.0,0.0,Baseline,65,Safe,0.0,0.0,ILO Labor Models (2019/2030); BMJ Global Health (2024),200,,,
murree,2021-01-03,Winter (Dec-Jan),8.58,0.9,0.84,0.84,2021,1,,,,,,,,,,,,,,,,,,,,,,,,,,,,,,,Tourism & Hospitality,0,0.0,0.0,0.0,Iesco,297,3,19.5,0.0,0.0,Baseline,65,Safe,0.0,0.0,ILO Labor Models (2019/2030); BMJ Global Health (2024),200,,,
murree,2021-01-04,Winter (Dec-Jan),9.5,4.88,0.86,0.84,2021,1,,,,,,,,,,,,,,,,,,,,,,,,,,,,,,,Tourism & Hospitality,0,0.0,0.0,0.0,Iesco,297,3,19.5,0.0,0.0,Baseline,65,Safe,0.0,0.0,ILO Labor Models (2019/2030); BMJ Global Health (2024),200,,,
murree,2021-01-05,Winter (Dec-Jan),9.02,39.18,0.92,0.87,2021,1,,,,,,,,,,,,,,,,,,,,,,,,,,,,,,,Tourism & Hospitality,0,0.0,0.0,0.0,Iesco,297,3,19.5,0.0,0.0,Baseline,65,Safe,0.0,0.0,ILO Labor Models (2019/2030); BMJ Global Health (2024),200,,,
murree,2021-01-06,Winter (Dec-Jan),8.3,5.23,0.9,0.9,2021,1,,,,,,,,,,,,,,,,,,,,,,,,,,,,,,,Tourism & Hospitality,0,0.0,0.0,0.0,Iesco,297,3,19.5,0.0,0.0,Baseline,65,Safe,0.0,0.0,ILO Labor Models (2019/2030); BMJ Global Health (2024),200,,,
murree,2021-01-07,Winter (Dec-Jan),8.2,0.1,0.88,0.89,2021,1,,,,,,,,,,,,,,,,,,,,,,,,,,,,,,,Tourism & Hospitality,0,0.0,0.0,0.0,Iesco,297,3,19.5,0.0,0.0,Baseline,65,Safe,0.0,0.0,ILO Labor Models (2019/2030); BMJ Global Health (2024),200,,,
murree,2021-01-08,Winter (Dec-Jan),7.76,0.81,0.88,0.89,2021,1,,,,,,,,,,,,,,,,,,,,,,,,,,,,,,,Tourism & Hospitality,0,0.0,0.0,0.0,Iesco,297,3,19.5,0.0,0.0,Baseline,65,Safe,0.0,0.0,ILO Labor Models (2019/2030); BMJ Global Health (2024),200,,,
murree,2021-01-09,Winter (Dec-Jan),7.9,0.05,0.88,0.89,2021,1,,,,,,,,,,,,,,,,,,,,,,,,,,,,,,,Tourism & Hospitality,0,0.0,0.0,0.0,Iesco,297,3,19.5,0.0,0.0,Baseline,65,Safe,0.0,0.0,ILO Labor Models (2019/2030); BMJ Global Health (2024),200,,,
murree,2021-01-10,Winter (Dec-Jan),8.61,0.88,0.88,0.89,2021,1,,,,,,,,,,,,,,,,,,,,,,,,,,,,,,,Tourism & Hospitality,0,0.0,0.0,0.0,Iesco,297,3,19.5,0.0,0.0,Baseline,65,Safe,0.0,0.0,ILO Labor Models (2019/2030); BMJ Global Health (2024),200,,,
murree,2021-01-11,Winter (Dec-Jan),7.98,0.0,0.87,0.88,2021,1,,,,,,,,,,,,,,,,,,,,,,,,,,,,,,,Tourism & Hospitality,0,0.0,0.0,0.0,Iesco,297,3,19.5,0.0,0.0,Baseline,65,Safe,0.0,0.0,ILO Labor Models (2019/2030); BMJ Global Health (2024),200,,,
murree,2021-01-12,Winter (Dec-Jan),7.62,0.0,0.87,0.88,2021,1,,,,,,,,,,,,,,,,,,,,,,,,,,,,,,,Tourism & Hospitality,0,0.0,0.0,0.0,Iesco,297,3,19.5,0.0,0.0,Baseline,65,Safe,0.0,0.0,ILO Labor Models (2019/2030); BMJ Global Health (2024),200,,,
murree,2021-01-13,Winter (Dec-Jan),8.59,0.0,0.87,0.88,2021,1,,,,,,,,,,,,,,,,,,,,,,,,,,,,,,,Tourism & Hospitality,0,0.0,0.0,0.0,Iesco,297,3,19.5,0.0,0.0,Baseline,65,Safe,0.0,0.0,ILO Labor Models (2019/2030); BMJ Global Health (2024),200,,,
murree,2021-01-14,Winter (Dec-Jan),9.78,0.0,0.87,0.87,2021,1,,,,,,,,,,,,,,,,,,,,,,,,,,,,,,,Tourism & Hospitality,0,0.0,0.0,0.0,Iesco,297,3,19.5,0.0,0.0,Baseline,65,Safe,0.0,0.0,ILO Labor Models (2019/2030); BMJ Global Health (2024),200,,,
murree,2021-01-15,Winter (Dec-Jan),10.26,0.0,0.87,0.87,2021,1,,,,,,,,,,,,,,,,,,,,,,,,,,,,,,,Tourism & Hospitality,0,0.0,0.0,0.0,Iesco,297,3,19.5,0.0,0.0,Baseline,65,Safe,0.0,0.0,ILO Labor Models (2019/2030); BMJ Global Health (2024),200,,,
murree,2021-01-16,Winter (Dec-Jan),10.26,0.0,0.86,0.87,2021,1,,,,,,,,,,,,,,,,,,,,,,,,,,,,,,,Tourism & Hospitality,0,0.0,0.0,0.0,Iesco,297,3,19.5,0.0,0.0,Baseline,65,Safe,0.0,0.0,ILO Labor Models (2019/2030); BMJ Global Health (2024),200,,,
murree,2021-01-17,Winter (Dec-Jan),9.61,0.0,0.86,0.86,2021,1,,,,,,,,,,,,,,,,,,,,,,,,,,,,,,,Tourism & Hospitality,0,0.0,0.0,0.0,Iesco,297,3,19.5,0.0,0.0,Baseline,65,Safe,0.0,0.0,ILO Labor Models (2019/2030); BMJ Global Health (2024),200,,,
murree,2021-01-18,Winter (Dec-Jan),9.45,0.0,0.86,0.86,2021,1,,,,,,,,,,,,,,,,,,,,,,,,,,,,,,,Tourism & Hospitality,0,0.0,0.0,0.0,Iesco,297,3,19.5,0.0,0.0,Baseline,65,Safe,0.0,0.0,ILO Labor Models (2019/2030); BMJ Global Health (2024),200,,,
murree,2021-01-19,Winter (Dec-Jan),9.44,0.0,0.86,0.86,2021,1,,,,,,,,,,,,,,,,,,,,,,,,,,,,,,,Tourism & Hospitality,0,0.0,0.0,0.0,Iesco,297,3,19.5,0.0,0.0,Baseline,65,Safe,0.0,0.0,ILO Labor Models (2019/2030); BMJ Global Health (2024),200,,,
murree,2021-01-20,Winter (Dec-Jan),10.2,0.0,0.86,0.86,2021,1,,,,,,,,,,,,,,,,,,,,,,,,,,,,,,,Tourism & Hospitality,0,0.0,0.0,0.0,Iesco,297,3,19.5,0.0,0.0,Baseline,65,Safe,0.0,0.0,ILO Labor Models (2019/2030); BMJ Global Health (2024),200,,,
murree,2021-01-21,Winter (Dec-Jan),10.03,0.0,0.85,0.85,2021,1,,,,,,,,,,,,,,,,,,,,,,,,,,,,,,,Tourism & Hospitality,0,0.0,0.0,0.0,Iesco,297,3,19.5,0.0,0.0,Baseline,65,Safe,0.0,0.0,ILO Labor Models (2019/2030); BMJ Global Health (2024),200,,,
murree,2021-01-22,Winter (Dec-Jan),8.48,3.16,0.86,0.85,2021,1,,,,,,,,,,,,,,,,,,,,,,,,,,,,,,,Tourism & Hospitality,0,0.0,0.0,0.0,Iesco,297,3,19.5,0.0,0.0,Baseline,65,Safe,0.0,0.0,ILO Labor Models (2019/2030); BMJ Global Health (2024),200,,,
murree,2021-01-23,Winter (Dec-Jan),7.2,5.9,0.87,0.86,2021,1,,,,,,,,,,,,,,,,,,,,,,,,,,,,,,,Tourism & Hospitality,0,0.0,0.0,0.0,Iesco,297,3,19.5,0.0,0.0,Baseline,65,Safe,0.0,0.0,ILO Labor Models (2019/2030); BMJ Global Health (2024),200,,,
murree,2021-01-24,Winter (Dec-Jan),6.87,0.0,0.86,0.86,2021,1,,,,,,,,,,,,,,,,,,,,,,,,,,,,,,,Tourism & Hospitality,0,0.0,0.0,0.0,Iesco,297,3,19.5,0.0,0.0,Baseline,65,Safe,0.0,0.0,ILO Labor Models (2019/2030); BMJ Global Health (2024),200,,,
murree,2021-01-25,Winter (Dec-Jan),7.21,0.0,0.85,0.85,2021,1,,,,,,,,,,,,,,,,,,,,,,,,,,,,,,,Tourism & Hospitality,0,0.0,0.0,0.0,Iesco,297,3,19.5,0.0,0.0,Baseline,65,Safe,0.0,0.0,ILO Labor Models (2019/2030); BMJ Global Health (2024),200,,,
murree,2021-01-26,Winter (Dec-Jan),7.59,0.0,0.85,0.85,2021,1,,,,,,,,,,,,,,,,,,,,,,,,,,,,,,,Tourism & Hospitality,0,0.0,0.0,0.0,Iesco,297,3,19.5,0.0,0.0,Baseline,65,Safe,0.0,0.0,ILO Labor Models (2019/2030); BMJ Global Health (2024),200,,,
murree,2021-01-27,Winter (Dec-Jan),7.4,0.0,0.85,0.85,2021,1,,,,,,,,,,,,,,,,,,,,,,,,,,,,,,,Tourism & Hospitality,0,0.0,0.0,0.0,Iesco,297,3,19.5,0.0,0.0,Baseline,65,Safe,0.0,0.0,ILO Labor Models (2019/2030); BMJ Global Health (2024),200,,,
murree,2021-01-28,Winter (Dec-Jan),7.78,0.0,0.85,0.84,2021,1,,,,,,,,,,,,,,,,,,,,,,,,,,,,,,,Tourism & Hospitality,0,0.0,0.0,0.0,Iesco,297,3,19.5,0.0,0.0,Baseline,65,Safe,0.0,0.0,ILO Labor Models (2019/2030); BMJ Global Health (2024),200,,,
murree,2021-01-29,Winter (Dec-Jan),8.31,0.0,0.84,0.84,2021,1,,,,,,,,,,,,,,,,,,,,,,,,,,,,,,,Tourism & Hospitality,0,0.0,0.0,0.0,Iesco,297,3,19.5,0.0,0.0,Baseline,65,Safe,0.0,0.0,ILO Labor Models (2019/2030); BMJ Global Health (2024),200,,,
murree,2021-01-30,Winter (Dec-Jan),8.28,0.0,0.84,0.84,2021,1,,,,,,,,,,,,,,,,,,,,,,,,,,,,,,,Tourism & Hospitality,0,0.0,0.0,0.0,Iesco,297,3,19.5,0.0,0.0,Baseline,65,Safe,0.0,0.0,ILO Labor Models (2019/2030); BMJ Global Health (2024),200,,,
murree,2021-01-31,Winter (Dec-Jan),9.8,0.02,0.84,0.83,2021,1,,,,,,,,,,,,,,,,,,,,,,,,,,,,,,,Tourism & Hospitality,0,0.0,0.0,0.0,Iesco,297,3,19.5,0.0,0.0,Baseline,65,Safe,0.0,0.0,ILO Labor Models (2019/2030); BMJ Global Health (2024),200,,,
murree,2021-05-01,Summer (May-Jul),24.42,1.64,0.74,0.74,2021,5,,,,,,,,,30.11,1.64,5.08,-3.44,Severe Deficit (Water Loss),,,,,,,,,,,,,,,,,,Tourism & Hospitality,24,0.48,1.2,0.86,Iesco,212,2,39.0,3.62,9.1,Critical (High Er Visits),30,Extreme,5.2,13.5,ILO Labor Models (2019/2030); BMJ Global Health (2024),200,,,
murree,2021-05-02,Summer (May-Jul),24.47,0.16,0.72,0.73,2021,5,,,,,,,,,30.33,0.16,5.16,-5.0,Severe Deficit (Water Loss),,,,,,,,,,,,,,,,,,Tourism & Hospitality,24,0.48,1.2,0.86,Iesco,212,2,39.0,3.62,9.1,Critical (High Er Visits),30,Extreme,5.2,13.5,ILO Labor Models (2019/2030); BMJ Global Health (2024),200,,,
murree,2021-05-03,Summer (May-Jul),25.23,0.01,0.72,0.72,2021,5,,,,,,,,,29.61,0.01,4.02,-4.01,Severe Deficit (Water Loss),,,,,,,,,,,,,,,,,,Tourism & Hospitality,24,0.48,1.2,0.86,Iesco,212,2,39.0,3.62,9.1,Critical (High Er Visits),30,Extreme,5.2,13.5,ILO Labor Models (2019/2030); BMJ Global Health (2024),200,,,
murree,2021-05-04,Summer (May-Jul),23.46,9.26,0.75,0.72,2021,5,,,,,,,,,28.92,9.26,2.48,6.78,Surplus (Recharging),,,,,,,,,,,,,,,,,,Tourism & Hospitality,24,0.48,1.2,0.86,Iesco,212,2,39.0,3.62,9.1,Critical (High Er Visits),30,Extreme,5.2,13.5,ILO Labor Models (2019/2030); BMJ Global Health (2024),200,,,
murree,2021-05-05,Summer (May-Jul),20.86,4.99,0.75,0.73,2021,5,,,,,,,,,25.65,4.99,2.39,2.6,Surplus (Recharging),,,,,,,,,,,,,,,,,,Tourism & Hospitality,24,0.48,1.2,0.86,Iesco,212,2,39.0,3.62,9.1,Critical (High Er Visits),30,Extreme,5.2,13.5,ILO Labor Models (2019/2030); BMJ Global Health (2024),200,,,
murree,2021-05-06,Summer (May-Jul),22.09,0.8,0.73,0.73,2021,5,,,,,,,,,27.23,0.8,3.38,-2.58,Severe Deficit (Water Loss),,,,,,,,,,,,,,,,,,Tourism & Hospitality,24,0.48,1.2,0.86,Iesco,212,2,39.0,3.62,9.1,Critical (High Er Visits),30,Extreme,5.2,13.5,ILO Labor Models (2019/2030); BMJ Global Health (2024),200,,,
murree,2021-05-07,Summer (May-Jul),21.87,0.68,0.72,0.72,2021,5,,,,,,,,,26.23,0.68,3.23,-2.55,Severe Deficit (Water Loss),,,,,,,,,,,,,,,,,,Tourism & Hospitality,24,0.48,1.2,0.86,Iesco,212,2,39.0,3.62,9.1,Critical (High Er Visits),30,Extreme,5.2,13.5,ILO Labor Models (2019/2030); BMJ Global Health (2024),200,,,
murree,2021-05-08,Summer (May-Jul),22.0,1.4,0.72,0.71,2021,5,,,,,,,,,26.58,1.4,3.75,-2.35,Severe Deficit (Water Loss),,,,,,,,,,,,,,,,,,Tourism & Hospitality,24,0.48,1.2,0.86,Iesco,212,2,39.0,3.62,9.1,Critical (High Er Visits),30,Extreme,5.2,13.5,ILO Labor Models (2019/2030); BMJ Global Health (2024),200,,,
murree,2021-05-09,Summer (May-Jul),22.98,4.1,0.72,0.71,2021,5,,,,,,,,,27.96,4.1,3.9,0.2,Surplus (Recharging),,,,,,,,,,,,,,,,,,Tourism & Hospitality,24,0.48,1.2,0.86,Iesco,212,2,39.0,3.62,9.1,Critical (High Er Visits),30,Extreme,5.2,13.5,ILO Labor Models (2019/2030); BMJ Global Health (2024),200,,,
murree,2021-05-10,Summer (May-Jul),23.98,4.53,0.72,0.71,2021,5,,,,,,,,,29.0,4.53,4.24,0.29,Surplus (Recharging),,,,,,,,,,,,,,,,,,Tourism & Hospitality,24,0.48,1.2,0.86,Iesco,212,2,39.0,3.62,9.1,Critical (High Er Visits),30,Extreme,5.2,13.5,ILO Labor Models (2019/2030); BMJ Global Health (2024),200,,,
murree,2021-05-11,Summer (May-Jul),22.49,12.13,0.76,0.72,2021,5,,,,,,,,,26.16,12.13,2.21,9.92,Surplus (Recharging),,,,,,,,,,,,,,,,,,Tourism & Hospitality,24,0.48,1.2,0.86,Iesco,212,2,39.0,3.62,9.1,Critical (High Er Visits),30,Extreme,5.2,13.5,ILO Labor Models (2019/2030); BMJ Global Health (2024),200,,,
murree,2021-05-12,Summer (May-Jul),22.38,5.49,0.74,0.72,2021,5,,,,,,,,,26.87,5.49,4.36,1.13,Surplus (Recharging),,,,,,,,,,,,,,,,,,Tourism & Hospitality,24,0.48,1.2,0.86,Iesco,212,2,39.0,3.62,9.1,Critical (High Er Visits),30,Extreme,5.2,13.5,ILO Labor Models (2019/2030); BMJ Global Health (2024),200,,,
murree,2021-05-13,Summer (May-Jul),21.28,2.96,0.73,0.72,2021,5,,,,,,,,,25.66,2.96,3.42,-0.46,Severe Deficit (Water Loss),,,,,,,,,,,,,,,,,,Tourism & Hospitality,24,0.48,1.2,0.86,Iesco,212,2,39.0,3.62,9.1,Critical (High Er Visits),30,Extreme,5.2,13.5,ILO Labor Models (2019/2030); BMJ Global Health (2024),200,,,
murree,2021-05-14,Summer (May-Jul),21.55,3.17,0.73,0.72,2021,5,,,,,,,,,24.87,3.17,3.61,-0.44,Severe Deficit (Water Loss),,,,,,,,,,,,,,,,,,Tourism & Hospitality,24,0.48,1.2,0.86,Iesco,212,2,39.0,3.62,9.1,Critical (High Er Visits),30,Extreme,5.2,13.5,ILO Labor Models (2019/2030); BMJ Global Health (2024),200,,,
murree,2021-05-15,Summer (May-Jul),21.42,0.79,0.71,0.71,2021,5,,,,,,,,,26.99,0.79,4.63,-3.84,Severe Deficit (Water Loss),,,,,,,,,,,,,,,,,,Tourism & Hospitality,24,0.48,1.2,0.86,Iesco,212,2,39.0,3.62,9.1,Critical (High Er Visits),30,Extreme,5.2,13.5,ILO Labor Models (2019/2030); BMJ Global Health (2024),200,,,
murree,2021-05-16,Summer (May-Jul),21.73,0.43,0.71,0.7,2021,5,,,,,,,,,27.78,0.43,3.53,-3.1,Severe Deficit (Water Loss),,,,,,,,,,,,,,,,,,Tourism & Hospitality,24,0.48,1.2,0.86,Iesco,212,2,39.0,3.62,9.1,Critical (High Er Visits),30,Extreme,5.2,13.5,ILO Labor Models (2019/2030); BMJ Global Health (2024),200,,,
murree,2021-05-17,Summer (May-Jul),23.18,0.21,0.69,0.7,2021,5,,,,,,,,,29.29,0.21,5.21,-5.0,Severe Deficit (Water Loss),,,,,,,,,,,,,,,,,,Tourism & Hospitality,24,0.48,1.2,0.86,Iesco,212,2,39.0,3.62,9.1,Critical (High Er Visits),30,Extreme,5.2,13.5,ILO Labor Models (2019/2030); BMJ Global Health (2024),200,,,
murree,2021-05-18,Summer (May-Jul),24.46,0.05,0.67,0.68,2021,5,,,,,,,,,31.2,0.05,5.05,-5.0,Severe Deficit (Water Loss),,,,,,,,,,,,,,,,,,Tourism & Hospitality,24,0.48,1.2,0.86,Iesco,212,2,39.0,3.62,9.1,Critical (High Er Visits),30,Extreme,5.2,13.5,ILO Labor Models (2019/2030); BMJ Global Health (2024),200,,,
murree,2021-05-19,Summer (May-Jul),24.47,2.03,0.67,0.68,2021,5,,,,,,,,,29.49,2.03,4.26,-2.23,Severe Deficit (Water Loss),,,,,,,,,,,,,,,,,,Tourism & Hospitality,24,0.48,1.2,0.86,Iesco,212,2,39.0,3.62,9.1,Critical (High Er Visits),30,Extreme,5.2,13.5,ILO Labor Models (2019/2030); BMJ Global Health (2024),200,,,
murree,2021-05-20,Summer (May-Jul),24.34,0.56,0.65,0.67,2021,5,,,,,,,,,29.48,0.56,3.87,-3.31,Severe Deficit (Water Loss),,,,,,,,,,,,,,,,,,Tourism & Hospitality,24,0.48,1.2,0.86,Iesco,212,2,39.0,3.62,9.1,Critical (High Er Visits),30,Extreme,5.2,13.5,ILO Labor Models (2019/2030); BMJ Global Health (2024),200,,,
murree,2021-05-21,Summer (May-Jul),23.08,2.7,0.65,0.67,2021,5,,,,,,,,,29.54,2.7,3.45,-0.75,Severe Deficit (Water Loss),,,,,,,,,,,,,,,,,,Tourism & Hospitality,24,0.48,1.2,0.86,Iesco,212,2,39.0,3.62,9.1,Critical (High Er Visits),30,Extreme,5.2,13.5,ILO Labor Models (2019/2030); BMJ Global Health (2024),200,,,
murree,2021-05-22,Summer (May-Jul),23.33,0.13,0.63,0.66,2021,5,,,,,,,,,29.8,0.13,3.4,-3.27,Severe Deficit (Water Loss),,,,,,,,,,,,,,,,,,Tourism & Hospitality,24,0.48,1.2,0.86,Iesco,212,2,39.0,3.62,9.1,Critical (High Er Visits),30,Extreme,5.2,13.5,ILO Labor Models (2019/2030); BMJ Global Health (2024),200,,,
murree,2021-05-23,Summer (May-Jul),21.63,6.94,0.67,0.66,2021,5,,,,,,,,,26.89,6.94,2.08,4.86,Surplus (Recharging),,,,,,,,,,,,,,,,,,Tourism & Hospitality,24,0.48,1.2,0.86,Iesco,212,2,39.0,3.62,9.1,Critical (High Er Visits),30,Extreme,5.2,13.5,ILO Labor Models (2019/2030); BMJ Global Health (2024),200,,,
murree,2021-05-24,Summer (May-Jul),22.4,0.29,0.63,0.66,2021,5,,,,,,,,,28.65,0.29,3.22,-2.93,Severe Deficit (Water Loss),,,,,,,,,,,,,,,,,,Tourism & Hospitality,24,0.48,1.2,0.86,Iesco,212,2,39.0,3.62,9.1,Critical (High Er Visits),30,Extreme,5.2,13.5,ILO Labor Models (2019/2030); BMJ Global Health (2024),200,,,
murree,2021-05-25,Summer (May-Jul),24.77,0.01,0.62,0.65,2021,5,,,,,,,,,30.48,0.01,3.0,-2.99,Severe Deficit (Water Loss),,,,,,,,,,,,,,,,,,Tourism & Hospitality,24,0.48,1.2,0.86,Iesco,212,2,39.0,3.62,9.1,Critical (High Er Visits),30,Extreme,5.2,13.5,ILO Labor Models (2019/2030); BMJ Global Health (2024),200,,,
murree,2021-05-26,Summer (May-Jul),25.75,0.0,0.61,0.64,2021,5,,,,,,,,,32.32,0.0,2.91,-2.91,Severe Deficit (Water Loss),,,,,,,,,,,,,,,,,,Tourism & Hospitality,24,0.48,1.2,0.86,Iesco,212,2,39.0,3.62,9.1,Critical (High Er Visits),30,Extreme,5.2,13.5,ILO Labor Models (2019/2030); BMJ Global Health (2024),200,,,
murree,2021-05-27,Summer (May-Jul),26.75,0.0,0.6,0.63,2021,5,,,,,,,,,34.14,0.0,2.63,-2.63,Severe Deficit (Water Loss),,,,,,,,,,,,,,,,,,Tourism & Hospitality,24,0.48,1.2,0.86,Iesco,212,2,39.0,3.62,9.1,Critical (High Er Visits),30,Extreme,5.2,13.5,ILO Labor Models (2019/2030); BMJ Global Health (2024),200,,,
murree,2021-05-28,Summer (May-Jul),28.64,0.0,0.58,0.63,2021,5,,,,,,,,,36.19,0.0,2.42,-2.42,Severe Deficit (Water Loss),,,,,,,,,,,,,,,,,,Tourism & Hospitality,24,0.48,1.2,0.86,Iesco,212,2,39.0,3.62,9.1,Critical (High Er Visits),30,Extreme,5.2,13.5,ILO Labor Models (2019/2030); BMJ Global Health (2024),200,,,
murree,2021-05-29,Summer (May-Jul),29.3,0.56,0.58,0.62,2021,5,,,,,,,,,36.16,0.56,1.96,-1.4,Severe Deficit (Water Loss),,,,,,,,,,,,,,,,,,Tourism & Hospitality,24,0.48,1.2,0.86,Iesco,212,2,39.0,3.62,9.1,Critical (High Er Visits),30,Extreme,5.2,13.5,ILO Labor Models (2019/2030); BMJ Global Health (2024),200,,,
murree,2021-05-30,Summer (May-Jul),28.27,0.07,0.57,0.61,2021,5,,,,,,,,,35.14,0.07,1.63,-1.56,Severe Deficit (Water Loss),,,,,,,,,,,,,,,,,,Tourism & Hospitality,24,0.48,1.2,0.86,Iesco,212,2,39.0,3.62,9.1,Critical (High Er Visits),30,Extreme,5.2,13.5,ILO Labor Models (2019/2030); BMJ Global Health (2024),200,,,
murree,2021-05-31,Summer (May-Jul),27.88,3.32,0.59,0.61,2021,5,,,,,,,,,33.12,3.32,1.38,1.94,Surplus (Recharging),,,,,,,,,,,,,,,,,,Tourism & Hospitality,24,0.48,1.2,0.86,Iesco,212,2,39.0,3.62,9.1,Critical (High Er Visits),30,Extreme,5.2,13.5,ILO Labor Models (2019/2030); BMJ Global Health (2024),200,,,
murree,2021-06-01,Summer (May-Jul),25.85,2.09,0.58,0.61,2021,6,June,18.8,9.9,13.9,71.0,19.5,3.1,10.9,31.27,2.09,1.12,0.97,Surplus (Recharging),,,,,,198.0,80.0,86.9,17.9,69.0,143.0,13.0,1.0,0.0,35.0,31.4,Ndma,Tourism & Hospitality,40,0.8,2.0,2.4,Iesco,382,4,40.5,4.13,10.3,Critical (High Er Visits),40,Extreme,6.8,17.8,ILO Labor Models (2019/2030); BMJ Global Health (2024),200,,,
murree,2021-06-02,Summer (May-Jul),26.3,11.43,0.62,0.61,2021,6,June,18.7,9.9,14.6,72.0,18.9,3.6,5.9,30.89,11.43,1.18,10.25,Surplus (Recharging),,,,,,198.0,80.0,86.9,17.9,69.0,143.0,13.0,1.0,0.0,35.0,31.4,Ndma,Tourism & Hospitality,40,0.8,2.0,2.4,Iesco,382,4,40.5,4.13,10.3,Critical (High Er Visits),40,Extreme,6.8,17.8,ILO Labor Models (2019/2030); BMJ Global Health (2024),200,,,
murree,2021-06-03,Summer (May-Jul),25.92,24.9,0.72,0.64,2021,6,June,18.3,11.2,14.2,79.0,19.9,5.8,9.2,30.57,24.9,1.64,23.26,Surplus (Recharging),,,,,,198.0,80.0,86.9,17.9,69.0,143.0,13.0,1.0,0.0,35.0,31.4,Ndma,Tourism & Hospitality,40,0.8,2.0,2.4,Iesco,382,4,40.5,4.13,10.3,Critical (High Er Visits),40,Extreme,6.8,17.8,ILO Labor Models (2019/2030); BMJ Global Health (2024),200,,,
murree,2021-06-04,Summer (May-Jul),25.94,0.7,0.63,0.65,2021,6,June,20.9,11.0,16.4,67.0,21.9,0.6,8.2,30.86,0.7,2.99,-2.29,Severe Deficit (Water Loss),,,,,,198.0,80.0,86.9,17.9,69.0,143.0,13.0,1.0,0.0,35.0,31.4,Ndma,Tourism & Hospitality,40,0.8,2.0,2.4,Iesco,382,4,40.5,4.13,10.3,Critical (High Er Visits),40,Extreme,6.8,17.8,ILO Labor Models (2019/2030); BMJ Global Health (2024),200,,,
murree,2021-06-05,Summer (May-Jul),27.0,0.15,0.61,0.64,2021,6,June,21.8,13.8,17.9,62.0,24.3,2.2,6.6,31.74,0.15,2.35,-2.2,Severe Deficit (Water Loss),,,,,,198.0,80.0,86.9,17.9,69.0,143.0,13.0,1.0,0.0,35.0,31.4,Ndma,Tourism & Hospitality,40,0.8,2.0,2.4,Iesco,382,4,40.5,4.13,10.3,Critical (High Er Visits),40,Extreme,6.8,17.8,ILO Labor Models (2019/2030); BMJ Global Health (2024),200,,,
murree,2021-06-06,Summer (May-Jul),27.53,2.65,0.62,0.64,2021,6,June,22.7,11.9,18.0,65.0,22.8,0.3,10.1,31.76,2.65,2.05,0.6,Surplus (Recharging),,,,,,198.0,80.0,86.9,17.9,69.0,143.0,13.0,1.0,0.0,35.0,31.4,Ndma,Tourism & Hospitality,40,0.8,2.0,2.4,Iesco,382,4,40.5,4.13,10.3,Critical (High Er Visits),40,Extreme,6.8,17.8,ILO Labor Models (2019/2030); BMJ Global Health (2024),200,,,
murree,2021-06-07,Summer (May-Jul),29.53,0.0,0.59,0.63,2021,6,June,25.4,13.3,19.4,61.0,26.2,0.0,9.2,34.8,0.0,2.39,-2.39,Severe Deficit (Water Loss),,,,,,198.0,80.0,86.9,17.9,69.0,143.0,13.0,1.0,0.0,35.0,31.4,Ndma,Tourism & Hospitality,40,0.8,2.0,2.4,Iesco,382,4,40.5,4.13,10.3,Critical (High Er Visits),40,Extreme,6.8,17.8,ILO Labor Models (2019/2030); BMJ Global Health (2024),200,,,
murree,2021-06-08,Summer (May-Jul),31.09,0.0,0.58,0.62,2021,6,June,27.1,14.5,21.1,57.0,28.4,0.0,10.3,37.09,0.0,2.27,-2.27,Severe Deficit (Water Loss),,,,,,198.0,80.0,86.9,17.9,69.0,143.0,13.0,1.0,0.0,35.0,31.4,Ndma,Tourism & Hospitality,40,0.8,2.0,2.4,Iesco,382,4,40.5,4.13,10.3,Critical (High Er Visits),40,Extreme,6.8,17.8,ILO Labor Models (2019/2030); BMJ Global Health (2024),200,,,
murree,2021-06-09,Summer (May-Jul),32.47,0.0,0.57,0.61,2021,6,June,28.6,15.3,23.0,46.0,29.2,0.0,10.8,38.72,0.0,2.02,-2.02,Severe Deficit (Water Loss),,,,,,198.0,80.0,86.9,17.9,69.0,143.0,13.0,1.0,0.0,35.0,31.4,Ndma,Tourism & Hospitality,40,0.8,2.0,2.4,Iesco,382,4,40.5,4.13,10.3,Critical (High Er Visits),40,Extreme,6.8,17.8,ILO Labor Models (2019/2030); BMJ Global Health (2024),200,,,
murree,2021-06-10,Summer (May-Jul),32.21,0.0,0.56,0.61,2021,6,June,28.8,15.6,23.2,44.0,28.6,0.0,11.5,38.21,0.0,1.63,-1.63,Severe Deficit (Water Loss),,,,,,198.0,80.0,86.9,17.9,69.0,143.0,13.0,1.0,0.0,35.0,31.4,Ndma,Tourism & Hospitality,40,0.8,2.0,2.4,Iesco,382,4,40.5,4.13,10.3,Critical (High Er Visits),40,Extreme,6.8,17.8,ILO Labor Models (2019/2030); BMJ Global Health (2024),200,,,
murree,2021-06-11,Summer (May-Jul),31.22,0.01,0.55,0.6,2021,6,June,25.2,15.6,20.4,61.0,27.6,3.1,9.4,37.19,0.01,1.23,-1.22,Severe Deficit (Water Loss),,,,,,198.0,80.0,86.9,17.9,69.0,143.0,13.0,1.0,0.0,35.0,31.4,Ndma,Tourism & Hospitality,40,0.8,2.0,2.4,Iesco,382,4,40.5,4.13,10.3,Critical (High Er Visits),40,Extreme,6.8,17.8,ILO Labor Models (2019/2030); BMJ Global Health (2024),200,,,
murree,2021-06-12,Summer (May-Jul),29.31,34.78,0.69,0.63,2021,6,June,24.2,15.5,20.0,57.0,25.2,1.1,10.2,33.32,34.78,2.0,32.78,Surplus (Recharging),,,,,,198.0,80.0,86.9,17.9,69.0,143.0,13.0,1.0,0.0,35.0,31.4,Ndma,Tourism & Hospitality,40,0.8,2.0,2.4,Iesco,382,4,40.5,4.13,10.3,Critical (High Er Visits),40,Extreme,6.8,17.8,ILO Labor Models (2019/2030); BMJ Global Health (2024),200,,,
murree,2021-06-13,Summer (May-Jul),29.09,1.49,0.61,0.64,2021,6,June,19.8,12.1,16.0,77.0,20.9,8.7,12.7,33.91,1.49,2.98,-1.49,Severe Deficit (Water Loss),,,,,,198.0,80.0,86.9,17.9,69.0,143.0,13.0,1.0,0.0,35.0,31.4,Ndma,Tourism & Hospitality,40,0.8,2.0,2.4,Iesco,382,4,40.5,4.13,10.3,Critical (High Er Visits),40,Extreme,6.8,17.8,ILO Labor Models (2019/2030); BMJ Global Health (2024),200,,,
murree,2021-06-14,Summer (May-Jul),27.38,6.06,0.63,0.64,2021,6,June,20.5,11.4,15.5,76.0,21.7,3.6,11.0,32.22,6.06,2.64,3.42,Surplus (Recharging),,,,,,198.0,80.0,86.9,17.9,69.0,143.0,13.0,1.0,0.0,35.0,31.4,Ndma,Tourism & Hospitality,40,0.8,2.0,2.4,Iesco,382,4,40.5,4.13,10.3,Critical (High Er Visits),40,Extreme,6.8,17.8,ILO Labor Models (2019/2030); BMJ Global Health (2024),200,,,
murree,2021-06-15,Summer (May-Jul),26.6,4.85,0.63,0.64,2021,6,June,20.3,11.4,15.5,65.0,20.9,0.2,8.3,31.66,4.85,2.58,2.27,Surplus (Recharging),,,,,,198.0,80.0,86.9,17.9,69.0,143.0,13.0,1.0,0.0,35.0,31.4,Ndma,Tourism & Hospitality,40,0.8,2.0,2.4,Iesco,382,4,40.5,4.13,10.3,Critical (High Er Visits),40,Extreme,6.8,17.8,ILO Labor Models (2019/2030); BMJ Global Health (2024),200,,,
murree,2021-06-16,Summer (May-Jul),26.1,14.04,0.67,0.64,2021,6,June,19.8,10.8,15.5,64.0,20.2,2.0,9.0,30.42,14.04,1.91,12.13,Surplus (Recharging),,,,,,198.0,80.0,86.9,17.9,69.0,143.0,13.0,1.0,0.0,35.0,31.4,Ndma,Tourism & Hospitality,40,0.8,2.0,2.4,Iesco,382,4,40.5,4.13,10.3,Critical (High Er Visits),40,Extreme,6.8,17.8,ILO Labor Models (2019/2030); BMJ Global Health (2024),200,,,
murree,2021-06-17,Summer (May-Jul),24.88,0.68,0.62,0.65,2021,6,June,20.2,10.4,14.9,67.0,20.1,0.3,11.6,29.85,0.68,2.77,-2.09,Severe Deficit (Water Loss),,,,,,198.0,80.0,86.9,17.9,69.0,143.0,13.0,1.0,0.0,35.0,31.4,Ndma,Tourism & Hospitality,40,0.8,2.0,2.4,Iesco,382,4,40.5,4.13,10.3,Critical (High Er Visits),40,Extreme,6.8,17.8,ILO Labor Models (2019/2030); BMJ Global Health (2024),200,,,
murree,2021-06-18,Summer (May-Jul),26.47,0.01,0.6,0.64,2021,6,June,22.6,10.4,16.8,50.0,22.1,0.0,7.6,31.95,0.01,2.92,-2.91,Severe Deficit (Water Loss),,,,,,198.0,80.0,86.9,17.9,69.0,143.0,13.0,1.0,0.0,35.0,31.4,Ndma,Tourism & Hospitality,40,0.8,2.0,2.4,Iesco,382,4,40.5,4.13,10.3,Critical (High Er Visits),40,Extreme,6.8,17.8,ILO Labor Models (2019/2030); BMJ Global Health (2024),200,,,
murree,2021-06-19,Summer (May-Jul),27.36,0.14,0.59,0.63,2021,6,June,23.2,14.8,19.7,37.0,22.5,0.0,10.2,33.02,0.14,2.55,-2.41,Severe Deficit (Water Loss),,,,,,198.0,80.0,86.9,17.9,69.0,143.0,13.0,1.0,0.0,35.0,31.4,Ndma,Tourism & Hospitality,40,0.8,2.0,2.4,Iesco,382,4,40.5,4.13,10.3,Critical (High Er Visits),40,Extreme,6.8,17.8,ILO Labor Models (2019/2030); BMJ Global Health (2024),200,,,
murree,2021-06-20,Summer (May-Jul),27.59,0.23,0.58,0.62,2021,6,June,22.0,11.8,17.8,59.0,22.1,0.9,14.0,32.75,0.23,2.07,-1.84,Severe Deficit (Water Loss),,,,,,198.0,80.0,86.9,17.9,69.0,143.0,13.0,1.0,0.0,35.0,31.4,Ndma,Tourism & Hospitality,40,0.8,2.0,2.4,Iesco,382,4,40.5,4.13,10.3,Critical (High Er Visits),40,Extreme,6.8,17.8,ILO Labor Models (2019/2030); BMJ Global Health (2024),200,,,
murree,2021-06-21,Summer (May-Jul),27.46,1.65,0.58,0.62,2021,6,June,23.1,11.0,17.0,60.0,24.2,0.2,13.3,33.02,1.65,1.84,-0.19,Severe Deficit (Water Loss),,,,,,198.0,80.0,86.9,17.9,69.0,143.0,13.0,1.0,0.0,35.0,31.4,Ndma,Tourism & Hospitality,40,0.8,2.0,2.4,Iesco,382,4,40.5,4.13,10.3,Critical (High Er Visits),40,Extreme,6.8,17.8,ILO Labor Models (2019/2030); BMJ Global Health (2024),200,,,
murree,2021-06-22,Summer (May-Jul),28.16,0.11,0.57,0.61,2021,6,June,24.1,12.0,17.9,49.0,25.2,0.1,11.6,34.22,0.11,1.73,-1.62,Severe Deficit (Water Loss),,,,,,198.0,80.0,86.9,17.9,69.0,143.0,13.0,1.0,0.0,35.0,31.4,Ndma,Tourism & Hospitality,40,0.8,2.0,2.4,Iesco,382,4,40.5,4.13,10.3,Critical (High Er Visits),40,Extreme,6.8,17.8,ILO Labor Models (2019/2030); BMJ Global Health (2024),200,,,
murree,2021-06-23,Summer (May-Jul),28.72,0.01,0.56,0.6,2021,6,June,24.5,12.8,18.7,45.0,24.4,1.5,9.6,35.55,0.01,1.48,-1.47,Severe Deficit (Water Loss),,,,,,198.0,80.0,86.9,17.9,69.0,143.0,13.0,1.0,0.0,35.0,31.4,Ndma,Tourism & Hospitality,40,0.8,2.0,2.4,Iesco,382,4,40.5,4.13,10.3,Critical (High Er Visits),40,Extreme,6.8,17.8,ILO Labor Models (2019/2030); BMJ Global Health (2024),200,,,
murree,2021-06-24,Summer (May-Jul),29.04,0.13,0.55,0.6,2021,6,June,24.7,13.8,19.1,42.0,24.3,0.1,12.3,35.8,0.13,1.27,-1.14,Severe Deficit (Water Loss),,,,,,198.0,80.0,86.9,17.9,69.0,143.0,13.0,1.0,0.0,35.0,31.4,Ndma,Tourism & Hospitality,40,0.8,2.0,2.4,Iesco,382,4,40.5,4.13,10.3,Critical (High Er Visits),40,Extreme,6.8,17.8,ILO Labor Models (2019/2030); BMJ Global Health (2024),200,,,
murree,2021-06-25,Summer (May-Jul),28.53,0.27,0.55,0.59,2021,6,June,22.3,12.8,17.3,57.0,23.3,0.9,15.9,34.74,0.27,0.98,-0.71,Severe Deficit (Water Loss),,,,,,198.0,80.0,86.9,17.9,69.0,143.0,13.0,1.0,0.0,35.0,31.4,Ndma,Tourism & Hospitality,40,0.8,2.0,2.4,Iesco,382,4,40.5,4.13,10.3,Critical (High Er Visits),40,Extreme,6.8,17.8,ILO Labor Models (2019/2030); BMJ Global Health (2024),200,,,
murree,2021-06-26,Summer (May-Jul),27.18,15.5,0.63,0.6,2021,6,June,22.9,11.9,16.4,63.0,23.5,1.2,10.2,31.58,15.5,1.22,14.28,Surplus (Recharging),,,,,,198.0,80.0,86.9,17.9,69.0,143.0,13.0,1.0,0.0,35.0,31.4,Ndma,Tourism & Hospitality,40,0.8,2.0,2.4,Iesco,382,4,40.5,4.13,10.3,Critical (High Er Visits),40,Extreme,6.8,17.8,ILO Labor Models (2019/2030); BMJ Global Health (2024),200,,,
murree,2021-06-27,Summer (May-Jul),27.42,0.0,0.56,0.61,2021,6,June,24.2,11.6,17.9,56.0,24.9,0.0,11.5,33.87,0.0,1.52,-1.52,Severe Deficit (Water Loss),,,,,,198.0,80.0,86.9,17.9,69.0,143.0,13.0,1.0,0.0,35.0,31.4,Ndma,Tourism & Hospitality,40,0.8,2.0,2.4,Iesco,382,4,40.5,4.13,10.3,Critical (High Er Visits),40,Extreme,6.8,17.8,ILO Labor Models (2019/2030); BMJ Global Health (2024),200,,,
murree,2021-06-28,Summer (May-Jul),29.42,0.0,0.55,0.6,2021,6,June,25.6,12.9,19.2,50.0,25.5,0.0,11.4,35.83,0.0,1.31,-1.31,Severe Deficit (Water Loss),,,,,,198.0,80.0,86.9,17.9,69.0,143.0,13.0,1.0,0.0,35.0,31.4,Ndma,Tourism & Hospitality,40,0.8,2.0,2.4,Iesco,382,4,40.5,4.13,10.3,Critical (High Er Visits),40,Extreme,6.8,17.8,ILO Labor Models (2019/2030); BMJ Global Health (2024),200,,,
murree,2021-06-29,Summer (May-Jul),30.35,0.0,0.55,0.59,2021,6,June,26.8,14.0,20.5,45.0,25.9,0.0,10.5,36.44,0.0,1.07,-1.07,Severe Deficit (Water Loss),,,,,,198.0,80.0,86.9,17.9,69.0,143.0,13.0,1.0,0.0,35.0,31.4,Ndma,Tourism & Hospitality,40,0.8,2.0,2.4,Iesco,382,4,40.5,4.13,10.3,Critical (High Er Visits),40,Extreme,6.8,17.8,ILO Labor Models (2019/2030); BMJ Global Health (2024),200,,,
murree,2021-06-30,Summer (May-Jul),31.31,0.0,0.54,0.58,2021,6,June,28.2,15.5,22.5,37.0,27.2,0.0,9.3,38.19,0.0,0.89,-0.89,Severe Deficit (Water Loss),,,,,,198.0,80.0,86.9,17.9,69.0,143.0,13.0,1.0,0.0,35.0,31.4,Ndma,Tourism & Hospitality,40,0.8,2.0,2.4,Iesco,382,4,40.5,4.13,10.3,Critical (High Er Visits),40,Extreme,6.8,17.8,ILO Labor Models (2019/2030); BMJ Global Health (2024),200,,,
murree,2021-07-01,Summer (May-Jul),31.53,0.02,0.53,0.58,2021,7,July,27.4,14.9,22.4,36.0,26.1,0.0,13.6,38.2,0.02,0.69,-0.67,Severe Deficit (Water Loss),,,,,,198.0,80.0,86.9,17.9,69.0,143.0,13.0,1.0,0.0,35.0,31.4,Ndma,Tourism & Hospitality,36,0.72,1.8,1.94,Iesco,340,3,36.5,2.8,7.0,Elevated (Heat Stress),70,Extreme (Humid),6.1,15.9,ILO Labor Models (2019/2030); BMJ Global Health (2024),200,,,
murree,2021-07-02,Summer (May-Jul),30.21,6.97,0.57,0.57,2021,7,July,24.6,15.0,19.6,52.0,25.0,1.1,8.2,36.82,6.97,0.52,6.45,Surplus (Recharging),,,,,,198.0,80.0,86.9,17.9,69.0,143.0,13.0,1.0,0.0,35.0,31.4,Ndma,Tourism & Hospitality,36,0.72,1.8,1.94,Iesco,340,3,36.5,2.8,7.0,Elevated (Heat Stress),70,Extreme (Humid),6.1,15.9,ILO Labor Models (2019/2030); BMJ Global Health (2024),200,,,
murree,2021-07-03,Summer (May-Jul),29.49,0.38,0.54,0.58,2021,7,July,23.4,14.1,17.9,62.0,24.0,1.2,11.6,35.47,0.38,0.63,-0.25,Severe Deficit (Water Loss),,,,,,198.0,80.0,86.9,17.9,69.0,143.0,13.0,1.0,0.0,35.0,31.4,Ndma,Tourism & Hospitality,36,0.72,1.8,1.94,Iesco,340,3,36.5,2.8,7.0,Elevated (Heat Stress),70,Extreme (Humid),6.1,15.9,ILO Labor Models (2019/2030); BMJ Global Health (2024),200,,,
murree,2021-07-04,Summer (May-Jul),29.99,0.84,0.53,0.57,2021,7,July,23.7,13.1,18.2,64.0,24.1,0.7,8.4,35.95,0.84,0.49,0.35,Surplus (Recharging),,,,,,198.0,80.0,86.9,17.9,69.0,143.0,13.0,1.0,0.0,35.0,31.4,Ndma,Tourism & Hospitality,36,0.72,1.8,1.94,Iesco,340,3,36.5,2.8,7.0,Elevated (Heat Stress),70,Extreme (Humid),6.1,15.9,ILO Labor Models (2019/2030); BMJ Global Health (2024),200,,,
murree,2021-07-05,Summer (May-Jul),28.67,13.66,0.62,0.59,2021,7,July,23.9,14.1,18.1,66.0,25.2,5.3,10.5,32.99,13.66,0.78,12.88,Surplus (Recharging),,,,,,198.0,80.0,86.9,17.9,69.0,143.0,13.0,1.0,0.0,35.0,31.4,Ndma,Tourism & Hospitality,36,0.72,1.8,1.94,Iesco,340,3,36.5,2.8,7.0,Elevated (Heat Stress),70,Extreme (Humid),6.1,15.9,ILO Labor Models (2019/2030); BMJ Global Health (2024),200,,,
murree,2021-07-06,Summer (May-Jul),29.6,0.01,0.55,0.59,2021,7,July,24.8,13.1,19.0,57.0,24.9,0.0,10.0,35.6,0.01,0.94,-0.93,Severe Deficit (Water Loss),,,,,,198.0,80.0,86.9,17.9,69.0,143.0,13.0,1.0,0.0,35.0,31.4,Ndma,Tourism & Hospitality,36,0.72,1.8,1.94,Iesco,340,3,36.5,2.8,7.0,Elevated (Heat Stress),70,Extreme (Humid),6.1,15.9,ILO Labor Models (2019/2030); BMJ Global Health (2024),200,,,
murree,2021-07-07,Summer (May-Jul),30.21,3.03,0.55,0.58,2021,7,July,24.0,14.5,19.5,56.0,25.1,0.9,8.2,36.17,3.03,0.75,2.28,Surplus (Recharging),,,,,,198.0,80.0,86.9,17.9,69.0,143.0,13.0,1.0,0.0,35.0,31.4,Ndma,Tourism & Hospitality,36,0.72,1.8,1.94,Iesco,340,3,36.5,2.8,7.0,Elevated (Heat Stress),70,Extreme (Humid),6.1,15.9,ILO Labor Models (2019/2030); BMJ Global Health (2024),200,,,
murree,2021-07-08,Summer (May-Jul),31.98,0.14,0.54,0.58,2021,7,July,26.6,15.1,20.9,56.0,27.5,0.0,8.2,37.79,0.14,0.72,-0.58,Severe Deficit (Water Loss),,,,,,198.0,80.0,86.9,17.9,69.0,143.0,13.0,1.0,0.0,35.0,31.4,Ndma,Tourism & Hospitality,36,0.72,1.8,1.94,Iesco,340,3,36.5,2.8,7.0,Elevated (Heat Stress),70,Extreme (Humid),6.1,15.9,ILO Labor Models (2019/2030); BMJ Global Health (2024),200,,,
murree,2021-07-09,Summer (May-Jul),30.59,0.0,0.53,0.57,2021,7,July,24.0,16.7,20.1,71.0,25.1,1.3,10.6,36.78,0.0,0.49,-0.49,Severe Deficit (Water Loss),,,,,,198.0,80.0,86.9,17.9,69.0,143.0,13.0,1.0,0.0,35.0,31.4,Ndma,Tourism & Hospitality,36,0.72,1.8,1.94,Iesco,340,3,36.5,2.8,7.0,Elevated (Heat Stress),70,Extreme (Humid),6.1,15.9,ILO Labor Models (2019/2030); BMJ Global Health (2024),200,,,
murree,2021-07-10,Summer (May-Jul),28.92,18.34,0.64,0.59,2021,7,July,22.4,15.7,18.6,87.0,25.0,10.4,8.4,32.82,18.34,0.6,17.74,Surplus (Recharging),,,,,,198.0,80.0,86.9,17.9,69.0,143.0,13.0,1.0,0.0,35.0,31.4,Ndma,Tourism & Hospitality,36,0.72,1.8,1.94,Iesco,340,3,36.5,2.8,7.0,Elevated (Heat Stress),70,Extreme (Humid),6.1,15.9,ILO Labor Models (2019/2030); BMJ Global Health (2024),200,,,
murree,2021-07-11,Summer (May-Jul),28.88,5.7,0.59,0.6,2021,7,July,22.3,15.3,18.7,88.0,24.8,5.7,9.9,33.9,5.7,1.01,4.69,Surplus (Recharging),,,,,,198.0,80.0,86.9,17.9,69.0,143.0,13.0,1.0,0.0,35.0,31.4,Ndma,Tourism & Hospitality,36,0.72,1.8,1.94,Iesco,340,3,36.5,2.8,7.0,Elevated (Heat Stress),70,Extreme (Humid),6.1,15.9,ILO Labor Models (2019/2030); BMJ Global Health (2024),200,,,
murree,2021-07-12,Summer (May-Jul),27.21,78.9,0.79,0.67,2021,7,July,18.7,15.1,16.3,95.0,19.3,22.7,11.0,30.56,78.9,4.14,74.76,Surplus (Recharging),,,,,,198.0,80.0,86.9,17.9,69.0,143.0,13.0,1.0,0.0,35.0,31.4,Ndma,Tourism & Hospitality,36,0.72,1.8,1.94,Iesco,340,3,36.5,2.8,7.0,Elevated (Heat Stress),70,Extreme (Humid),6.1,15.9,ILO Labor Models (2019/2030); BMJ Global Health (2024),200,,,
murree,2021-07-13,Summer (May-Jul),25.54,10.06,0.76,0.7,2021,7,July,20.2,13.8,16.5,86.0,21.7,4.8,8.9,29.14,10.06,4.96,5.1,Surplus (Recharging),,,,,,198.0,80.0,86.9,17.9,69.0,143.0,13.0,1.0,0.0,35.0,31.4,Ndma,Tourism & Hospitality,36,0.72,1.8,1.94,Iesco,340,3,36.5,2.8,7.0,Elevated (Heat Stress),70,Extreme (Humid),6.1,15.9,ILO Labor Models (2019/2030); BMJ Global Health (2024),200,,,
murree,2021-07-14,Summer (May-Jul),25.06,13.35,0.76,0.71,2021,7,July,20.1,13.5,15.5,89.0,20.8,11.1,9.1,29.09,13.35,4.27,9.08,Surplus (Recharging),,,,,,198.0,80.0,86.9,17.9,69.0,143.0,13.0,1.0,0.0,35.0,31.4,Ndma,Tourism & Hospitality,36,0.72,1.8,1.94,Iesco,340,3,36.5,2.8,7.0,Elevated (Heat Stress),70,Extreme (Humid),6.1,15.9,ILO Labor Models (2019/2030); BMJ Global Health (2024),200,,,
murree,2021-07-15,Summer (May-Jul),25.98,0.01,0.7,0.7,2021,7,July,21.9,12.7,17.5,82.0,23.9,0.8,9.9,30.25,0.01,5.99,-5.98,Severe Deficit (Water Loss),,,,,,198.0,80.0,86.9,17.9,69.0,143.0,13.0,1.0,0.0,35.0,31.4,Ndma,Tourism & Hospitality,36,0.72,1.8,1.94,Iesco,340,3,36.5,2.8,7.0,Elevated (Heat Stress),70,Extreme (Humid),6.1,15.9,ILO Labor Models (2019/2030); BMJ Global Health (2024),200,,,
murree,2021-07-16,Summer (May-Jul),26.67,0.0,0.69,0.69,2021,7,July,22.6,13.7,18.4,81.0,23.9,0.9,10.5,31.01,0.0,5.17,-5.17,Severe Deficit (Water Loss),,,,,,198.0,80.0,86.9,17.9,69.0,143.0,13.0,1.0,0.0,35.0,31.4,Ndma,Tourism & Hospitality,36,0.72,1.8,1.94,Iesco,340,3,36.5,2.8,7.0,Elevated (Heat Stress),70,Extreme (Humid),6.1,15.9,ILO Labor Models (2019/2030); BMJ Global Health (2024),200,,,
murree,2021-07-17,Summer (May-Jul),28.0,0.0,0.67,0.68,2021,7,July,23.6,15.0,19.6,80.0,25.9,0.7,11.0,32.18,0.0,5.45,-5.45,Severe Deficit (Water Loss),,,,,,198.0,80.0,86.9,17.9,69.0,143.0,13.0,1.0,0.0,35.0,31.4,Ndma,Tourism & Hospitality,36,0.72,1.8,1.94,Iesco,340,3,36.5,2.8,7.0,Elevated (Heat Stress),70,Extreme (Humid),6.1,15.9,ILO Labor Models (2019/2030); BMJ Global Health (2024),200,,,
murree,2021-07-18,Summer (May-Jul),29.43,2.61,0.66,0.67,2021,7,July,24.1,15.9,20.2,81.0,26.1,2.8,11.7,33.83,2.61,4.92,-2.31,Severe Deficit (Water Loss),,,,,,198.0,80.0,86.9,17.9,69.0,143.0,13.0,1.0,0.0,35.0,31.4,Ndma,Tourism & Hospitality,36,0.72,1.8,1.94,Iesco,340,3,36.5,2.8,7.0,Elevated (Heat Stress),70,Extreme (Humid),6.1,15.9,ILO Labor Models (2019/2030); BMJ Global Health (2024),200,,,
murree,2021-07-19,Summer (May-Jul),28.01,18.98,0.75,0.69,2021,7,July,21.3,15.0,17.2,92.0,23.4,38.7,10.7,31.45,18.98,5.2,13.78,Surplus (Recharging),,,,,,198.0,80.0,86.9,17.9,69.0,143.0,13.0,1.0,0.0,35.0,31.4,Ndma,Tourism & Hospitality,36,0.72,1.8,1.94,Iesco,340,3,36.5,2.8,7.0,Elevated (Heat Stress),70,Extreme (Humid),6.1,15.9,ILO Labor Models (2019/2030); BMJ Global Health (2024),200,,,
murree,2021-07-20,Summer (May-Jul),25.05,54.22,0.85,0.75,2021,7,July,20.6,13.3,15.5,93.0,21.7,91.6,10.0,28.29,54.22,3.26,50.96,Surplus (Recharging),,,,,,198.0,80.0,86.9,17.9,69.0,143.0,13.0,1.0,0.0,35.0,31.4,Ndma,Tourism & Hospitality,36,0.72,1.8,1.94,Iesco,340,3,36.5,2.8,7.0,Elevated (Heat Stress),70,Extreme (Humid),6.1,15.9,ILO Labor Models (2019/2030); BMJ Global Health (2024),200,,,
murree,2021-07-21,Summer (May-Jul),25.06,8.65,0.81,0.76,2021,7,July,18.8,13.0,15.2,88.0,20.3,7.4,7.7,28.13,8.65,5.82,2.83,Surplus (Recharging),,,,,,198.0,80.0,86.9,17.9,69.0,143.0,13.0,1.0,0.0,35.0,31.4,Ndma,Tourism & Hospitality,36,0.72,1.8,1.94,Iesco,340,3,36.5,2.8,7.0,Elevated (Heat Stress),70,Extreme (Humid),6.1,15.9,ILO Labor Models (2019/2030); BMJ Global Health (2024),200,,,
murree,2021-07-22,Summer (May-Jul),26.38,2.16,0.77,0.76,2021,7,July,21.1,12.1,16.8,80.0,23.2,0.2,7.3,30.08,2.16,7.84,-5.68,Severe Deficit (Water Loss),,,,,,198.0,80.0,86.9,17.9,69.0,143.0,13.0,1.0,0.0,35.0,31.4,Ndma,Tourism & Hospitality,36,0.72,1.8,1.94,Iesco,340,3,36.5,2.8,7.0,Elevated (Heat Stress),70,Extreme (Humid),6.1,15.9,ILO Labor Models (2019/2030); BMJ Global Health (2024),200,,,
murree,2021-07-23,Summer (May-Jul),26.87,0.01,0.75,0.74,2021,7,July,22.0,13.7,17.9,81.0,23.3,3.8,9.9,31.35,0.01,8.74,-8.73,Severe Deficit (Water Loss),,,,,,198.0,80.0,86.9,17.9,69.0,143.0,13.0,1.0,0.0,35.0,31.4,Ndma,Tourism & Hospitality,36,0.72,1.8,1.94,Iesco,340,3,36.5,2.8,7.0,Elevated (Heat Stress),70,Extreme (Humid),6.1,15.9,ILO Labor Models (2019/2030); BMJ Global Health (2024),200,,,
murree,2021-07-24,Summer (May-Jul),27.59,0.0,0.73,0.73,2021,7,July,23.1,13.8,18.9,79.0,25.6,0.6,9.7,31.66,0.0,7.78,-7.78,Severe Deficit (Water Loss),,,,,,198.0,80.0,86.9,17.9,69.0,143.0,13.0,1.0,0.0,35.0,31.4,Ndma,Tourism & Hospitality,36,0.72,1.8,1.94,Iesco,340,3,36.5,2.8,7.0,Elevated (Heat Stress),70,Extreme (Humid),6.1,15.9,ILO Labor Models (2019/2030); BMJ Global Health (2024),200,,,
murree,2021-07-25,Summer (May-Jul),28.02,0.05,0.72,0.72,2021,7,July,23.1,15.4,19.4,83.0,25.2,0.0,10.4,31.55,0.05,7.68,-7.63,Severe Deficit (Water Loss),,,,,,198.0,80.0,86.9,17.9,69.0,143.0,13.0,1.0,0.0,35.0,31.4,Ndma,Tourism & Hospitality,36,0.72,1.8,1.94,Iesco,340,3,36.5,2.8,7.0,Elevated (Heat Stress),70,Extreme (Humid),6.1,15.9,ILO Labor Models (2019/2030); BMJ Global Health (2024),200,,,
murree,2021-07-26,Summer (May-Jul),28.22,5.71,0.73,0.71,2021,7,July,20.6,17.0,18.8,98.0,23.3,7.2,10.0,31.09,5.71,6.63,-0.92,Severe Deficit (Water Loss),,,,,,198.0,80.0,86.9,17.9,69.0,143.0,13.0,1.0,0.0,35.0,31.4,Ndma,Tourism & Hospitality,36,0.72,1.8,1.94,Iesco,340,3,36.5,2.8,7.0,Elevated (Heat Stress),70,Extreme (Humid),6.1,15.9,ILO Labor Models (2019/2030); BMJ Global Health (2024),200,,,
murree,2021-07-27,Summer (May-Jul),27.8,19.81,0.79,0.72,2021,7,July,19.2,16.2,17.9,98.0,21.6,28.8,10.6,30.45,19.81,4.22,15.59,Surplus (Recharging),,,,,,198.0,80.0,86.9,17.9,69.0,143.0,13.0,1.0,0.0,35.0,31.4,Ndma,Tourism & Hospitality,36,0.72,1.8,1.94,Iesco,340,3,36.5,2.8,7.0,Elevated (Heat Stress),70,Extreme (Humid),6.1,15.9,ILO Labor Models (2019/2030); BMJ Global Health (2024),200,,,
murree,2021-07-28,Summer (May-Jul),26.12,23.29,0.83,0.75,2021,7,July,18.5,15.1,16.7,96.0,19.7,28.3,11.8,29.26,23.29,4.17,19.12,Surplus (Recharging),,,,,,198.0,80.0,86.9,17.9,69.0,143.0,13.0,1.0,0.0,35.0,31.4,Ndma,Tourism & Hospitality,36,0.72,1.8,1.94,Iesco,340,3,36.5,2.8,7.0,Elevated (Heat Stress),70,Extreme (Humid),6.1,15.9,ILO Labor Models (2019/2030); BMJ Global Health (2024),200,,,
murree,2021-07-29,Summer (May-Jul),24.58,25.11,0.85,0.79,2021,7,July,20.4,14.6,17.2,90.0,21.8,4.5,12.0,27.82,25.11,3.98,21.13,Surplus (Recharging),,,,,,198.0,80.0,86.9,17.9,69.0,143.0,13.0,1.0,0.0,35.0,31.4,Ndma,Tourism & Hospitality,36,0.72,1.8,1.94,Iesco,340,3,36.5,2.8,7.0,Elevated (Heat Stress),70,Extreme (Humid),6.1,15.9,ILO Labor Models (2019/2030); BMJ Global Health (2024),200,,,
murree,2021-07-30,Summer (May-Jul),24.92,9.0,0.82,0.79,2021,7,July,20.4,14.8,17.4,89.0,23.1,12.2,10.0,28.6,9.0,4.25,4.75,Surplus (Recharging),,,,,,198.0,80.0,86.9,17.9,69.0,143.0,13.0,1.0,0.0,35.0,31.4,Ndma,Tourism & Hospitality,36,0.72,1.8,1.94,Iesco,340,3,36.5,2.8,7.0,Elevated (Heat Stress),70,Extreme (Humid),6.1,15.9,ILO Labor Models (2019/2030); BMJ Global Health (2024),200,,,
murree,2021-07-31,Summer (May-Jul),25.21,14.67,0.84,0.79,2021,7,July,20.0,14.5,16.7,92.0,21.9,6.0,10.0,28.99,14.67,5.51,9.16,Surplus (Recharging),,,,,,198.0,80.0,86.9,17.9,69.0,143.0,13.0,1.0,0.0,35.0,31.4,Ndma,Tourism & Hospitality,36,0.72,1.8,1.94,Iesco,340,3,36.5,2.8,7.0,Elevated (Heat Stress),70,Extreme (Humid),6.1,15.9,ILO Labor Models (2019/2030); BMJ Global Health (2024),200,,,
murree,2021-12-01,Winter (Dec-Jan),12.87,0.0,0.75,0.74,2021,12,,,,,,,,,,,,,,,,,,,,,,,,,,,,,,,Tourism & Hospitality,0,0.0,0.0,0.0,Iesco,340,3,20.5,0.0,0.0,Baseline,65,Safe,0.0,0.0,ILO Labor Models (2019/2030); BMJ Global Health (2024),200,,,
murree,2021-12-02,Winter (Dec-Jan),13.04,0.0,0.74,0.74,2021,12,,,,,,,,,,,,,,,,,,,,,,,,,,,,,,,Tourism & Hospitality,0,0.0,0.0,0.0,Iesco,340,3,20.5,0.0,0.0,Baseline,65,Safe,0.0,0.0,ILO Labor Models (2019/2030); BMJ Global Health (2024),200,,,
murree,2021-12-03,Winter (Dec-Jan),12.54,0.0,0.74,0.73,2021,12,,,,,,,,,,,,,,,,,,,,,,,,,,,,,,,Tourism & Hospitality,0,0.0,0.0,0.0,Iesco,340,3,20.5,0.0,0.0,Baseline,65,Safe,0.0,0.0,ILO Labor Models (2019/2030); BMJ Global Health (2024),200,,,
murree,2021-12-04,Winter (Dec-Jan),14.21,0.02,0.74,0.73,2021,12,,,,,,,,,,,,,,,,,,,,,,,,,,,,,,,Tourism & Hospitality,0,0.0,0.0,0.0,Iesco,340,3,20.5,0.0,0.0,Baseline,65,Safe,0.0,0.0,ILO Labor Models (2019/2030); BMJ Global Health (2024),200,,,
murree,2021-12-05,Winter (Dec-Jan),11.08,11.73,0.79,0.74,2021,12,,,,,,,,,,,,,,,,,,,,,,,,,,,,,,,Tourism & Hospitality,0,0.0,0.0,0.0,Iesco,340,3,20.5,0.0,0.0,Baseline,65,Safe,0.0,0.0,ILO Labor Models (2019/2030); BMJ Global Health (2024),200,,,
murree,2021-12-06,Winter (Dec-Jan),10.33,0.0,0.76,0.74,2021,12,,,,,,,,,,,,,,,,,,,,,,,,,,,,,,,Tourism & Hospitality,0,0.0,0.0,0.0,Iesco,340,3,20.5,0.0,0.0,Baseline,65,Safe,0.0,0.0,ILO Labor Models (2019/2030); BMJ Global Health (2024),200,,,
murree,2021-12-07,Winter (Dec-Jan),10.87,0.0,0.75,0.74,2021,12,,,,,,,,,,,,,,,,,,,,,,,,,,,,,,,Tourism & Hospitality,0,0.0,0.0,0.0,Iesco,340,3,20.5,0.0,0.0,Baseline,65,Safe,0.0,0.0,ILO Labor Models (2019/2030); BMJ Global Health (2024),200,,,
murree,2021-12-08,Winter (Dec-Jan),11.87,0.0,0.75,0.74,2021,12,,,,,,,,,,,,,,,,,,,,,,,,,,,,,,,Tourism & Hospitality,0,0.0,0.0,0.0,Iesco,340,3,20.5,0.0,0.0,Baseline,65,Safe,0.0,0.0,ILO Labor Models (2019/2030); BMJ Global Health (2024),200,,,
murree,2021-12-09,Winter (Dec-Jan),11.33,0.0,0.74,0.74,2021,12,,,,,,,,,,,,,,,,,,,,,,,,,,,,,,,Tourism & Hospitality,0,0.0,0.0,0.0,Iesco,340,3,20.5,0.0,0.0,Baseline,65,Safe,0.0,0.0,ILO Labor Models (2019/2030); BMJ Global Health (2024),200,,,
murree,2021-12-10,Winter (Dec-Jan),11.37,0.0,0.74,0.73,2021,12,,,,,,,,,,,,,,,,,,,,,,,,,,,,,,,Tourism & Hospitality,0,0.0,0.0,0.0,Iesco,340,3,20.5,0.0,0.0,Baseline,65,Safe,0.0,0.0,ILO Labor Models (2019/2030); BMJ Global Health (2024),200,,,
murree,2021-12-11,Winter (Dec-Jan),10.65,0.0,0.74,0.73,2021,12,,,,,,,,,,,,,,,,,,,,,,,,,,,,,,,Tourism & Hospitality,0,0.0,0.0,0.0,Iesco,340,3,20.5,0.0,0.0,Baseline,65,Safe,0.0,0.0,ILO Labor Models (2019/2030); BMJ Global Health (2024),200,,,
murree,2021-12-12,Winter (Dec-Jan),9.41,0.0,0.74,0.73,2021,12,,,,,,,,,,,,,,,,,,,,,,,,,,,,,,,Tourism & Hospitality,0,0.0,0.0,0.0,Iesco,340,3,20.5,0.0,0.0,Baseline,65,Safe,0.0,0.0,ILO Labor Models (2019/2030); BMJ Global Health (2024),200,,,
murree,2021-12-13,Winter (Dec-Jan),8.81,0.0,0.73,0.73,2021,12,,,,,,,,,,,,,,,,,,,,,,,,,,,,,,,Tourism & Hospitality,0,0.0,0.0,0.0,Iesco,340,3,20.5,0.0,0.0,Baseline,65,Safe,0.0,0.0,ILO Labor Models (2019/2030); BMJ Global Health (2024),200,,,
murree,2021-12-14,Winter (Dec-Jan),7.49,1.99,0.74,0.73,2021,12,,,,,,,,,,,,,,,,,,,,,,,,,,,,,,,Tourism & Hospitality,0,0.0,0.0,0.0,Iesco,340,3,20.5,0.0,0.0,Baseline,65,Safe,0.0,0.0,ILO Labor Models (2019/2030); BMJ Global Health (2024),200,,,
murree,2021-12-15,Winter (Dec-Jan),6.42,0.11,0.74,0.73,2021,12,,,,,,,,,,,,,,,,,,,,,,,,,,,,,,,Tourism & Hospitality,0,0.0,0.0,0.0,Iesco,340,3,20.5,0.0,0.0,Baseline,65,Safe,0.0,0.0,ILO Labor Models (2019/2030); BMJ Global Health (2024),200,,,
murree,2021-12-16,Winter (Dec-Jan),6.42,179.06,0.82,0.75,2021,12,,,,,,,,,,,,,,,,,,,,,,,,,,,,,,,Tourism & Hospitality,0,0.0,0.0,0.0,Iesco,340,3,20.5,0.0,0.0,Baseline,65,Safe,0.0,0.0,ILO Labor Models (2019/2030); BMJ Global Health (2024),200,,,
murree,2021-12-17,Winter (Dec-Jan),5.08,4.94,0.81,0.78,2021,12,,,,,,,,,,,,,,,,,,,,,,,,,,,,,,,Tourism & Hospitality,0,0.0,0.0,0.0,Iesco,340,3,20.5,0.0,0.0,Baseline,65,Safe,0.0,0.0,ILO Labor Models (2019/2030); BMJ Global Health (2024),200,,,
murree,2021-12-18,Winter (Dec-Jan),6.3,0.0,0.79,0.78,2021,12,,,,,,,,,,,,,,,,,,,,,,,,,,,,,,,Tourism & Hospitality,0,0.0,0.0,0.0,Iesco,340,3,20.5,0.0,0.0,Baseline,65,Safe,0.0,0.0,ILO Labor Models (2019/2030); BMJ Global Health (2024),200,,,
murree,2021-12-19,Winter (Dec-Jan),6.69,0.0,0.79,0.78,2021,12,,,,,,,,,,,,,,,,,,,,,,,,,,,,,,,Tourism & Hospitality,0,0.0,0.0,0.0,Iesco,340,3,20.5,0.0,0.0,Baseline,65,Safe,0.0,0.0,ILO Labor Models (2019/2030); BMJ Global Health (2024),200,,,
murree,2021-12-20,Winter (Dec-Jan),10.34,0.0,0.79,0.77,2021,12,,,,,,,,,,,,,,,,,,,,,,,,,,,,,,,Tourism & Hospitality,0,0.0,0.0,0.0,Iesco,340,3,20.5,0.0,0.0,Baseline,65,Safe,0.0,0.0,ILO Labor Models (2019/2030); BMJ Global Health (2024),200,,,
murree,2021-12-21,Winter (Dec-Jan),10.88,0.0,0.79,0.77,2021,12,,,,,,,,,,,,,,,,,,,,,,,,,,,,,,,Tourism & Hospitality,0,0.0,0.0,0.0,Iesco,340,3,20.5,0.0,0.0,Baseline,65,Safe,0.0,0.0,ILO Labor Models (2019/2030); BMJ Global Health (2024),200,,,
murree,2021-12-22,Winter (Dec-Jan),11.24,0.04,0.79,0.77,2021,12,,,,,,,,,,,,,,,,,,,,,,,,,,,,,,,Tourism & Hospitality,0,0.0,0.0,0.0,Iesco,340,3,20.5,0.0,0.0,Baseline,65,Safe,0.0,0.0,ILO Labor Models (2019/2030); BMJ Global Health (2024),200,,,
murree,2021-12-23,Winter (Dec-Jan),9.41,0.5,0.79,0.77,2021,12,,,,,,,,,,,,,,,,,,,,,,,,,,,,,,,Tourism & Hospitality,0,0.0,0.0,0.0,Iesco,340,3,20.5,0.0,0.0,Baseline,65,Safe,0.0,0.0,ILO Labor Models (2019/2030); BMJ Global Health (2024),200,,,
murree,2021-12-24,Winter (Dec-Jan),8.79,0.18,0.78,0.77,2021,12,,,,,,,,,,,,,,,,,,,,,,,,,,,,,,,Tourism & Hospitality,0,0.0,0.0,0.0,Iesco,340,3,20.5,0.0,0.0,Baseline,65,Safe,0.0,0.0,ILO Labor Models (2019/2030); BMJ Global Health (2024),200,,,
murree,2021-12-25,Winter (Dec-Jan),9.76,0.0,0.78,0.77,2021,12,,,,,,,,,,,,,,,,,,,,,,,,,,,,,,,Tourism & Hospitality,0,0.0,0.0,0.0,Iesco,340,3,20.5,0.0,0.0,Baseline,65,Safe,0.0,0.0,ILO Labor Models (2019/2030); BMJ Global Health (2024),200,,,
murree,2021-12-26,Winter (Dec-Jan),8.03,5.14,0.8,0.77,2021,12,,,,,,,,,,,,,,,,,,,,,,,,,,,,,,,Tourism & Hospitality,0,0.0,0.0,0.0,Iesco,340,3,20.5,0.0,0.0,Baseline,65,Safe,0.0,0.0,ILO Labor Models (2019/2030); BMJ Global Health (2024),200,,,
murree,2021-12-27,Winter (Dec-Jan),6.17,8.52,0.82,0.79,2021,12,,,,,,,,,,,,,,,,,,,,,,,,,,,,,,,Tourism & Hospitality,0,0.0,0.0,0.0,Iesco,340,3,20.5,0.0,0.0,Baseline,65,Safe,0.0,0.0,ILO Labor Models (2019/2030); BMJ Global Health (2024),200,,,
murree,2021-12-28,Winter (Dec-Jan),6.88,0.0,0.8,0.79,2021,12,,,,,,,,,,,,,,,,,,,,,,,,,,,,,,,Tourism & Hospitality,0,0.0,0.0,0.0,Iesco,340,3,20.5,0.0,0.0,Baseline,65,Safe,0.0,0.0,ILO Labor Models (2019/2030); BMJ Global Health (2024),200,,,
murree,2021-12-29,Winter (Dec-Jan),6.83,0.0,0.8,0.78,2021,12,,,,,,,,,,,,,,,,,,,,,,,,,,,,,,,Tourism & Hospitality,0,0.0,0.0,0.0,Iesco,340,3,20.5,0.0,0.0,Baseline,65,Safe,0.0,0.0,ILO Labor Models (2019/2030); BMJ Global Health (2024),200,,,
murree,2021-12-30,Winter (Dec-Jan),6.24,0.0,0.79,0.78,2021,12,,,,,,,,,,,,,,,,,,,,,,,,,,,,,,,Tourism & Hospitality,0,0.0,0.0,0.0,Iesco,340,3,20.5,0.0,0.0,Baseline,65,Safe,0.0,0.0,ILO Labor Models (2019/2030); BMJ Global Health (2024),200,,,
murree,2021-12-31,Winter (Dec-Jan),8.96,0.0,0.79,0.78,2021,12,,,,,,,,,,,,,,,,,,,,,,,,,,,,,,,Tourism & Hospitality,0,0.0,0.0,0.0,Iesco,340,3,20.5,0.0,0.0,Baseline,65,Safe,0.0,0.0,ILO Labor Models (2019/2030); BMJ Global Health (2024),200,,,
murree,2022-01-01,Winter (Dec-Jan),8.43,0.05,0.79,0.78,2022,1,,,,,,,,,,,,,,,,,,,,,,,,,,,,,,,Tourism & Hospitality,0,0.0,0.0,0.0,Iesco,437,4,19.5,0.0,0.0,Baseline,65,Safe,0.0,0.0,ILO Labor Models (2019/2030); BMJ Global Health (2024),500,,,
murree,2022-01-02,Winter (Dec-Jan),8.4,0.01,0.79,0.78,2022,1,,,,,,,,,,,,,,,,,,,,,,,,,,,,,,,Tourism & Hospitality,0,0.0,0.0,0.0,Iesco,437,4,19.5,0.0,0.0,Baseline,65,Safe,0.0,0.0,ILO Labor Models (2019/2030); BMJ Global Health (2024),500,,,
murree,2022-01-03,Winter (Dec-Jan),8.19,3.43,0.79,0.77,2022,1,,,,,,,,,,,,,,,,,,,,,,,,,,,,,,,Tourism & Hospitality,0,0.0,0.0,0.0,Iesco,437,4,19.5,0.0,0.0,Baseline,65,Safe,0.0,0.0,ILO Labor Models (2019/2030); BMJ Global Health (2024),500,,,
murree,2022-01-04,Winter (Dec-Jan),6.37,16.18,0.85,0.79,2022,1,,,,,,,,,,,,,,,,,,,,,,,,,,,,,,,Tourism & Hospitality,0,0.0,0.0,0.0,Iesco,437,4,19.5,0.0,0.0,Baseline,65,Safe,0.0,0.0,ILO Labor Models (2019/2030); BMJ Global Health (2024),500,,,
murree,2022-01-05,Winter (Dec-Jan),5.36,38.96,0.9,0.83,2022,1,,,,,,,,,,,,,,,,,,,,,,,,,,,,,,,Tourism & Hospitality,0,0.0,0.0,0.0,Iesco,437,4,19.5,0.0,0.0,Baseline,65,Safe,0.0,0.0,ILO Labor Models (2019/2030); BMJ Global Health (2024),500,,,
murree,2022-01-06,Winter (Dec-Jan),6.59,0.46,0.85,0.85,2022,1,,,,,,,,,,,,,,,,,,,,,,,,,,,,,,,Tourism & Hospitality,0,0.0,0.0,0.0,Iesco,437,4,19.5,0.0,0.0,Baseline,65,Safe,0.0,0.0,ILO Labor Models (2019/2030); BMJ Global Health (2024),500,,,
murree,2022-01-07,Winter (Dec-Jan),6.08,19.56,0.89,0.85,2022,1,,,,,,,,,,,,,,,,,,,,,,,,,,,,,,,Tourism & Hospitality,0,0.0,0.0,0.0,Iesco,437,4,19.5,0.0,0.0,Baseline,65,Safe,0.0,0.0,ILO Labor Models (2019/2030); BMJ Global Health (2024),500,,,
murree,2022-01-08,Winter (Dec-Jan),7.17,47.19,0.94,0.9,2022,1,,,,,,,,,,,,,,,,,,,,,,,,,,,,,,,Tourism & Hospitality,0,0.0,0.0,0.0,Iesco,437,4,19.5,0.0,0.0,Baseline,65,Safe,0.0,0.0,ILO Labor Models (2019/2030); BMJ Global Health (2024),500,,,
murree,2022-01-09,Winter (Dec-Jan),6.2,0.02,0.89,0.91,2022,1,,,,,,,,,,,,,,,,,,,,,,,,,,,,,,,Tourism & Hospitality,0,0.0,0.0,0.0,Iesco,437,4,19.5,0.0,0.0,Baseline,65,Safe,0.0,0.0,ILO Labor Models (2019/2030); BMJ Global Health (2024),500,,,
murree,2022-01-10,Winter (Dec-Jan),5.75,0.0,0.89,0.9,2022,1,,,,,,,,,,,,,,,,,,,,,,,,,,,,,,,Tourism & Hospitality,0,0.0,0.0,0.0,Iesco,437,4,19.5,0.0,0.0,Baseline,65,Safe,0.0,0.0,ILO Labor Models (2019/2030); BMJ Global Health (2024),500,,,
murree,2022-01-11,Winter (Dec-Jan),6.59,0.0,0.89,0.9,2022,1,,,,,,,,,,,,,,,,,,,,,,,,,,,,,,,Tourism & Hospitality,0,0.0,0.0,0.0,Iesco,437,4,19.5,0.0,0.0,Baseline,65,Safe,0.0,0.0,ILO Labor Models (2019/2030); BMJ Global Health (2024),500,,,
murree,2022-01-12,Winter (Dec-Jan),6.14,0.0,0.88,0.9,2022,1,,,,,,,,,,,,,,,,,,,,,,,,,,,,,,,Tourism & Hospitality,0,0.0,0.0,0.0,Iesco,437,4,19.5,0.0,0.0,Baseline,65,Safe,0.0,0.0,ILO Labor Models (2019/2030); BMJ Global Health (2024),500,,,
murree,2022-01-13,Winter (Dec-Jan),7.58,0.0,0.88,0.9,2022,1,,,,,,,,,,,,,,,,,,,,,,,,,,,,,,,Tourism & Hospitality,0,0.0,0.0,0.0,Iesco,437,4,19.5,0.0,0.0,Baseline,65,Safe,0.0,0.0,ILO Labor Models (2019/2030); BMJ Global Health (2024),500,,,
murree,2022-01-14,Winter (Dec-Jan),7.32,0.0,0.88,0.89,2022,1,,,,,,,,,,,,,,,,,,,,,,,,,,,,,,,Tourism & Hospitality,0,0.0,0.0,0.0,Iesco,437,4,19.5,0.0,0.0,Baseline,65,Safe,0.0,0.0,ILO Labor Models (2019/2030); BMJ Global Health (2024),500,,,
murree,2022-01-15,Winter (Dec-Jan),8.41,0.0,0.88,0.89,2022,1,,,,,,,,,,,,,,,,,,,,,,,,,,,,,,,Tourism & Hospitality,0,0.0,0.0,0.0,Iesco,437,4,19.5,0.0,0.0,Baseline,65,Safe,0.0,0.0,ILO Labor Models (2019/2030); BMJ Global Health (2024),500,,,
murree,2022-01-16,Winter (Dec-Jan),9.12,0.0,0.88,0.89,2022,1,,,,,,,,,,,,,,,,,,,,,,,,,,,,,,,Tourism & Hospitality,0,0.0,0.0,0.0,Iesco,437,4,19.5,0.0,0.0,Baseline,65,Safe,0.0,0.0,ILO Labor Models (2019/2030); BMJ Global Health (2024),500,,,
murree,2022-01-17,Winter (Dec-Jan),8.49,0.53,0.88,0.89,2022,1,,,,,,,,,,,,,,,,,,,,,,,,,,,,,,,Tourism & Hospitality,0,0.0,0.0,0.0,Iesco,437,4,19.5,0.0,0.0,Baseline,65,Safe,0.0,0.0,ILO Labor Models (2019/2030); BMJ Global Health (2024),500,,,
murree,2022-01-18,Winter (Dec-Jan),9.68,0.46,0.88,0.89,2022,1,,,,,,,,,,,,,,,,,,,,,,,,,,,,,,,Tourism & Hospitality,0,0.0,0.0,0.0,Iesco,437,4,19.5,0.0,0.0,Baseline,65,Safe,0.0,0.0,ILO Labor Models (2019/2030); BMJ Global Health (2024),500,,,
murree,2022-01-19,Winter (Dec-Jan),7.87,2.82,0.88,0.89,2022,1,,,,,,,,,,,,,,,,,,,,,,,,,,,,,,,Tourism & Hospitality,0,0.0,0.0,0.0,Iesco,437,4,19.5,0.0,0.0,Baseline,65,Safe,0.0,0.0,ILO Labor Models (2019/2030); BMJ Global Health (2024),500,,,
murree,2022-01-20,Winter (Dec-Jan),8.36,0.03,0.88,0.89,2022,1,,,,,,,,,,,,,,,,,,,,,,,,,,,,,,,Tourism & Hospitality,0,0.0,0.0,0.0,Iesco,437,4,19.5,0.0,0.0,Baseline,65,Safe,0.0,0.0,ILO Labor Models (2019/2030); BMJ Global Health (2024),500,,,
murree,2022-01-21,Winter (Dec-Jan),6.67,3.2,0.88,0.88,2022,1,,,,,,,,,,,,,,,,,,,,,,,,,,,,,,,Tourism & Hospitality,0,0.0,0.0,0.0,Iesco,437,4,19.5,0.0,0.0,Baseline,65,Safe,0.0,0.0,ILO Labor Models (2019/2030); BMJ Global Health (2024),500,,,
murree,2022-01-22,Winter (Dec-Jan),6.03,16.58,0.91,0.9,2022,1,,,,,,,,,,,,,,,,,,,,,,,,,,,,,,,Tourism & Hospitality,0,0.0,0.0,0.0,Iesco,437,4,19.5,0.0,0.0,Baseline,65,Safe,0.0,0.0,ILO Labor Models (2019/2030); BMJ Global Health (2024),500,,,
murree,2022-01-23,Winter (Dec-Jan),5.57,19.5,0.92,0.92,2022,1,,,,,,,,,,,,,,,,,,,,,,,,,,,,,,,Tourism & Hospitality,0,0.0,0.0,0.0,Iesco,437,4,19.5,0.0,0.0,Baseline,65,Safe,0.0,0.0,ILO Labor Models (2019/2030); BMJ Global Health (2024),500,,,
murree,2022-01-24,Winter (Dec-Jan),6.46,5.22,0.91,0.93,2022,1,,,,,,,,,,,,,,,,,,,,,,,,,,,,,,,Tourism & Hospitality,0,0.0,0.0,0.0,Iesco,437,4,19.5,0.0,0.0,Baseline,65,Safe,0.0,0.0,ILO Labor Models (2019/2030); BMJ Global Health (2024),500,,,
murree,2022-01-25,Winter (Dec-Jan),6.41,1.84,0.9,0.93,2022,1,,,,,,,,,,,,,,,,,,,,,,,,,,,,,,,Tourism & Hospitality,0,0.0,0.0,0.0,Iesco,437,4,19.5,0.0,0.0,Baseline,65,Safe,0.0,0.0,ILO Labor Models (2019/2030); BMJ Global Health (2024),500,,,
murree,2022-01-26,Winter (Dec-Jan),5.79,0.0,0.9,0.92,2022,1,,,,,,,,,,,,,,,,,,,,,,,,,,,,,,,Tourism & Hospitality,0,0.0,0.0,0.0,Iesco,437,4,19.5,0.0,0.0,Baseline,65,Safe,0.0,0.0,ILO Labor Models (2019/2030); BMJ Global Health (2024),500,,,
murree,2022-01-27,Winter (Dec-Jan),6.34,0.0,0.9,0.92,2022,1,,,,,,,,,,,,,,,,,,,,,,,,,,,,,,,Tourism & Hospitality,0,0.0,0.0,0.0,Iesco,437,4,19.5,0.0,0.0,Baseline,65,Safe,0.0,0.0,ILO Labor Models (2019/2030); BMJ Global Health (2024),500,,,
murree,2022-01-28,Winter (Dec-Jan),7.36,0.0,0.9,0.92,2022,1,,,,,,,,,,,,,,,,,,,,,,,,,,,,,,,Tourism & Hospitality,0,0.0,0.0,0.0,Iesco,437,4,19.5,0.0,0.0,Baseline,65,Safe,0.0,0.0,ILO Labor Models (2019/2030); BMJ Global Health (2024),500,,,
murree,2022-01-29,Winter (Dec-Jan),8.2,0.0,0.89,0.91,2022,1,,,,,,,,,,,,,,,,,,,,,,,,,,,,,,,Tourism & Hospitality,0,0.0,0.0,0.0,Iesco,437,4,19.5,0.0,0.0,Baseline,65,Safe,0.0,0.0,ILO Labor Models (2019/2030); BMJ Global Health (2024),500,,,
murree,2022-01-30,Winter (Dec-Jan),8.53,0.0,0.89,0.91,2022,1,,,,,,,,,,,,,,,,,,,,,,,,,,,,,,,Tourism & Hospitality,0,0.0,0.0,0.0,Iesco,437,4,19.5,0.0,0.0,Baseline,65,Safe,0.0,0.0,ILO Labor Models (2019/2030); BMJ Global Health (2024),500,,,
murree,2022-01-31,Winter (Dec-Jan),8.84,0.5,0.89,0.91,2022,1,,,,,,,,,,,,,,,,,,,,,,,,,,,,,,,Tourism & Hospitality,0,0.0,0.0,0.0,Iesco,437,4,19.5,0.0,0.0,Baseline,65,Safe,0.0,0.0,ILO Labor Models (2019/2030); BMJ Global Health (2024),500,,,
murree,2022-05-01,Summer (May-Jul),27.96,0.0,0.57,0.61,2022,5,,,,,,,,,35.3,0.0,1.62,-1.62,Severe Deficit (Water Loss),,,,,,,,,,,,,,,,,,Tourism & Hospitality,52,1.06,2.6,4.13,Iesco,312,3,41.5,4.47,11.2,Critical (High Er Visits),30,Extreme,5.2,13.5,ILO Labor Models (2019/2030); BMJ Global Health (2024),500,,,
murree,2022-05-02,Summer (May-Jul),28.6,0.05,0.57,0.61,2022,5,,,,,,,,,35.04,0.05,1.31,-1.26,Severe Deficit (Water Loss),,,,,,,,,,,,,,,,,,Tourism & Hospitality,52,1.06,2.6,4.13,Iesco,312,3,41.5,4.47,11.2,Critical (High Er Visits),30,Extreme,5.2,13.5,ILO Labor Models (2019/2030); BMJ Global Health (2024),500,,,
murree,2022-05-03,Summer (May-Jul),25.78,18.95,0.66,0.62,2022,5,,,,,,,,,31.54,18.95,1.28,17.67,Surplus (Recharging),,,,,,,,,,,,,,,,,,Tourism & Hospitality,52,1.06,2.6,4.13,Iesco,312,3,41.5,4.47,11.2,Critical (High Er Visits),30,Extreme,5.2,13.5,ILO Labor Models (2019/2030); BMJ Global Health (2024),500,,,
murree,2022-05-04,Summer (May-Jul),22.81,8.37,0.65,0.64,2022,5,,,,,,,,,30.23,8.37,1.15,7.22,Surplus (Recharging),,,,,,,,,,,,,,,,,,Tourism & Hospitality,52,1.06,2.6,4.13,Iesco,312,3,41.5,4.47,11.2,Critical (High Er Visits),30,Extreme,5.2,13.5,ILO Labor Models (2019/2030); BMJ Global Health (2024),500,,,
murree,2022-05-05,Summer (May-Jul),22.96,0.0,0.61,0.64,2022,5,,,,,,,,,29.16,0.0,1.99,-1.99,Severe Deficit (Water Loss),,,,,,,,,,,,,,,,,,Tourism & Hospitality,52,1.06,2.6,4.13,Iesco,312,3,41.5,4.47,11.2,Critical (High Er Visits),30,Extreme,5.2,13.5,ILO Labor Models (2019/2030); BMJ Global Health (2024),500,,,
murree,2022-05-06,Summer (May-Jul),24.47,0.11,0.59,0.63,2022,5,,,,,,,,,31.35,0.11,1.9,-1.79,Severe Deficit (Water Loss),,,,,,,,,,,,,,,,,,Tourism & Hospitality,52,1.06,2.6,4.13,Iesco,312,3,41.5,4.47,11.2,Critical (High Er Visits),30,Extreme,5.2,13.5,ILO Labor Models (2019/2030); BMJ Global Health (2024),500,,,
murree,2022-05-07,Summer (May-Jul),26.1,0.04,0.58,0.62,2022,5,,,,,,,,,33.06,0.04,1.74,-1.7,Severe Deficit (Water Loss),,,,,,,,,,,,,,,,,,Tourism & Hospitality,52,1.06,2.6,4.13,Iesco,312,3,41.5,4.47,11.2,Critical (High Er Visits),30,Extreme,5.2,13.5,ILO Labor Models (2019/2030); BMJ Global Health (2024),500,,,
murree,2022-05-08,Summer (May-Jul),27.45,0.0,0.57,0.61,2022,5,,,,,,,,,35.06,0.0,1.54,-1.54,Severe Deficit (Water Loss),,,,,,,,,,,,,,,,,,Tourism & Hospitality,52,1.06,2.6,4.13,Iesco,312,3,41.5,4.47,11.2,Critical (High Er Visits),30,Extreme,5.2,13.5,ILO Labor Models (2019/2030); BMJ Global Health (2024),500,,,
murree,2022-05-09,Summer (May-Jul),26.95,0.13,0.57,0.61,2022,5,,,,,,,,,34.21,0.13,1.2,-1.07,Severe Deficit (Water Loss),,,,,,,,,,,,,,,,,,Tourism & Hospitality,52,1.06,2.6,4.13,Iesco,312,3,41.5,4.47,11.2,Critical (High Er Visits),30,Extreme,5.2,13.5,ILO Labor Models (2019/2030); BMJ Global Health (2024),500,,,
murree,2022-05-10,Summer (May-Jul),26.84,4.3,0.59,0.61,2022,5,,,,,,,,,34.13,4.3,1.3,3.0,Surplus (Recharging),,,,,,,,,,,,,,,,,,Tourism & Hospitality,52,1.06,2.6,4.13,Iesco,312,3,41.5,4.47,11.2,Critical (High Er Visits),30,Extreme,5.2,13.5,ILO Labor Models (2019/2030); BMJ Global Health (2024),500,,,
murree,2022-05-11,Summer (May-Jul),28.09,0.0,0.56,0.6,2022,5,,,,,,,,,35.14,0.0,1.18,-1.18,Severe Deficit (Water Loss),,,,,,,,,,,,,,,,,,Tourism & Hospitality,52,1.06,2.6,4.13,Iesco,312,3,41.5,4.47,11.2,Critical (High Er Visits),30,Extreme,5.2,13.5,ILO Labor Models (2019/2030); BMJ Global Health (2024),500,,,
murree,2022-05-12,Summer (May-Jul),28.17,0.0,0.55,0.59,2022,5,,,,,,,,,35.79,0.0,1.04,-1.04,Severe Deficit (Water Loss),,,,,,,,,,,,,,,,,,Tourism & Hospitality,52,1.06,2.6,4.13,Iesco,312,3,41.5,4.47,11.2,Critical (High Er Visits),30,Extreme,5.2,13.5,ILO Labor Models (2019/2030); BMJ Global Health (2024),500,,,
murree,2022-05-13,Summer (May-Jul),27.65,0.0,0.54,0.59,2022,5,,,,,,,,,35.68,0.0,0.87,-0.87,Severe Deficit (Water Loss),,,,,,,,,,,,,,,,,,Tourism & Hospitality,52,1.06,2.6,4.13,Iesco,312,3,41.5,4.47,11.2,Critical (High Er Visits),30,Extreme,5.2,13.5,ILO Labor Models (2019/2030); BMJ Global Health (2024),500,,,
murree,2022-05-14,Summer (May-Jul),28.56,0.0,0.54,0.58,2022,5,,,,,,,,,37.24,0.0,0.72,-0.72,Severe Deficit (Water Loss),,,,,,,,,,,,,,,,,,Tourism & Hospitality,52,1.06,2.6,4.13,Iesco,312,3,41.5,4.47,11.2,Critical (High Er Visits),30,Extreme,5.2,13.5,ILO Labor Models (2019/2030); BMJ Global Health (2024),500,,,
murree,2022-05-15,Summer (May-Jul),29.74,0.0,0.53,0.57,2022,5,,,,,,,,,37.96,0.0,0.56,-0.56,Severe Deficit (Water Loss),,,,,,,,,,,,,,,,,,Tourism & Hospitality,52,1.06,2.6,4.13,Iesco,312,3,41.5,4.47,11.2,Critical (High Er Visits),30,Extreme,5.2,13.5,ILO Labor Models (2019/2030); BMJ Global Health (2024),500,,,
murree,2022-05-16,Summer (May-Jul),28.03,0.52,0.52,0.57,2022,5,,,,,,,,,35.13,0.52,0.36,0.16,Surplus (Recharging),,,,,,,,,,,,,,,,,,Tourism & Hospitality,52,1.06,2.6,4.13,Iesco,312,3,41.5,4.47,11.2,Critical (High Er Visits),30,Extreme,5.2,13.5,ILO Labor Models (2019/2030); BMJ Global Health (2024),500,,,
murree,2022-05-17,Summer (May-Jul),27.41,0.35,0.51,0.57,2022,5,,,,,,,,,35.12,0.35,0.36,-0.01,Severe Deficit (Water Loss),,,,,,,,,,,,,,,,,,Tourism & Hospitality,52,1.06,2.6,4.13,Iesco,312,3,41.5,4.47,11.2,Critical (High Er Visits),30,Extreme,5.2,13.5,ILO Labor Models (2019/2030); BMJ Global Health (2024),500,,,
murree,2022-05-18,Summer (May-Jul),26.42,6.79,0.57,0.57,2022,5,,,,,,,,,33.52,6.79,0.5,6.29,Surplus (Recharging),,,,,,,,,,,,,,,,,,Tourism & Hospitality,52,1.06,2.6,4.13,Iesco,312,3,41.5,4.47,11.2,Critical (High Er Visits),30,Extreme,5.2,13.5,ILO Labor Models (2019/2030); BMJ Global Health (2024),500,,,
murree,2022-05-19,Summer (May-Jul),28.52,0.04,0.52,0.57,2022,5,,,,,,,,,36.23,0.04,0.44,-0.4,Severe Deficit (Water Loss),,,,,,,,,,,,,,,,,,Tourism & Hospitality,52,1.06,2.6,4.13,Iesco,312,3,41.5,4.47,11.2,Critical (High Er Visits),30,Extreme,5.2,13.5,ILO Labor Models (2019/2030); BMJ Global Health (2024),500,,,
murree,2022-05-20,Summer (May-Jul),27.11,5.21,0.56,0.57,2022,5,,,,,,,,,34.07,5.21,0.39,4.82,Surplus (Recharging),,,,,,,,,,,,,,,,,,Tourism & Hospitality,52,1.06,2.6,4.13,Iesco,312,3,41.5,4.47,11.2,Critical (High Er Visits),30,Extreme,5.2,13.5,ILO Labor Models (2019/2030); BMJ Global Health (2024),500,,,
murree,2022-05-21,Summer (May-Jul),26.27,0.11,0.53,0.57,2022,5,,,,,,,,,33.54,0.11,0.36,-0.25,Severe Deficit (Water Loss),,,,,,,,,,,,,,,,,,Tourism & Hospitality,52,1.06,2.6,4.13,Iesco,312,3,41.5,4.47,11.2,Critical (High Er Visits),30,Extreme,5.2,13.5,ILO Labor Models (2019/2030); BMJ Global Health (2024),500,,,
murree,2022-05-22,Summer (May-Jul),26.26,0.08,0.5,0.56,2022,5,,,,,,,,,33.39,0.08,0.3,-0.22,Severe Deficit (Water Loss),,,,,,,,,,,,,,,,,,Tourism & Hospitality,52,1.06,2.6,4.13,Iesco,312,3,41.5,4.47,11.2,Critical (High Er Visits),30,Extreme,5.2,13.5,ILO Labor Models (2019/2030); BMJ Global Health (2024),500,,,
murree,2022-05-23,Summer (May-Jul),21.92,0.96,0.5,0.56,2022,5,,,,,,,,,28.29,0.96,0.1,0.86,Surplus (Recharging),,,,,,,,,,,,,,,,,,Tourism & Hospitality,52,1.06,2.6,4.13,Iesco,312,3,41.5,4.47,11.2,Critical (High Er Visits),30,Extreme,5.2,13.5,ILO Labor Models (2019/2030); BMJ Global Health (2024),500,,,
murree,2022-05-24,Summer (May-Jul),23.22,0.0,0.48,0.56,2022,5,,,,,,,,,30.08,0.0,0.18,-0.18,Severe Deficit (Water Loss),,,,,,,,,,,,,,,,,,Tourism & Hospitality,52,1.06,2.6,4.13,Iesco,312,3,41.5,4.47,11.2,Critical (High Er Visits),30,Extreme,5.2,13.5,ILO Labor Models (2019/2030); BMJ Global Health (2024),500,,,
murree,2022-05-25,Summer (May-Jul),25.06,0.0,0.47,0.55,2022,5,,,,,,,,,31.74,0.0,0.15,-0.15,Severe Deficit (Water Loss),,,,,,,,,,,,,,,,,,Tourism & Hospitality,52,1.06,2.6,4.13,Iesco,312,3,41.5,4.47,11.2,Critical (High Er Visits),30,Extreme,5.2,13.5,ILO Labor Models (2019/2030); BMJ Global Health (2024),500,,,
murree,2022-05-26,Summer (May-Jul),27.03,0.0,0.45,0.55,2022,5,,,,,,,,,34.05,0.0,0.13,-0.13,Severe Deficit (Water Loss),,,,,,,,,,,,,,,,,,Tourism & Hospitality,52,1.06,2.6,4.13,Iesco,312,3,41.5,4.47,11.2,Critical (High Er Visits),30,Extreme,5.2,13.5,ILO Labor Models (2019/2030); BMJ Global Health (2024),500,,,
murree,2022-05-27,Summer (May-Jul),28.33,0.63,0.44,0.55,2022,5,,,,,,,,,34.97,0.63,0.1,0.53,Surplus (Recharging),,,,,,,,,,,,,,,,,,Tourism & Hospitality,52,1.06,2.6,4.13,Iesco,312,3,41.5,4.47,11.2,Critical (High Er Visits),30,Extreme,5.2,13.5,ILO Labor Models (2019/2030); BMJ Global Health (2024),500,,,
murree,2022-05-28,Summer (May-Jul),28.28,4.68,0.49,0.55,2022,5,,,,,,,,,34.61,4.68,0.12,4.56,Surplus (Recharging),,,,,,,,,,,,,,,,,,Tourism & Hospitality,52,1.06,2.6,4.13,Iesco,312,3,41.5,4.47,11.2,Critical (High Er Visits),30,Extreme,5.2,13.5,ILO Labor Models (2019/2030); BMJ Global Health (2024),500,,,
murree,2022-05-29,Summer (May-Jul),26.99,2.97,0.5,0.55,2022,5,,,,,,,,,34.41,2.97,0.11,2.86,Surplus (Recharging),,,,,,,,,,,,,,,,,,Tourism & Hospitality,52,1.06,2.6,4.13,Iesco,312,3,41.5,4.47,11.2,Critical (High Er Visits),30,Extreme,5.2,13.5,ILO Labor Models (2019/2030); BMJ Global Health (2024),500,,,
murree,2022-05-30,Summer (May-Jul),26.29,0.19,0.49,0.55,2022,5,,,,,,,,,33.09,0.19,0.08,0.11,Surplus (Recharging),,,,,,,,,,,,,,,,,,Tourism & Hospitality,52,1.06,2.6,4.13,Iesco,312,3,41.5,4.47,11.2,Critical (High Er Visits),30,Extreme,5.2,13.5,ILO Labor Models (2019/2030); BMJ Global Health (2024),500,,,
murree,2022-05-31,Summer (May-Jul),26.66,0.03,0.46,0.55,2022,5,,,,,,,,,34.17,0.03,0.07,-0.04,Severe Deficit (Water Loss),,,,,,,,,,,,,,,,,,Tourism & Hospitality,52,1.06,2.6,4.13,Iesco,312,3,41.5,4.47,11.2,Critical (High Er Visits),30,Extreme,5.2,13.5,ILO Labor Models (2019/2030); BMJ Global Health (2024),500,,,
murree,2022-06-01,Summer (May-Jul),26.72,3.71,0.49,0.55,2022,6,June,25.7,12.8,17.9,37.0,23.6,0.8,19.1,34.06,3.71,0.07,3.64,Surplus (Recharging),,,,,,201.0,80.9,87.5,17.5,69.6,141.0,17.0,1.0,1.0,48.0,33.8,Ndma,Tourism & Hospitality,88,1.76,4.4,11.62,Iesco,562,6,43.0,4.99,43.8,Severe Disaster Level,40,Extreme,6.8,17.8,ILO Labor Models (2019/2030); BMJ Global Health (2024),500,,,
murree,2022-06-02,Summer (May-Jul),27.31,0.41,0.46,0.54,2022,6,June,26.1,12.8,19.4,27.0,24.1,0.0,16.1,35.22,0.41,0.06,0.35,Surplus (Recharging),,,,,,201.0,80.9,87.5,17.5,69.6,141.0,17.0,1.0,1.0,48.0,33.8,Ndma,Tourism & Hospitality,88,1.76,4.4,11.62,Iesco,562,6,43.0,4.99,43.8,Severe Disaster Level,40,Extreme,6.8,17.8,ILO Labor Models (2019/2030); BMJ Global Health (2024),500,,,
murree,2022-06-03,Summer (May-Jul),28.41,0.01,0.43,0.54,2022,6,June,26.6,13.4,20.3,24.0,23.2,0.0,15.6,36.01,0.01,0.03,-0.02,Severe Deficit (Water Loss),,,,,,201.0,80.9,87.5,17.5,69.6,141.0,17.0,1.0,1.0,48.0,33.8,Ndma,Tourism & Hospitality,88,1.76,4.4,11.62,Iesco,562,6,43.0,4.99,43.8,Severe Disaster Level,40,Extreme,6.8,17.8,ILO Labor Models (2019/2030); BMJ Global Health (2024),500,,,
murree,2022-06-04,Summer (May-Jul),28.94,0.0,0.4,0.54,2022,6,June,28.0,13.7,20.9,22.0,24.7,0.0,17.3,37.12,0.0,0.01,-0.01,Severe Deficit (Water Loss),,,,,,201.0,80.9,87.5,17.5,69.6,141.0,17.0,1.0,1.0,48.0,33.8,Ndma,Tourism & Hospitality,88,1.76,4.4,11.62,Iesco,562,6,43.0,4.99,43.8,Severe Disaster Level,40,Extreme,6.8,17.8,ILO Labor Models (2019/2030); BMJ Global Health (2024),500,,,
murree,2022-06-05,Summer (May-Jul),29.88,0.0,0.37,0.53,2022,6,June,29.0,14.5,21.8,18.0,26.8,0.0,15.2,38.04,0.0,0.0,0.0,Surplus (Recharging),,,,,,201.0,80.9,87.5,17.5,69.6,141.0,17.0,1.0,1.0,48.0,33.8,Ndma,Tourism & Hospitality,88,1.76,4.4,11.62,Iesco,562,6,43.0,4.99,43.8,Severe Disaster Level,40,Extreme,6.8,17.8,ILO Labor Models (2019/2030); BMJ Global Health (2024),500,,,
murree,2022-06-06,Summer (May-Jul),30.45,0.0,0.33,0.53,2022,6,June,28.9,15.1,22.2,19.0,26.5,0.0,15.3,38.28,0.0,0.0,0.0,Surplus (Recharging),,,,,,201.0,80.9,87.5,17.5,69.6,141.0,17.0,1.0,1.0,48.0,33.8,Ndma,Tourism & Hospitality,88,1.76,4.4,11.62,Iesco,562,6,43.0,4.99,43.8,Severe Disaster Level,40,Extreme,6.8,17.8,ILO Labor Models (2019/2030); BMJ Global Health (2024),500,,,
murree,2022-06-07,Summer (May-Jul),31.69,0.02,0.3,0.53,2022,6,June,28.6,15.2,22.6,19.0,25.2,0.0,18.6,39.6,0.02,0.0,0.02,Surplus (Recharging),,,,,,201.0,80.9,87.5,17.5,69.6,141.0,17.0,1.0,1.0,48.0,33.8,Ndma,Tourism & Hospitality,88,1.76,4.4,11.62,Iesco,562,6,43.0,4.99,43.8,Severe Disaster Level,40,Extreme,6.8,17.8,ILO Labor Models (2019/2030); BMJ Global Health (2024),500,,,
murree,2022-06-08,Summer (May-Jul),31.25,0.0,0.28,0.53,2022,6,June,28.9,15.7,22.3,23.0,26.3,0.3,17.0,39.71,0.0,0.0,0.0,Surplus (Recharging),,,,,,201.0,80.9,87.5,17.5,69.6,141.0,17.0,1.0,1.0,48.0,33.8,Ndma,Tourism & Hospitality,88,1.76,4.4,11.62,Iesco,562,6,43.0,4.99,43.8,Severe Disaster Level,40,Extreme,6.8,17.8,ILO Labor Models (2019/2030); BMJ Global Health (2024),500,,,
murree,2022-06-09,Summer (May-Jul),32.01,0.21,0.26,0.53,2022,6,June,30.3,15.2,22.5,24.0,28.0,0.9,16.5,39.63,0.21,0.0,0.21,Surplus (Recharging),,,,,,201.0,80.9,87.5,17.5,69.6,141.0,17.0,1.0,1.0,48.0,33.8,Ndma,Tourism & Hospitality,88,1.76,4.4,11.62,Iesco,562,6,43.0,4.99,43.8,Severe Disaster Level,40,Extreme,6.8,17.8,ILO Labor Models (2019/2030); BMJ Global Health (2024),500,,,
murree,2022-06-10,Summer (May-Jul),31.29,2.68,0.33,0.53,2022,6,June,28.2,16.0,21.9,26.0,26.1,0.1,13.3,39.22,2.68,0.0,2.68,Surplus (Recharging),,,,,,201.0,80.9,87.5,17.5,69.6,141.0,17.0,1.0,1.0,48.0,33.8,Ndma,Tourism & Hospitality,88,1.76,4.4,11.62,Iesco,562,6,43.0,4.99,43.8,Severe Disaster Level,40,Extreme,6.8,17.8,ILO Labor Models (2019/2030); BMJ Global Health (2024),500,,,
murree,2022-06-11,Summer (May-Jul),31.22,0.9,0.33,0.53,2022,6,June,28.7,15.9,21.2,32.0,27.3,2.0,11.2,38.44,0.9,0.0,0.9,Surplus (Recharging),,,,,,201.0,80.9,87.5,17.5,69.6,141.0,17.0,1.0,1.0,48.0,33.8,Ndma,Tourism & Hospitality,88,1.76,4.4,11.62,Iesco,562,6,43.0,4.99,43.8,Severe Disaster Level,40,Extreme,6.8,17.8,ILO Labor Models (2019/2030); BMJ Global Health (2024),500,,,
murree,2022-06-12,Summer (May-Jul),31.52,0.33,0.3,0.53,2022,6,June,26.4,15.2,21.2,31.0,24.9,2.1,15.4,38.54,0.33,0.0,0.33,Surplus (Recharging),,,,,,201.0,80.9,87.5,17.5,69.6,141.0,17.0,1.0,1.0,48.0,33.8,Ndma,Tourism & Hospitality,88,1.76,4.4,11.62,Iesco,562,6,43.0,4.99,43.8,Severe Disaster Level,40,Extreme,6.8,17.8,ILO Labor Models (2019/2030); BMJ Global Health (2024),500,,,
murree,2022-06-13,Summer (May-Jul),30.19,4.67,0.39,0.53,2022,6,June,27.1,15.5,21.1,31.0,25.2,0.7,12.5,36.88,4.67,0.0,4.67,Surplus (Recharging),,,,,,201.0,80.9,87.5,17.5,69.6,141.0,17.0,1.0,1.0,48.0,33.8,Ndma,Tourism & Hospitality,88,1.76,4.4,11.62,Iesco,562,6,43.0,4.99,43.8,Severe Disaster Level,40,Extreme,6.8,17.8,ILO Labor Models (2019/2030); BMJ Global Health (2024),500,,,
murree,2022-06-14,Summer (May-Jul),31.7,0.6,0.39,0.53,2022,6,June,30.0,15.5,23.1,26.0,27.4,0.0,15.3,38.87,0.6,0.0,0.6,Surplus (Recharging),,,,,,201.0,80.9,87.5,17.5,69.6,141.0,17.0,1.0,1.0,48.0,33.8,Ndma,Tourism & Hospitality,88,1.76,4.4,11.62,Iesco,562,6,43.0,4.99,43.8,Severe Disaster Level,40,Extreme,6.8,17.8,ILO Labor Models (2019/2030); BMJ Global Health (2024),500,,,
murree,2022-06-15,Summer (May-Jul),33.04,0.01,0.34,0.53,2022,6,June,30.4,16.6,24.2,26.0,27.4,0.0,15.9,40.25,0.01,0.0,0.01,Surplus (Recharging),,,,,,201.0,80.9,87.5,17.5,69.6,141.0,17.0,1.0,1.0,48.0,33.8,Ndma,Tourism & Hospitality,88,1.76,4.4,11.62,Iesco,562,6,43.0,4.99,43.8,Severe Disaster Level,40,Extreme,6.8,17.8,ILO Labor Models (2019/2030); BMJ Global Health (2024),500,,,
murree,2022-06-16,Summer (May-Jul),31.97,0.2,0.3,0.53,2022,6,June,25.7,17.0,21.2,41.0,24.6,1.4,12.0,38.36,0.2,0.0,0.2,Surplus (Recharging),,,,,,201.0,80.9,87.5,17.5,69.6,141.0,17.0,1.0,1.0,48.0,33.8,Ndma,Tourism & Hospitality,88,1.76,4.4,11.62,Iesco,562,6,43.0,4.99,43.8,Severe Disaster Level,40,Extreme,6.8,17.8,ILO Labor Models (2019/2030); BMJ Global Health (2024),500,,,
murree,2022-06-17,Summer (May-Jul),28.38,19.95,0.52,0.55,2022,6,June,23.5,13.4,17.6,59.0,22.0,7.8,13.5,31.84,19.95,0.08,19.87,Surplus (Recharging),,,,,,201.0,80.9,87.5,17.5,69.6,141.0,17.0,1.0,1.0,48.0,33.8,Ndma,Tourism & Hospitality,88,1.76,4.4,11.62,Iesco,562,6,43.0,4.99,43.8,Severe Disaster Level,40,Extreme,6.8,17.8,ILO Labor Models (2019/2030); BMJ Global Health (2024),500,,,
murree,2022-06-18,Summer (May-Jul),24.88,15.43,0.58,0.56,2022,6,June,19.2,10.6,14.2,73.0,19.5,16.3,12.2,29.7,15.43,0.11,15.32,Surplus (Recharging),,,,,,201.0,80.9,87.5,17.5,69.6,141.0,17.0,1.0,1.0,48.0,33.8,Ndma,Tourism & Hospitality,88,1.76,4.4,11.62,Iesco,562,6,43.0,4.99,43.8,Severe Disaster Level,40,Extreme,6.8,17.8,ILO Labor Models (2019/2030); BMJ Global Health (2024),500,,,
murree,2022-06-19,Summer (May-Jul),22.85,14.43,0.64,0.6,2022,6,June,19.3,10.0,13.7,68.0,19.9,10.9,11.2,27.44,14.43,0.69,13.74,Surplus (Recharging),,,,,,201.0,80.9,87.5,17.5,69.6,141.0,17.0,1.0,1.0,48.0,33.8,Ndma,Tourism & Hospitality,88,1.76,4.4,11.62,Iesco,562,6,43.0,4.99,43.8,Severe Disaster Level,40,Extreme,6.8,17.8,ILO Labor Models (2019/2030); BMJ Global Health (2024),500,,,
murree,2022-06-20,Summer (May-Jul),20.55,10.96,0.62,0.61,2022,6,June,18.6,10.0,13.2,68.0,17.8,6.5,12.6,24.66,10.96,0.46,10.5,Surplus (Recharging),,,,,,201.0,80.9,87.5,17.5,69.6,141.0,17.0,1.0,1.0,48.0,33.8,Ndma,Tourism & Hospitality,88,1.76,4.4,11.62,Iesco,562,6,43.0,4.99,43.8,Severe Disaster Level,40,Extreme,6.8,17.8,ILO Labor Models (2019/2030); BMJ Global Health (2024),500,,,
murree,2022-06-21,Summer (May-Jul),19.05,19.54,0.67,0.63,2022,6,June,11.7,9.3,10.5,85.0,9.9,34.7,14.6,22.72,19.54,0.24,19.3,Surplus (Recharging),,,,,,201.0,80.9,87.5,17.5,69.6,141.0,17.0,1.0,1.0,48.0,33.8,Ndma,Tourism & Hospitality,88,1.76,4.4,11.62,Iesco,562,6,43.0,4.99,43.8,Severe Disaster Level,40,Extreme,6.8,17.8,ILO Labor Models (2019/2030); BMJ Global Health (2024),500,,,
murree,2022-06-22,Summer (May-Jul),21.39,31.21,0.77,0.68,2022,6,June,18.3,8.6,12.9,69.0,17.5,13.6,15.1,26.16,31.21,2.72,28.49,Surplus (Recharging),,,,,,201.0,80.9,87.5,17.5,69.6,141.0,17.0,1.0,1.0,48.0,33.8,Ndma,Tourism & Hospitality,88,1.76,4.4,11.62,Iesco,562,6,43.0,4.99,43.8,Severe Disaster Level,40,Extreme,6.8,17.8,ILO Labor Models (2019/2030); BMJ Global Health (2024),500,,,
murree,2022-06-23,Summer (May-Jul),24.84,0.0,0.66,0.67,2022,6,June,22.5,9.3,16.2,53.0,22.5,0.0,8.3,31.48,0.0,5.18,-5.18,Severe Deficit (Water Loss),,,,,,201.0,80.9,87.5,17.5,69.6,141.0,17.0,1.0,1.0,48.0,33.8,Ndma,Tourism & Hospitality,88,1.76,4.4,11.62,Iesco,562,6,43.0,4.99,43.8,Severe Disaster Level,40,Extreme,6.8,17.8,ILO Labor Models (2019/2030); BMJ Global Health (2024),500,,,
murree,2022-06-24,Summer (May-Jul),26.97,0.0,0.63,0.66,2022,6,June,23.7,11.0,17.8,51.0,24.3,0.0,11.2,33.25,0.0,4.53,-4.53,Severe Deficit (Water Loss),,,,,,201.0,80.9,87.5,17.5,69.6,141.0,17.0,1.0,1.0,48.0,33.8,Ndma,Tourism & Hospitality,88,1.76,4.4,11.62,Iesco,562,6,43.0,4.99,43.8,Severe Disaster Level,40,Extreme,6.8,17.8,ILO Labor Models (2019/2030); BMJ Global Health (2024),500,,,
murree,2022-06-25,Summer (May-Jul),27.38,0.0,0.61,0.65,2022,6,June,24.5,13.8,19.4,52.0,24.9,0.0,11.8,33.86,0.0,3.87,-3.87,Severe Deficit (Water Loss),,,,,,201.0,80.9,87.5,17.5,69.6,141.0,17.0,1.0,1.0,48.0,33.8,Ndma,Tourism & Hospitality,88,1.76,4.4,11.62,Iesco,562,6,43.0,4.99,43.8,Severe Disaster Level,40,Extreme,6.8,17.8,ILO Labor Models (2019/2030); BMJ Global Health (2024),500,,,
murree,2022-06-26,Summer (May-Jul),27.85,0.0,0.6,0.64,2022,6,June,25.5,13.7,20.3,52.0,26.2,0.0,10.9,33.47,0.0,3.27,-3.27,Severe Deficit (Water Loss),,,,,,201.0,80.9,87.5,17.5,69.6,141.0,17.0,1.0,1.0,48.0,33.8,Ndma,Tourism & Hospitality,88,1.76,4.4,11.62,Iesco,562,6,43.0,4.99,43.8,Severe Disaster Level,40,Extreme,6.8,17.8,ILO Labor Models (2019/2030); BMJ Global Health (2024),500,,,
murree,2022-06-27,Summer (May-Jul),28.86,0.0,0.59,0.63,2022,6,June,25.8,14.8,20.6,53.0,25.5,0.0,11.5,34.77,0.0,2.8,-2.8,Severe Deficit (Water Loss),,,,,,201.0,80.9,87.5,17.5,69.6,141.0,17.0,1.0,1.0,48.0,33.8,Ndma,Tourism & Hospitality,88,1.76,4.4,11.62,Iesco,562,6,43.0,4.99,43.8,Severe Disaster Level,40,Extreme,6.8,17.8,ILO Labor Models (2019/2030); BMJ Global Health (2024),500,,,
murree,2022-06-28,Summer (May-Jul),29.58,0.0,0.58,0.62,2022,6,June,27.1,16.5,22.0,49.0,26.8,0.0,15.3,35.61,0.0,2.4,-2.4,Severe Deficit (Water Loss),,,,,,201.0,80.9,87.5,17.5,69.6,141.0,17.0,1.0,1.0,48.0,33.8,Ndma,Tourism & Hospitality,88,1.76,4.4,11.62,Iesco,562,6,43.0,4.99,43.8,Severe Disaster Level,40,Extreme,6.8,17.8,ILO Labor Models (2019/2030); BMJ Global Health (2024),500,,,
murree,2022-06-29,Summer (May-Jul),29.62,0.0,0.57,0.62,2022,6,June,28.2,16.6,22.8,53.0,28.3,0.2,11.7,35.29,0.0,1.99,-1.99,Severe Deficit (Water Loss),,,,,,201.0,80.9,87.5,17.5,69.6,141.0,17.0,1.0,1.0,48.0,33.8,Ndma,Tourism & Hospitality,88,1.76,4.4,11.62,Iesco,562,6,43.0,4.99,43.8,Severe Disaster Level,40,Extreme,6.8,17.8,ILO Labor Models (2019/2030); BMJ Global Health (2024),500,,,
murree,2022-06-30,Summer (May-Jul),29.48,0.0,0.56,0.61,2022,6,June,23.7,16.0,19.4,83.0,25.1,8.5,13.0,34.74,0.0,1.42,-1.42,Severe Deficit (Water Loss),,,,,,201.0,80.9,87.5,17.5,69.6,141.0,17.0,1.0,1.0,48.0,33.8,Ndma,Tourism & Hospitality,88,1.76,4.4,11.62,Iesco,562,6,43.0,4.99,43.8,Severe Disaster Level,40,Extreme,6.8,17.8,ILO Labor Models (2019/2030); BMJ Global Health (2024),500,,,
murree,2022-07-01,Summer (May-Jul),26.7,13.23,0.63,0.62,2022,7,July,19.5,15.4,16.8,92.0,20.2,8.8,10.2,30.46,13.23,0.99,12.24,Surplus (Recharging),,,,,,201.0,80.9,87.5,17.5,69.6,141.0,17.0,1.0,1.0,48.0,33.8,Ndma,Tourism & Hospitality,79,1.58,3.95,9.36,Iesco,500,5,36.5,2.8,24.5,Severe Disaster Level,70,Extreme (Humid),6.1,15.9,ILO Labor Models (2019/2030); BMJ Global Health (2024),500,,,
murree,2022-07-02,Summer (May-Jul),26.83,7.13,0.64,0.63,2022,7,July,21.8,16.0,18.2,85.0,22.3,4.8,10.7,32.15,7.13,1.92,5.21,Surplus (Recharging),,,,,,201.0,80.9,87.5,17.5,69.6,141.0,17.0,1.0,1.0,48.0,33.8,Ndma,Tourism & Hospitality,79,1.58,3.95,9.36,Iesco,500,5,36.5,2.8,24.5,Severe Disaster Level,70,Extreme (Humid),6.1,15.9,ILO Labor Models (2019/2030); BMJ Global Health (2024),500,,,
murree,2022-07-03,Summer (May-Jul),28.05,2.12,0.6,0.63,2022,7,July,21.8,15.4,18.4,86.0,23.0,3.6,9.5,33.1,2.12,1.98,0.14,Surplus (Recharging),,,,,,201.0,80.9,87.5,17.5,69.6,141.0,17.0,1.0,1.0,48.0,33.8,Ndma,Tourism & Hospitality,79,1.58,3.95,9.36,Iesco,500,5,36.5,2.8,24.5,Severe Disaster Level,70,Extreme (Humid),6.1,15.9,ILO Labor Models (2019/2030); BMJ Global Health (2024),500,,,
murree,2022-07-04,Summer (May-Jul),27.8,8.42,0.64,0.63,2022,7,July,23.6,15.6,19.0,85.0,25.2,6.2,9.8,32.5,8.42,1.58,6.84,Surplus (Recharging),,,,,,201.0,80.9,87.5,17.5,69.6,141.0,17.0,1.0,1.0,48.0,33.8,Ndma,Tourism & Hospitality,79,1.58,3.95,9.36,Iesco,500,5,36.5,2.8,24.5,Severe Disaster Level,70,Extreme (Humid),6.1,15.9,ILO Labor Models (2019/2030); BMJ Global Health (2024),500,,,
murree,2022-07-05,Summer (May-Jul),26.45,29.99,0.75,0.66,2022,7,July,23.0,16.1,19.1,83.0,24.4,6.6,7.9,29.39,29.99,1.0,28.99,Surplus (Recharging),,,,,,201.0,80.9,87.5,17.5,69.6,141.0,17.0,1.0,1.0,48.0,33.8,Ndma,Tourism & Hospitality,79,1.58,3.95,9.36,Iesco,500,5,36.5,2.8,24.5,Severe Disaster Level,70,Extreme (Humid),6.1,15.9,ILO Labor Models (2019/2030); BMJ Global Health (2024),500,,,
murree,2022-07-06,Summer (May-Jul),26.9,7.49,0.72,0.69,2022,7,July,24.6,15.4,19.0,82.0,27.0,14.1,10.1,31.11,7.49,2.75,4.74,Surplus (Recharging),,,,,,201.0,80.9,87.5,17.5,69.6,141.0,17.0,1.0,1.0,48.0,33.8,Ndma,Tourism & Hospitality,79,1.58,3.95,9.36,Iesco,500,5,36.5,2.8,24.5,Severe Disaster Level,70,Extreme (Humid),6.1,15.9,ILO Labor Models (2019/2030); BMJ Global Health (2024),500,,,
murree,2022-07-07,Summer (May-Jul),25.49,11.11,0.73,0.69,2022,7,July,23.0,15.6,19.2,83.0,25.4,1.2,8.7,27.72,11.11,1.33,9.78,Surplus (Recharging),,,,,,201.0,80.9,87.5,17.5,69.6,141.0,17.0,1.0,1.0,48.0,33.8,Ndma,Tourism & Hospitality,79,1.58,3.95,9.36,Iesco,500,5,36.5,2.8,24.5,Severe Disaster Level,70,Extreme (Humid),6.1,15.9,ILO Labor Models (2019/2030); BMJ Global Health (2024),500,,,
murree,2022-07-08,Summer (May-Jul),26.55,15.59,0.76,0.71,2022,7,July,23.0,15.6,19.3,82.0,24.9,4.4,10.5,29.53,15.59,3.82,11.77,Surplus (Recharging),,,,,,201.0,80.9,87.5,17.5,69.6,141.0,17.0,1.0,1.0,48.0,33.8,Ndma,Tourism & Hospitality,79,1.58,3.95,9.36,Iesco,500,5,36.5,2.8,24.5,Severe Disaster Level,70,Extreme (Humid),6.1,15.9,ILO Labor Models (2019/2030); BMJ Global Health (2024),500,,,
murree,2022-07-09,Summer (May-Jul),26.75,26.42,0.81,0.73,2022,7,July,23.1,15.6,18.7,86.0,25.9,7.0,11.7,30.02,26.42,5.35,21.07,Surplus (Recharging),,,,,,201.0,80.9,87.5,17.5,69.6,141.0,17.0,1.0,1.0,48.0,33.8,Ndma,Tourism & Hospitality,79,1.58,3.95,9.36,Iesco,500,5,36.5,2.8,24.5,Severe Disaster Level,70,Extreme (Humid),6.1,15.9,ILO Labor Models (2019/2030); BMJ Global Health (2024),500,,,
murree,2022-07-10,Summer (May-Jul),25.36,28.08,0.84,0.77,2022,7,July,20.5,14.8,16.8,90.0,21.5,24.7,8.4,27.94,28.08,4.1,23.98,Surplus (Recharging),,,,,,201.0,80.9,87.5,17.5,69.6,141.0,17.0,1.0,1.0,48.0,33.8,Ndma,Tourism & Hospitality,79,1.58,3.95,9.36,Iesco,500,5,36.5,2.8,24.5,Severe Disaster Level,70,Extreme (Humid),6.1,15.9,ILO Labor Models (2019/2030); BMJ Global Health (2024),500,,,
murree,2022-07-11,Summer (May-Jul),25.49,9.67,0.81,0.77,2022,7,July,19.9,14.5,16.6,89.0,21.4,10.2,7.1,28.92,9.67,5.42,4.25,Surplus (Recharging),,,,,,201.0,80.9,87.5,17.5,69.6,141.0,17.0,1.0,1.0,48.0,33.8,Ndma,Tourism & Hospitality,79,1.58,3.95,9.36,Iesco,500,5,36.5,2.8,24.5,Severe Disaster Level,70,Extreme (Humid),6.1,15.9,ILO Labor Models (2019/2030); BMJ Global Health (2024),500,,,
murree,2022-07-12,Summer (May-Jul),25.66,23.27,0.83,0.78,2022,7,July,21.8,14.1,17.6,81.0,23.6,1.7,8.2,29.01,23.27,4.35,18.92,Surplus (Recharging),,,,,,201.0,80.9,87.5,17.5,69.6,141.0,17.0,1.0,1.0,48.0,33.8,Ndma,Tourism & Hospitality,79,1.58,3.95,9.36,Iesco,500,5,36.5,2.8,24.5,Severe Disaster Level,70,Extreme (Humid),6.1,15.9,ILO Labor Models (2019/2030); BMJ Global Health (2024),500,,,
murree,2022-07-13,Summer (May-Jul),26.42,26.45,0.86,0.8,2022,7,July,19.9,14.0,16.9,85.0,21.1,3.4,8.3,29.85,26.45,4.62,21.83,Surplus (Recharging),,,,,,201.0,80.9,87.5,17.5,69.6,141.0,17.0,1.0,1.0,48.0,33.8,Ndma,Tourism & Hospitality,79,1.58,3.95,9.36,Iesco,500,5,36.5,2.8,24.5,Severe Disaster Level,70,Extreme (Humid),6.1,15.9,ILO Labor Models (2019/2030); BMJ Global Health (2024),500,,,
murree,2022-07-14,Summer (May-Jul),25.41,9.41,0.85,0.82,2022,7,July,19.9,13.3,15.7,87.0,21.0,30.0,12.0,28.84,9.41,5.03,4.38,Surplus (Recharging),,,,,,201.0,80.9,87.5,17.5,69.6,141.0,17.0,1.0,1.0,48.0,33.8,Ndma,Tourism & Hospitality,79,1.58,3.95,9.36,Iesco,500,5,36.5,2.8,24.5,Severe Disaster Level,70,Extreme (Humid),6.1,15.9,ILO Labor Models (2019/2030); BMJ Global Health (2024),500,,,
murree,2022-07-15,Summer (May-Jul),24.83,10.9,0.85,0.82,2022,7,July,20.9,13.1,16.7,78.0,21.8,7.8,9.2,28.43,10.9,5.3,5.6,Surplus (Recharging),,,,,,201.0,80.9,87.5,17.5,69.6,141.0,17.0,1.0,1.0,48.0,33.8,Ndma,Tourism & Hospitality,79,1.58,3.95,9.36,Iesco,500,5,36.5,2.8,24.5,Severe Disaster Level,70,Extreme (Humid),6.1,15.9,ILO Labor Models (2019/2030); BMJ Global Health (2024),500,,,
murree,2022-07-16,Summer (May-Jul),26.6,2.98,0.82,0.82,2022,7,July,22.7,14.1,18.2,67.0,24.0,0.0,10.8,31.16,2.98,7.98,-5.0,Severe Deficit (Water Loss),,,,,,201.0,80.9,87.5,17.5,69.6,141.0,17.0,1.0,1.0,48.0,33.8,Ndma,Tourism & Hospitality,79,1.58,3.95,9.36,Iesco,500,5,36.5,2.8,24.5,Severe Disaster Level,70,Extreme (Humid),6.1,15.9,ILO Labor Models (2019/2030); BMJ Global Health (2024),500,,,
murree,2022-07-17,Summer (May-Jul),25.76,4.64,0.82,0.8,2022,7,July,23.5,14.6,18.5,75.0,25.8,2.1,11.6,29.45,4.64,6.11,-1.47,Severe Deficit (Water Loss),,,,,,201.0,80.9,87.5,17.5,69.6,141.0,17.0,1.0,1.0,48.0,33.8,Ndma,Tourism & Hospitality,79,1.58,3.95,9.36,Iesco,500,5,36.5,2.8,24.5,Severe Disaster Level,70,Extreme (Humid),6.1,15.9,ILO Labor Models (2019/2030); BMJ Global Health (2024),500,,,
murree,2022-07-18,Summer (May-Jul),26.61,0.12,0.8,0.79,2022,7,July,23.7,14.7,19.2,80.0,25.6,1.0,9.0,30.59,0.12,8.12,-8.0,Severe Deficit (Water Loss),,,,,,201.0,80.9,87.5,17.5,69.6,141.0,17.0,1.0,1.0,48.0,33.8,Ndma,Tourism & Hospitality,79,1.58,3.95,9.36,Iesco,500,5,36.5,2.8,24.5,Severe Disaster Level,70,Extreme (Humid),6.1,15.9,ILO Labor Models (2019/2030); BMJ Global Health (2024),500,,,
murree,2022-07-19,Summer (May-Jul),26.53,0.22,0.79,0.78,2022,7,July,23.4,15.4,19.6,79.0,25.3,1.0,11.0,30.26,0.22,7.09,-6.87,Severe Deficit (Water Loss),,,,,,201.0,80.9,87.5,17.5,69.6,141.0,17.0,1.0,1.0,48.0,33.8,Ndma,Tourism & Hospitality,79,1.58,3.95,9.36,Iesco,500,5,36.5,2.8,24.5,Severe Disaster Level,70,Extreme (Humid),6.1,15.9,ILO Labor Models (2019/2030); BMJ Global Health (2024),500,,,
murree,2022-07-20,Summer (May-Jul),26.71,10.98,0.82,0.78,2022,7,July,21.8,15.1,18.5,87.0,23.5,7.2,9.7,30.17,10.98,4.84,6.14,Surplus (Recharging),,,,,,201.0,80.9,87.5,17.5,69.6,141.0,17.0,1.0,1.0,48.0,33.8,Ndma,Tourism & Hospitality,79,1.58,3.95,9.36,Iesco,500,5,36.5,2.8,24.5,Severe Disaster Level,70,Extreme (Humid),6.1,15.9,ILO Labor Models (2019/2030); BMJ Global Health (2024),500,,,
murree,2022-07-21,Summer (May-Jul),25.17,9.91,0.83,0.79,2022,7,July,17.7,15.0,16.2,95.0,18.6,20.6,11.0,27.53,9.91,2.15,7.76,Surplus (Recharging),,,,,,201.0,80.9,87.5,17.5,69.6,141.0,17.0,1.0,1.0,48.0,33.8,Ndma,Tourism & Hospitality,79,1.58,3.95,9.36,Iesco,500,5,36.5,2.8,24.5,Severe Disaster Level,70,Extreme (Humid),6.1,15.9,ILO Labor Models (2019/2030); BMJ Global Health (2024),500,,,
murree,2022-07-22,Summer (May-Jul),23.99,16.33,0.86,0.81,2022,7,July,21.1,14.7,17.1,88.0,22.5,0.8,7.2,26.56,16.33,1.89,14.44,Surplus (Recharging),,,,,,201.0,80.9,87.5,17.5,69.6,141.0,17.0,1.0,1.0,48.0,33.8,Ndma,Tourism & Hospitality,79,1.58,3.95,9.36,Iesco,500,5,36.5,2.8,24.5,Severe Disaster Level,70,Extreme (Humid),6.1,15.9,ILO Labor Models (2019/2030); BMJ Global Health (2024),500,,,
murree,2022-07-23,Summer (May-Jul),24.02,6.9,0.84,0.82,2022,7,July,18.3,15.5,16.8,93.0,20.4,20.6,6.6,26.77,6.9,2.97,3.93,Surplus (Recharging),,,,,,201.0,80.9,87.5,17.5,69.6,141.0,17.0,1.0,1.0,48.0,33.8,Ndma,Tourism & Hospitality,79,1.58,3.95,9.36,Iesco,500,5,36.5,2.8,24.5,Severe Disaster Level,70,Extreme (Humid),6.1,15.9,ILO Labor Models (2019/2030); BMJ Global Health (2024),500,,,
murree,2022-07-24,Summer (May-Jul),23.94,6.43,0.85,0.82,2022,7,July,20.6,14.4,16.7,92.0,22.4,8.9,7.7,26.43,6.43,1.68,4.75,Surplus (Recharging),,,,,,201.0,80.9,87.5,17.5,69.6,141.0,17.0,1.0,1.0,48.0,33.8,Ndma,Tourism & Hospitality,79,1.58,3.95,9.36,Iesco,500,5,36.5,2.8,24.5,Severe Disaster Level,70,Extreme (Humid),6.1,15.9,ILO Labor Models (2019/2030); BMJ Global Health (2024),500,,,
murree,2022-07-25,Summer (May-Jul),23.81,20.2,0.87,0.83,2022,7,July,20.9,14.4,16.5,92.0,22.8,11.0,9.9,26.4,20.2,1.42,18.78,Surplus (Recharging),,,,,,201.0,80.9,87.5,17.5,69.6,141.0,17.0,1.0,1.0,48.0,33.8,Ndma,Tourism & Hospitality,79,1.58,3.95,9.36,Iesco,500,5,36.5,2.8,24.5,Severe Disaster Level,70,Extreme (Humid),6.1,15.9,ILO Labor Models (2019/2030); BMJ Global Health (2024),500,,,
murree,2022-07-26,Summer (May-Jul),23.83,11.42,0.87,0.85,2022,7,July,20.2,13.9,17.1,89.0,21.5,3.6,10.7,26.44,11.42,1.48,9.94,Surplus (Recharging),,,,,,201.0,80.9,87.5,17.5,69.6,141.0,17.0,1.0,1.0,48.0,33.8,Ndma,Tourism & Hospitality,79,1.58,3.95,9.36,Iesco,500,5,36.5,2.8,24.5,Severe Disaster Level,70,Extreme (Humid),6.1,15.9,ILO Labor Models (2019/2030); BMJ Global Health (2024),500,,,
murree,2022-07-27,Summer (May-Jul),24.2,5.72,0.86,0.85,2022,7,July,18.3,15.3,16.7,93.0,19.9,13.7,8.2,27.11,5.72,2.49,3.23,Surplus (Recharging),,,,,,201.0,80.9,87.5,17.5,69.6,141.0,17.0,1.0,1.0,48.0,33.8,Ndma,Tourism & Hospitality,79,1.58,3.95,9.36,Iesco,500,5,36.5,2.8,24.5,Severe Disaster Level,70,Extreme (Humid),6.1,15.9,ILO Labor Models (2019/2030); BMJ Global Health (2024),500,,,
murree,2022-07-28,Summer (May-Jul),24.46,64.78,0.94,0.89,2022,7,July,18.5,14.9,16.2,94.0,19.3,38.0,10.9,26.79,64.78,1.18,63.6,Surplus (Recharging),,,,,,201.0,80.9,87.5,17.5,69.6,141.0,17.0,1.0,1.0,48.0,33.8,Ndma,Tourism & Hospitality,79,1.58,3.95,9.36,Iesco,500,5,36.5,2.8,24.5,Severe Disaster Level,70,Extreme (Humid),6.1,15.9,ILO Labor Models (2019/2030); BMJ Global Health (2024),500,,,
murree,2022-07-29,Summer (May-Jul),24.32,7.0,0.9,0.91,2022,7,July,19.5,13.9,16.6,90.0,20.6,9.7,8.7,27.31,7.0,1.92,5.08,Surplus (Recharging),,,,,,201.0,80.9,87.5,17.5,69.6,141.0,17.0,1.0,1.0,48.0,33.8,Ndma,Tourism & Hospitality,79,1.58,3.95,9.36,Iesco,500,5,36.5,2.8,24.5,Severe Disaster Level,70,Extreme (Humid),6.1,15.9,ILO Labor Models (2019/2030); BMJ Global Health (2024),500,,,
murree,2022-07-30,Summer (May-Jul),25.09,12.17,0.91,0.91,2022,7,July,20.6,13.8,16.9,89.0,21.7,4.5,8.0,28.53,12.17,3.71,8.46,Surplus (Recharging),,,,,,201.0,80.9,87.5,17.5,69.6,141.0,17.0,1.0,1.0,48.0,33.8,Ndma,Tourism & Hospitality,79,1.58,3.95,9.36,Iesco,500,5,36.5,2.8,24.5,Severe Disaster Level,70,Extreme (Humid),6.1,15.9,ILO Labor Models (2019/2030); BMJ Global Health (2024),500,,,
murree,2022-07-31,Summer (May-Jul),24.71,17.78,0.92,0.92,2022,7,July,19.6,14.1,16.3,90.0,20.4,6.4,9.7,27.78,17.78,3.23,14.55,Surplus (Recharging),,,,,,201.0,80.9,87.5,17.5,69.6,141.0,17.0,1.0,1.0,48.0,33.8,Ndma,Tourism & Hospitality,79,1.58,3.95,9.36,Iesco,500,5,36.5,2.8,24.5,Severe Disaster Level,70,Extreme (Humid),6.1,15.9,ILO Labor Models (2019/2030); BMJ Global Health (2024),500,,,
murree,2022-12-01,Winter (Dec-Jan),14.52,0.0,0.81,0.8,2022,12,,,,,,,,,,,,,,,,,,,,,,,,,,,,,,,Tourism & Hospitality,0,0.0,0.0,0.0,Iesco,500,5,20.5,0.0,0.0,Baseline,65,Safe,0.0,0.0,ILO Labor Models (2019/2030); BMJ Global Health (2024),500,,,
murree,2022-12-02,Winter (Dec-Jan),13.37,0.0,0.81,0.79,2022,12,,,,,,,,,,,,,,,,,,,,,,,,,,,,,,,Tourism & Hospitality,0,0.0,0.0,0.0,Iesco,500,5,20.5,0.0,0.0,Baseline,65,Safe,0.0,0.0,ILO Labor Models (2019/2030); BMJ Global Health (2024),500,,,
murree,2022-12-03,Winter (Dec-Jan),11.82,0.0,0.8,0.79,2022,12,,,,,,,,,,,,,,,,,,,,,,,,,,,,,,,Tourism & Hospitality,0,0.0,0.0,0.0,Iesco,500,5,20.5,0.0,0.0,Baseline,65,Safe,0.0,0.0,ILO Labor Models (2019/2030); BMJ Global Health (2024),500,,,
murree,2022-12-04,Winter (Dec-Jan),11.84,0.0,0.8,0.79,2022,12,,,,,,,,,,,,,,,,,,,,,,,,,,,,,,,Tourism & Hospitality,0,0.0,0.0,0.0,Iesco,500,5,20.5,0.0,0.0,Baseline,65,Safe,0.0,0.0,ILO Labor Models (2019/2030); BMJ Global Health (2024),500,,,
murree,2022-12-05,Winter (Dec-Jan),12.51,0.0,0.8,0.79,2022,12,,,,,,,,,,,,,,,,,,,,,,,,,,,,,,,Tourism & Hospitality,0,0.0,0.0,0.0,Iesco,500,5,20.5,0.0,0.0,Baseline,65,Safe,0.0,0.0,ILO Labor Models (2019/2030); BMJ Global Health (2024),500,,,
murree,2022-12-06,Winter (Dec-Jan),12.52,0.0,0.79,0.78,2022,12,,,,,,,,,,,,,,,,,,,,,,,,,,,,,,,Tourism & Hospitality,0,0.0,0.0,0.0,Iesco,500,5,20.5,0.0,0.0,Baseline,65,Safe,0.0,0.0,ILO Labor Models (2019/2030); BMJ Global Health (2024),500,,,
murree,2022-12-07,Winter (Dec-Jan),11.75,0.0,0.79,0.78,2022,12,,,,,,,,,,,,,,,,,,,,,,,,,,,,,,,Tourism & Hospitality,0,0.0,0.0,0.0,Iesco,500,5,20.5,0.0,0.0,Baseline,65,Safe,0.0,0.0,ILO Labor Models (2019/2030); BMJ Global Health (2024),500,,,
murree,2022-12-08,Winter (Dec-Jan),10.05,0.0,0.79,0.78,2022,12,,,,,,,,,,,,,,,,,,,,,,,,,,,,,,,Tourism & Hospitality,0,0.0,0.0,0.0,Iesco,500,5,20.5,0.0,0.0,Baseline,65,Safe,0.0,0.0,ILO Labor Models (2019/2030); BMJ Global Health (2024),500,,,
murree,2022-12-09,Winter (Dec-Jan),11.11,1.14,0.79,0.78,2022,12,,,,,,,,,,,,,,,,,,,,,,,,,,,,,,,Tourism & Hospitality,0,0.0,0.0,0.0,Iesco,500,5,20.5,0.0,0.0,Baseline,65,Safe,0.0,0.0,ILO Labor Models (2019/2030); BMJ Global Health (2024),500,,,
murree,2022-12-10,Winter (Dec-Jan),10.45,3.42,0.8,0.78,2022,12,,,,,,,,,,,,,,,,,,,,,,,,,,,,,,,Tourism & Hospitality,0,0.0,0.0,0.0,Iesco,500,5,20.5,0.0,0.0,Baseline,65,Safe,0.0,0.0,ILO Labor Models (2019/2030); BMJ Global Health (2024),500,,,
murree,2022-12-11,Winter (Dec-Jan),10.83,0.0,0.79,0.78,2022,12,,,,,,,,,,,,,,,,,,,,,,,,,,,,,,,Tourism & Hospitality,0,0.0,0.0,0.0,Iesco,500,5,20.5,0.0,0.0,Baseline,65,Safe,0.0,0.0,ILO Labor Models (2019/2030); BMJ Global Health (2024),500,,,
murree,2022-12-12,Winter (Dec-Jan),11.62,0.0,0.79,0.78,2022,12,,,,,,,,,,,,,,,,,,,,,,,,,,,,,,,Tourism & Hospitality,0,0.0,0.0,0.0,Iesco,500,5,20.5,0.0,0.0,Baseline,65,Safe,0.0,0.0,ILO Labor Models (2019/2030); BMJ Global Health (2024),500,,,
murree,2022-12-13,Winter (Dec-Jan),11.02,0.0,0.79,0.78,2022,12,,,,,,,,,,,,,,,,,,,,,,,,,,,,,,,Tourism & Hospitality,0,0.0,0.0,0.0,Iesco,500,5,20.5,0.0,0.0,Baseline,65,Safe,0.0,0.0,ILO Labor Models (2019/2030); BMJ Global Health (2024),500,,,
murree,2022-12-14,Winter (Dec-Jan),11.41,0.0,0.78,0.77,2022,12,,,,,,,,,,,,,,,,,,,,,,,,,,,,,,,Tourism & Hospitality,0,0.0,0.0,0.0,Iesco,500,5,20.5,0.0,0.0,Baseline,65,Safe,0.0,0.0,ILO Labor Models (2019/2030); BMJ Global Health (2024),500,,,
murree,2022-12-15,Winter (Dec-Jan),13.21,0.0,0.78,0.77,2022,12,,,,,,,,,,,,,,,,,,,,,,,,,,,,,,,Tourism & Hospitality,0,0.0,0.0,0.0,Iesco,500,5,20.5,0.0,0.0,Baseline,65,Safe,0.0,0.0,ILO Labor Models (2019/2030); BMJ Global Health (2024),500,,,
murree,2022-12-16,Winter (Dec-Jan),13.45,0.0,0.77,0.77,2022,12,,,,,,,,,,,,,,,,,,,,,,,,,,,,,,,Tourism & Hospitality,0,0.0,0.0,0.0,Iesco,500,5,20.5,0.0,0.0,Baseline,65,Safe,0.0,0.0,ILO Labor Models (2019/2030); BMJ Global Health (2024),500,,,
murree,2022-12-17,Winter (Dec-Jan),12.78,0.0,0.77,0.76,2022,12,,,,,,,,,,,,,,,,,,,,,,,,,,,,,,,Tourism & Hospitality,0,0.0,0.0,0.0,Iesco,500,5,20.5,0.0,0.0,Baseline,65,Safe,0.0,0.0,ILO Labor Models (2019/2030); BMJ Global Health (2024),500,,,
murree,2022-12-18,Winter (Dec-Jan),11.45,0.0,0.77,0.76,2022,12,,,,,,,,,,,,,,,,,,,,,,,,,,,,,,,Tourism & Hospitality,0,0.0,0.0,0.0,Iesco,500,5,20.5,0.0,0.0,Baseline,65,Safe,0.0,0.0,ILO Labor Models (2019/2030); BMJ Global Health (2024),500,,,
murree,2022-12-19,Winter (Dec-Jan),11.11,0.0,0.77,0.76,2022,12,,,,,,,,,,,,,,,,,,,,,,,,,,,,,,,Tourism & Hospitality,0,0.0,0.0,0.0,Iesco,500,5,20.5,0.0,0.0,Baseline,65,Safe,0.0,0.0,ILO Labor Models (2019/2030); BMJ Global Health (2024),500,,,
murree,2022-12-20,Winter (Dec-Jan),10.61,0.0,0.77,0.76,2022,12,,,,,,,,,,,,,,,,,,,,,,,,,,,,,,,Tourism & Hospitality,0,0.0,0.0,0.0,Iesco,500,5,20.5,0.0,0.0,Baseline,65,Safe,0.0,0.0,ILO Labor Models (2019/2030); BMJ Global Health (2024),500,,,
murree,2022-12-21,Winter (Dec-Jan),10.15,0.0,0.76,0.76,2022,12,,,,,,,,,,,,,,,,,,,,,,,,,,,,,,,Tourism & Hospitality,0,0.0,0.0,0.0,Iesco,500,5,20.5,0.0,0.0,Baseline,65,Safe,0.0,0.0,ILO Labor Models (2019/2030); BMJ Global Health (2024),500,,,
murree,2022-12-22,Winter (Dec-Jan),9.95,0.0,0.76,0.75,2022,12,,,,,,,,,,,,,,,,,,,,,,,,,,,,,,,Tourism & Hospitality,0,0.0,0.0,0.0,Iesco,500,5,20.5,0.0,0.0,Baseline,65,Safe,0.0,0.0,ILO Labor Models (2019/2030); BMJ Global Health (2024),500,,,
murree,2022-12-23,Winter (Dec-Jan),8.87,0.0,0.76,0.75,2022,12,,,,,,,,,,,,,,,,,,,,,,,,,,,,,,,Tourism & Hospitality,0,0.0,0.0,0.0,Iesco,500,5,20.5,0.0,0.0,Baseline,65,Safe,0.0,0.0,ILO Labor Models (2019/2030); BMJ Global Health (2024),500,,,
murree,2022-12-24,Winter (Dec-Jan),7.45,0.0,0.76,0.75,2022,12,,,,,,,,,,,,,,,,,,,,,,,,,,,,,,,Tourism & Hospitality,0,0.0,0.0,0.0,Iesco,500,5,20.5,0.0,0.0,Baseline,65,Safe,0.0,0.0,ILO Labor Models (2019/2030); BMJ Global Health (2024),500,,,
murree,2022-12-25,Winter (Dec-Jan),8.36,0.0,0.76,0.75,2022,12,,,,,,,,,,,,,,,,,,,,,,,,,,,,,,,Tourism & Hospitality,0,0.0,0.0,0.0,Iesco,500,5,20.5,0.0,0.0,Baseline,65,Safe,0.0,0.0,ILO Labor Models (2019/2030); BMJ Global Health (2024),500,,,
murree,2022-12-26,Winter (Dec-Jan),9.63,0.0,0.75,0.75,2022,12,,,,,,,,,,,,,,,,,,,,,,,,,,,,,,,Tourism & Hospitality,0,0.0,0.0,0.0,Iesco,500,5,20.5,0.0,0.0,Baseline,65,Safe,0.0,0.0,ILO Labor Models (2019/2030); BMJ Global Health (2024),500,,,
murree,2022-12-27,Winter (Dec-Jan),8.96,0.0,0.75,0.74,2022,12,,,,,,,,,,,,,,,,,,,,,,,,,,,,,,,Tourism & Hospitality,0,0.0,0.0,0.0,Iesco,500,5,20.5,0.0,0.0,Baseline,65,Safe,0.0,0.0,ILO Labor Models (2019/2030); BMJ Global Health (2024),500,,,
murree,2022-12-28,Winter (Dec-Jan),9.87,0.0,0.75,0.74,2022,12,,,,,,,,,,,,,,,,,,,,,,,,,,,,,,,Tourism & Hospitality,0,0.0,0.0,0.0,Iesco,500,5,20.5,0.0,0.0,Baseline,65,Safe,0.0,0.0,ILO Labor Models (2019/2030); BMJ Global Health (2024),500,,,
murree,2022-12-29,Winter (Dec-Jan),9.97,9.61,0.77,0.74,2022,12,,,,,,,,,,,,,,,,,,,,,,,,,,,,,,,Tourism & Hospitality,0,0.0,0.0,0.0,Iesco,500,5,20.5,0.0,0.0,Baseline,65,Safe,0.0,0.0,ILO Labor Models (2019/2030); BMJ Global Health (2024),500,,,
murree,2022-12-30,Winter (Dec-Jan),7.09,3.16,0.78,0.76,2022,12,,,,,,,,,,,,,,,,,,,,,,,,,,,,,,,Tourism & Hospitality,0,0.0,0.0,0.0,Iesco,500,5,20.5,0.0,0.0,Baseline,65,Safe,0.0,0.0,ILO Labor Models (2019/2030); BMJ Global Health (2024),500,,,
murree,2022-12-31,Winter (Dec-Jan),8.44,0.0,0.77,0.76,2022,12,,,,,,,,,,,,,,,,,,,,,,,,,,,,,,,Tourism & Hospitality,0,0.0,0.0,0.0,Iesco,500,5,20.5,0.0,0.0,Baseline,65,Safe,0.0,0.0,ILO Labor Models (2019/2030); BMJ Global Health (2024),500,,,
murree,2023-01-01,Winter (Dec-Jan),8.53,0.0,0.76,0.75,2023,1,,,,,,,,,,,,,,,,,,,,,,,,,,,,,,,Tourism & Hospitality,0,0.0,0.0,0.0,Iesco,332,3,19.5,0.0,0.0,Baseline,65,Safe,0.0,0.0,ILO Labor Models (2019/2030); BMJ Global Health (2024),300,,,
murree,2023-01-02,Winter (Dec-Jan),7.48,0.0,0.76,0.75,2023,1,,,,,,,,,,,,,,,,,,,,,,,,,,,,,,,Tourism & Hospitality,0,0.0,0.0,0.0,Iesco,332,3,19.5,0.0,0.0,Baseline,65,Safe,0.0,0.0,ILO Labor Models (2019/2030); BMJ Global Health (2024),300,,,
murree,2023-01-03,Winter (Dec-Jan),7.15,0.0,0.76,0.75,2023,1,,,,,,,,,,,,,,,,,,,,,,,,,,,,,,,Tourism & Hospitality,0,0.0,0.0,0.0,Iesco,332,3,19.5,0.0,0.0,Baseline,65,Safe,0.0,0.0,ILO Labor Models (2019/2030); BMJ Global Health (2024),300,,,
murree,2023-01-04,Winter (Dec-Jan),8.35,0.0,0.75,0.75,2023,1,,,,,,,,,,,,,,,,,,,,,,,,,,,,,,,Tourism & Hospitality,0,0.0,0.0,0.0,Iesco,332,3,19.5,0.0,0.0,Baseline,65,Safe,0.0,0.0,ILO Labor Models (2019/2030); BMJ Global Health (2024),300,,,
murree,2023-01-05,Winter (Dec-Jan),9.16,0.0,0.75,0.74,2023,1,,,,,,,,,,,,,,,,,,,,,,,,,,,,,,,Tourism & Hospitality,0,0.0,0.0,0.0,Iesco,332,3,19.5,0.0,0.0,Baseline,65,Safe,0.0,0.0,ILO Labor Models (2019/2030); BMJ Global Health (2024),300,,,
murree,2023-01-06,Winter (Dec-Jan),8.94,0.0,0.75,0.74,2023,1,,,,,,,,,,,,,,,,,,,,,,,,,,,,,,,Tourism & Hospitality,0,0.0,0.0,0.0,Iesco,332,3,19.5,0.0,0.0,Baseline,65,Safe,0.0,0.0,ILO Labor Models (2019/2030); BMJ Global Health (2024),300,,,
murree,2023-01-07,Winter (Dec-Jan),10.62,0.0,0.75,0.74,2023,1,,,,,,,,,,,,,,,,,,,,,,,,,,,,,,,Tourism & Hospitality,0,0.0,0.0,0.0,Iesco,332,3,19.5,0.0,0.0,Baseline,65,Safe,0.0,0.0,ILO Labor Models (2019/2030); BMJ Global Health (2024),300,,,
murree,2023-01-08,Winter (Dec-Jan),8.27,4.46,0.77,0.74,2023,1,,,,,,,,,,,,,,,,,,,,,,,,,,,,,,,Tourism & Hospitality,0,0.0,0.0,0.0,Iesco,332,3,19.5,0.0,0.0,Baseline,65,Safe,0.0,0.0,ILO Labor Models (2019/2030); BMJ Global Health (2024),300,,,
murree,2023-01-09,Winter (Dec-Jan),10.2,0.1,0.76,0.75,2023,1,,,,,,,,,,,,,,,,,,,,,,,,,,,,,,,Tourism & Hospitality,0,0.0,0.0,0.0,Iesco,332,3,19.5,0.0,0.0,Baseline,65,Safe,0.0,0.0,ILO Labor Models (2019/2030); BMJ Global Health (2024),300,,,
murree,2023-01-10,Winter (Dec-Jan),10.66,0.0,0.75,0.74,2023,1,,,,,,,,,,,,,,,,,,,,,,,,,,,,,,,Tourism & Hospitality,0,0.0,0.0,0.0,Iesco,332,3,19.5,0.0,0.0,Baseline,65,Safe,0.0,0.0,ILO Labor Models (2019/2030); BMJ Global Health (2024),300,,,
murree,2023-01-11,Winter (Dec-Jan),7.48,16.5,0.81,0.75,2023,1,,,,,,,,,,,,,,,,,,,,,,,,,,,,,,,Tourism & Hospitality,0,0.0,0.0,0.0,Iesco,332,3,19.5,0.0,0.0,Baseline,65,Safe,0.0,0.0,ILO Labor Models (2019/2030); BMJ Global Health (2024),300,,,
murree,2023-01-12,Winter (Dec-Jan),4.86,18.42,0.85,0.79,2023,1,,,,,,,,,,,,,,,,,,,,,,,,,,,,,,,Tourism & Hospitality,0,0.0,0.0,0.0,Iesco,332,3,19.5,0.0,0.0,Baseline,65,Safe,0.0,0.0,ILO Labor Models (2019/2030); BMJ Global Health (2024),300,,,
murree,2023-01-13,Winter (Dec-Jan),4.27,3.64,0.82,0.8,2023,1,,,,,,,,,,,,,,,,,,,,,,,,,,,,,,,Tourism & Hospitality,0,0.0,0.0,0.0,Iesco,332,3,19.5,0.0,0.0,Baseline,65,Safe,0.0,0.0,ILO Labor Models (2019/2030); BMJ Global Health (2024),300,,,
murree,2023-01-14,Winter (Dec-Jan),4.39,0.11,0.81,0.79,2023,1,,,,,,,,,,,,,,,,,,,,,,,,,,,,,,,Tourism & Hospitality,0,0.0,0.0,0.0,Iesco,332,3,19.5,0.0,0.0,Baseline,65,Safe,0.0,0.0,ILO Labor Models (2019/2030); BMJ Global Health (2024),300,,,
murree,2023-01-15,Winter (Dec-Jan),4.73,0.0,0.81,0.79,2023,1,,,,,,,,,,,,,,,,,,,,,,,,,,,,,,,Tourism & Hospitality,0,0.0,0.0,0.0,Iesco,332,3,19.5,0.0,0.0,Baseline,65,Safe,0.0,0.0,ILO Labor Models (2019/2030); BMJ Global Health (2024),300,,,
murree,2023-01-16,Winter (Dec-Jan),5.31,0.0,0.81,0.79,2023,1,,,,,,,,,,,,,,,,,,,,,,,,,,,,,,,Tourism & Hospitality,0,0.0,0.0,0.0,Iesco,332,3,19.5,0.0,0.0,Baseline,65,Safe,0.0,0.0,ILO Labor Models (2019/2030); BMJ Global Health (2024),300,,,
murree,2023-01-17,Winter (Dec-Jan),5.89,0.0,0.8,0.79,2023,1,,,,,,,,,,,,,,,,,,,,,,,,,,,,,,,Tourism & Hospitality,0,0.0,0.0,0.0,Iesco,332,3,19.5,0.0,0.0,Baseline,65,Safe,0.0,0.0,ILO Labor Models (2019/2030); BMJ Global Health (2024),300,,,
murree,2023-01-18,Winter (Dec-Jan),6.77,0.0,0.8,0.78,2023,1,,,,,,,,,,,,,,,,,,,,,,,,,,,,,,,Tourism & Hospitality,0,0.0,0.0,0.0,Iesco,332,3,19.5,0.0,0.0,Baseline,65,Safe,0.0,0.0,ILO Labor Models (2019/2030); BMJ Global Health (2024),300,,,
murree,2023-01-19,Winter (Dec-Jan),8.3,0.28,0.8,0.78,2023,1,,,,,,,,,,,,,,,,,,,,,,,,,,,,,,,Tourism & Hospitality,0,0.0,0.0,0.0,Iesco,332,3,19.5,0.0,0.0,Baseline,65,Safe,0.0,0.0,ILO Labor Models (2019/2030); BMJ Global Health (2024),300,,,
murree,2023-01-20,Winter (Dec-Jan),6.65,2.67,0.8,0.78,2023,1,,,,,,,,,,,,,,,,,,,,,,,,,,,,,,,Tourism & Hospitality,0,0.0,0.0,0.0,Iesco,332,3,19.5,0.0,0.0,Baseline,65,Safe,0.0,0.0,ILO Labor Models (2019/2030); BMJ Global Health (2024),300,,,
murree,2023-01-21,Winter (Dec-Jan),5.93,5.92,0.82,0.78,2023,1,,,,,,,,,,,,,,,,,,,,,,,,,,,,,,,Tourism & Hospitality,0,0.0,0.0,0.0,Iesco,332,3,19.5,0.0,0.0,Baseline,65,Safe,0.0,0.0,ILO Labor Models (2019/2030); BMJ Global Health (2024),300,,,
murree,2023-01-22,Winter (Dec-Jan),5.83,3.33,0.82,0.79,2023,1,,,,,,,,,,,,,,,,,,,,,,,,,,,,,,,Tourism & Hospitality,0,0.0,0.0,0.0,Iesco,332,3,19.5,0.0,0.0,Baseline,65,Safe,0.0,0.0,ILO Labor Models (2019/2030); BMJ Global Health (2024),300,,,
murree,2023-01-23,Winter (Dec-Jan),5.45,1.15,0.81,0.79,2023,1,,,,,,,,,,,,,,,,,,,,,,,,,,,,,,,Tourism & Hospitality,0,0.0,0.0,0.0,Iesco,332,3,19.5,0.0,0.0,Baseline,65,Safe,0.0,0.0,ILO Labor Models (2019/2030); BMJ Global Health (2024),300,,,
murree,2023-01-24,Winter (Dec-Jan),6.85,9.53,0.83,0.79,2023,1,,,,,,,,,,,,,,,,,,,,,,,,,,,,,,,Tourism & Hospitality,0,0.0,0.0,0.0,Iesco,332,3,19.5,0.0,0.0,Baseline,65,Safe,0.0,0.0,ILO Labor Models (2019/2030); BMJ Global Health (2024),300,,,
murree,2023-01-25,Winter (Dec-Jan),4.95,4.11,0.83,0.8,2023,1,,,,,,,,,,,,,,,,,,,,,,,,,,,,,,,Tourism & Hospitality,0,0.0,0.0,0.0,Iesco,332,3,19.5,0.0,0.0,Baseline,65,Safe,0.0,0.0,ILO Labor Models (2019/2030); BMJ Global Health (2024),300,,,
murree,2023-01-26,Winter (Dec-Jan),5.61,0.03,0.82,0.81,2023,1,,,,,,,,,,,,,,,,,,,,,,,,,,,,,,,Tourism & Hospitality,0,0.0,0.0,0.0,Iesco,332,3,19.5,0.0,0.0,Baseline,65,Safe,0.0,0.0,ILO Labor Models (2019/2030); BMJ Global Health (2024),300,,,
murree,2023-01-27,Winter (Dec-Jan),7.73,0.0,0.82,0.8,2023,1,,,,,,,,,,,,,,,,,,,,,,,,,,,,,,,Tourism & Hospitality,0,0.0,0.0,0.0,Iesco,332,3,19.5,0.0,0.0,Baseline,65,Safe,0.0,0.0,ILO Labor Models (2019/2030); BMJ Global Health (2024),300,,,
murree,2023-01-28,Winter (Dec-Jan),8.38,0.0,0.81,0.8,2023,1,,,,,,,,,,,,,,,,,,,,,,,,,,,,,,,Tourism & Hospitality,0,0.0,0.0,0.0,Iesco,332,3,19.5,0.0,0.0,Baseline,65,Safe,0.0,0.0,ILO Labor Models (2019/2030); BMJ Global Health (2024),300,,,
murree,2023-01-29,Winter (Dec-Jan),9.02,0.97,0.81,0.8,2023,1,,,,,,,,,,,,,,,,,,,,,,,,,,,,,,,Tourism & Hospitality,0,0.0,0.0,0.0,Iesco,332,3,19.5,0.0,0.0,Baseline,65,Safe,0.0,0.0,ILO Labor Models (2019/2030); BMJ Global Health (2024),300,,,
murree,2023-01-30,Winter (Dec-Jan),5.26,24.53,0.88,0.82,2023,1,,,,,,,,,,,,,,,,,,,,,,,,,,,,,,,Tourism & Hospitality,0,0.0,0.0,0.0,Iesco,332,3,19.5,0.0,0.0,Baseline,65,Safe,0.0,0.0,ILO Labor Models (2019/2030); BMJ Global Health (2024),300,,,
murree,2023-01-31,Winter (Dec-Jan),7.47,0.03,0.84,0.83,2023,1,,,,,,,,,,,,,,,,,,,,,,,,,,,,,,,Tourism & Hospitality,0,0.0,0.0,0.0,Iesco,332,3,19.5,0.0,0.0,Baseline,65,Safe,0.0,0.0,ILO Labor Models (2019/2030); BMJ Global Health (2024),300,,,
murree,2023-05-01,Summer (May-Jul),17.23,2.52,0.75,0.73,2023,5,,,,,,,,,19.1,2.52,0.52,2.0,Surplus (Recharging),,,,,,,,,,,,,,,,,,Tourism & Hospitality,26,0.53,1.3,1.03,Iesco,237,2,39.0,3.62,9.1,Critical (High Er Visits),30,Extreme,5.2,13.5,ILO Labor Models (2019/2030); BMJ Global Health (2024),300,,,
murree,2023-05-02,Summer (May-Jul),15.68,25.72,0.82,0.75,2023,5,,,,,,,,,17.64,25.72,0.18,25.54,Surplus (Recharging),,,,,,,,,,,,,,,,,,Tourism & Hospitality,26,0.53,1.3,1.03,Iesco,237,2,39.0,3.62,9.1,Critical (High Er Visits),30,Extreme,5.2,13.5,ILO Labor Models (2019/2030); BMJ Global Health (2024),300,,,
murree,2023-05-03,Summer (May-Jul),17.09,2.14,0.79,0.76,2023,5,,,,,,,,,21.62,2.14,1.88,0.26,Surplus (Recharging),,,,,,,,,,,,,,,,,,Tourism & Hospitality,26,0.53,1.3,1.03,Iesco,237,2,39.0,3.62,9.1,Critical (High Er Visits),30,Extreme,5.2,13.5,ILO Labor Models (2019/2030); BMJ Global Health (2024),300,,,
murree,2023-05-04,Summer (May-Jul),18.57,10.29,0.8,0.76,2023,5,,,,,,,,,22.49,10.29,2.18,8.11,Surplus (Recharging),,,,,,,,,,,,,,,,,,Tourism & Hospitality,26,0.53,1.3,1.03,Iesco,237,2,39.0,3.62,9.1,Critical (High Er Visits),30,Extreme,5.2,13.5,ILO Labor Models (2019/2030); BMJ Global Health (2024),300,,,
murree,2023-05-05,Summer (May-Jul),19.64,3.25,0.8,0.77,2023,5,,,,,,,,,23.52,3.25,3.59,-0.34,Severe Deficit (Water Loss),,,,,,,,,,,,,,,,,,Tourism & Hospitality,26,0.53,1.3,1.03,Iesco,237,2,39.0,3.62,9.1,Critical (High Er Visits),30,Extreme,5.2,13.5,ILO Labor Models (2019/2030); BMJ Global Health (2024),300,,,
murree,2023-05-06,Summer (May-Jul),19.49,3.49,0.79,0.77,2023,5,,,,,,,,,23.96,3.49,2.39,1.1,Surplus (Recharging),,,,,,,,,,,,,,,,,,Tourism & Hospitality,26,0.53,1.3,1.03,Iesco,237,2,39.0,3.62,9.1,Critical (High Er Visits),30,Extreme,5.2,13.5,ILO Labor Models (2019/2030); BMJ Global Health (2024),300,,,
murree,2023-05-07,Summer (May-Jul),17.58,2.13,0.79,0.76,2023,5,,,,,,,,,21.78,2.13,2.43,-0.3,Severe Deficit (Water Loss),,,,,,,,,,,,,,,,,,Tourism & Hospitality,26,0.53,1.3,1.03,Iesco,237,2,39.0,3.62,9.1,Critical (High Er Visits),30,Extreme,5.2,13.5,ILO Labor Models (2019/2030); BMJ Global Health (2024),300,,,
murree,2023-05-08,Summer (May-Jul),18.34,6.79,0.8,0.76,2023,5,,,,,,,,,23.87,6.79,4.52,2.27,Surplus (Recharging),,,,,,,,,,,,,,,,,,Tourism & Hospitality,26,0.53,1.3,1.03,Iesco,237,2,39.0,3.62,9.1,Critical (High Er Visits),30,Extreme,5.2,13.5,ILO Labor Models (2019/2030); BMJ Global Health (2024),300,,,
murree,2023-05-09,Summer (May-Jul),19.02,0.01,0.77,0.76,2023,5,,,,,,,,,25.32,0.01,5.38,-5.37,Severe Deficit (Water Loss),,,,,,,,,,,,,,,,,,Tourism & Hospitality,26,0.53,1.3,1.03,Iesco,237,2,39.0,3.62,9.1,Critical (High Er Visits),30,Extreme,5.2,13.5,ILO Labor Models (2019/2030); BMJ Global Health (2024),300,,,
murree,2023-05-10,Summer (May-Jul),22.16,0.0,0.75,0.75,2023,5,,,,,,,,,29.48,0.0,6.15,-6.15,Severe Deficit (Water Loss),,,,,,,,,,,,,,,,,,Tourism & Hospitality,26,0.53,1.3,1.03,Iesco,237,2,39.0,3.62,9.1,Critical (High Er Visits),30,Extreme,5.2,13.5,ILO Labor Models (2019/2030); BMJ Global Health (2024),300,,,
murree,2023-05-11,Summer (May-Jul),25.06,0.0,0.74,0.73,2023,5,,,,,,,,,31.46,0.0,6.29,-6.29,Severe Deficit (Water Loss),,,,,,,,,,,,,,,,,,Tourism & Hospitality,26,0.53,1.3,1.03,Iesco,237,2,39.0,3.62,9.1,Critical (High Er Visits),30,Extreme,5.2,13.5,ILO Labor Models (2019/2030); BMJ Global Health (2024),300,,,
murree,2023-05-12,Summer (May-Jul),25.33,0.0,0.73,0.73,2023,5,,,,,,,,,31.2,0.0,5.45,-5.45,Severe Deficit (Water Loss),,,,,,,,,,,,,,,,,,Tourism & Hospitality,26,0.53,1.3,1.03,Iesco,237,2,39.0,3.62,9.1,Critical (High Er Visits),30,Extreme,5.2,13.5,ILO Labor Models (2019/2030); BMJ Global Health (2024),300,,,
murree,2023-05-13,Summer (May-Jul),23.12,0.35,0.72,0.72,2023,5,,,,,,,,,30.53,0.35,4.94,-4.59,Severe Deficit (Water Loss),,,,,,,,,,,,,,,,,,Tourism & Hospitality,26,0.53,1.3,1.03,Iesco,237,2,39.0,3.62,9.1,Critical (High Er Visits),30,Extreme,5.2,13.5,ILO Labor Models (2019/2030); BMJ Global Health (2024),300,,,
murree,2023-05-14,Summer (May-Jul),23.16,1.93,0.71,0.71,2023,5,,,,,,,,,28.51,1.93,5.43,-3.5,Severe Deficit (Water Loss),,,,,,,,,,,,,,,,,,Tourism & Hospitality,26,0.53,1.3,1.03,Iesco,237,2,39.0,3.62,9.1,Critical (High Er Visits),30,Extreme,5.2,13.5,ILO Labor Models (2019/2030); BMJ Global Health (2024),300,,,
murree,2023-05-15,Summer (May-Jul),23.96,0.02,0.69,0.7,2023,5,,,,,,,,,30.3,0.02,5.69,-5.67,Severe Deficit (Water Loss),,,,,,,,,,,,,,,,,,Tourism & Hospitality,26,0.53,1.3,1.03,Iesco,237,2,39.0,3.62,9.1,Critical (High Er Visits),30,Extreme,5.2,13.5,ILO Labor Models (2019/2030); BMJ Global Health (2024),300,,,
murree,2023-05-16,Summer (May-Jul),21.93,0.0,0.69,0.69,2023,5,,,,,,,,,26.24,0.0,1.89,-1.89,Severe Deficit (Water Loss),,,,,,,,,,,,,,,,,,Tourism & Hospitality,26,0.53,1.3,1.03,Iesco,237,2,39.0,3.62,9.1,Critical (High Er Visits),30,Extreme,5.2,13.5,ILO Labor Models (2019/2030); BMJ Global Health (2024),300,,,
murree,2023-05-17,Summer (May-Jul),24.55,0.04,0.67,0.69,2023,5,,,,,,,,,30.84,0.04,4.11,-4.07,Severe Deficit (Water Loss),,,,,,,,,,,,,,,,,,Tourism & Hospitality,26,0.53,1.3,1.03,Iesco,237,2,39.0,3.62,9.1,Critical (High Er Visits),30,Extreme,5.2,13.5,ILO Labor Models (2019/2030); BMJ Global Health (2024),300,,,
murree,2023-05-18,Summer (May-Jul),23.34,9.11,0.72,0.69,2023,5,,,,,,,,,25.67,9.11,2.77,6.34,Surplus (Recharging),,,,,,,,,,,,,,,,,,Tourism & Hospitality,26,0.53,1.3,1.03,Iesco,237,2,39.0,3.62,9.1,Critical (High Er Visits),30,Extreme,5.2,13.5,ILO Labor Models (2019/2030); BMJ Global Health (2024),300,,,
murree,2023-05-19,Summer (May-Jul),23.92,0.04,0.68,0.69,2023,5,,,,,,,,,29.4,0.04,4.57,-4.53,Severe Deficit (Water Loss),,,,,,,,,,,,,,,,,,Tourism & Hospitality,26,0.53,1.3,1.03,Iesco,237,2,39.0,3.62,9.1,Critical (High Er Visits),30,Extreme,5.2,13.5,ILO Labor Models (2019/2030); BMJ Global Health (2024),300,,,
murree,2023-05-20,Summer (May-Jul),25.19,0.0,0.66,0.68,2023,5,,,,,,,,,31.85,0.0,4.61,-4.61,Severe Deficit (Water Loss),,,,,,,,,,,,,,,,,,Tourism & Hospitality,26,0.53,1.3,1.03,Iesco,237,2,39.0,3.62,9.1,Critical (High Er Visits),30,Extreme,5.2,13.5,ILO Labor Models (2019/2030); BMJ Global Health (2024),300,,,
murree,2023-05-21,Summer (May-Jul),27.35,0.0,0.64,0.67,2023,5,,,,,,,,,34.44,0.0,4.17,-4.17,Severe Deficit (Water Loss),,,,,,,,,,,,,,,,,,Tourism & Hospitality,26,0.53,1.3,1.03,Iesco,237,2,39.0,3.62,9.1,Critical (High Er Visits),30,Extreme,5.2,13.5,ILO Labor Models (2019/2030); BMJ Global Health (2024),300,,,
murree,2023-05-22,Summer (May-Jul),27.42,0.0,0.63,0.66,2023,5,,,,,,,,,35.21,0.0,3.48,-3.48,Severe Deficit (Water Loss),,,,,,,,,,,,,,,,,,Tourism & Hospitality,26,0.53,1.3,1.03,Iesco,237,2,39.0,3.62,9.1,Critical (High Er Visits),30,Extreme,5.2,13.5,ILO Labor Models (2019/2030); BMJ Global Health (2024),300,,,
murree,2023-05-23,Summer (May-Jul),26.84,4.08,0.65,0.65,2023,5,,,,,,,,,32.48,4.08,1.84,2.24,Surplus (Recharging),,,,,,,,,,,,,,,,,,Tourism & Hospitality,26,0.53,1.3,1.03,Iesco,237,2,39.0,3.62,9.1,Critical (High Er Visits),30,Extreme,5.2,13.5,ILO Labor Models (2019/2030); BMJ Global Health (2024),300,,,
murree,2023-05-24,Summer (May-Jul),24.08,6.32,0.66,0.66,2023,5,,,,,,,,,28.45,6.32,1.69,4.63,Surplus (Recharging),,,,,,,,,,,,,,,,,,Tourism & Hospitality,26,0.53,1.3,1.03,Iesco,237,2,39.0,3.62,9.1,Critical (High Er Visits),30,Extreme,5.2,13.5,ILO Labor Models (2019/2030); BMJ Global Health (2024),300,,,
murree,2023-05-25,Summer (May-Jul),22.87,3.4,0.66,0.66,2023,5,,,,,,,,,27.09,3.4,2.17,1.23,Surplus (Recharging),,,,,,,,,,,,,,,,,,Tourism & Hospitality,26,0.53,1.3,1.03,Iesco,237,2,39.0,3.62,9.1,Critical (High Er Visits),30,Extreme,5.2,13.5,ILO Labor Models (2019/2030); BMJ Global Health (2024),300,,,
murree,2023-05-26,Summer (May-Jul),21.86,12.11,0.7,0.67,2023,5,,,,,,,,,26.47,12.11,1.81,10.3,Surplus (Recharging),,,,,,,,,,,,,,,,,,Tourism & Hospitality,26,0.53,1.3,1.03,Iesco,237,2,39.0,3.62,9.1,Critical (High Er Visits),30,Extreme,5.2,13.5,ILO Labor Models (2019/2030); BMJ Global Health (2024),300,,,
murree,2023-05-27,Summer (May-Jul),22.35,0.59,0.66,0.67,2023,5,,,,,,,,,28.13,0.59,3.63,-3.04,Severe Deficit (Water Loss),,,,,,,,,,,,,,,,,,Tourism & Hospitality,26,0.53,1.3,1.03,Iesco,237,2,39.0,3.62,9.1,Critical (High Er Visits),30,Extreme,5.2,13.5,ILO Labor Models (2019/2030); BMJ Global Health (2024),300,,,
murree,2023-05-28,Summer (May-Jul),23.78,0.01,0.64,0.66,2023,5,,,,,,,,,30.19,0.01,3.49,-3.48,Severe Deficit (Water Loss),,,,,,,,,,,,,,,,,,Tourism & Hospitality,26,0.53,1.3,1.03,Iesco,237,2,39.0,3.62,9.1,Critical (High Er Visits),30,Extreme,5.2,13.5,ILO Labor Models (2019/2030); BMJ Global Health (2024),300,,,
murree,2023-05-29,Summer (May-Jul),22.74,6.34,0.66,0.66,2023,5,,,,,,,,,26.17,6.34,1.04,5.3,Surplus (Recharging),,,,,,,,,,,,,,,,,,Tourism & Hospitality,26,0.53,1.3,1.03,Iesco,237,2,39.0,3.62,9.1,Critical (High Er Visits),30,Extreme,5.2,13.5,ILO Labor Models (2019/2030); BMJ Global Health (2024),300,,,
murree,2023-05-30,Summer (May-Jul),18.66,6.2,0.68,0.67,2023,5,,,,,,,,,21.39,6.2,0.64,5.56,Surplus (Recharging),,,,,,,,,,,,,,,,,,Tourism & Hospitality,26,0.53,1.3,1.03,Iesco,237,2,39.0,3.62,9.1,Critical (High Er Visits),30,Extreme,5.2,13.5,ILO Labor Models (2019/2030); BMJ Global Health (2024),300,,,
murree,2023-05-31,Summer (May-Jul),18.93,15.92,0.73,0.68,2023,5,,,,,,,,,22.58,15.92,0.61,15.31,Surplus (Recharging),,,,,,,,,,,,,,,,,,Tourism & Hospitality,26,0.53,1.3,1.03,Iesco,237,2,39.0,3.62,9.1,Critical (High Er Visits),30,Extreme,5.2,13.5,ILO Labor Models (2019/2030); BMJ Global Health (2024),300,,,
murree,2023-06-01,Summer (May-Jul),16.43,23.91,0.81,0.72,2023,6,June,13.6,7.4,9.2,89.0,11.5,18.8,13.1,18.7,23.91,0.39,23.52,Surplus (Recharging),,,,,,204.0,81.8,88.1,17.1,70.2,139.0,14.0,1.0,0.0,39.0,32.6,Ndma,Tourism & Hospitality,44,0.88,2.2,2.9,Iesco,427,4,40.5,4.13,10.3,Critical (High Er Visits),40,Extreme,6.8,17.8,ILO Labor Models (2019/2030); BMJ Global Health (2024),300,,,
murree,2023-06-02,Summer (May-Jul),21.27,0.15,0.74,0.73,2023,6,June,16.2,7.2,11.8,73.0,15.9,1.6,9.9,25.99,0.15,5.47,-5.32,Severe Deficit (Water Loss),,,,,,204.0,81.8,88.1,17.1,70.2,139.0,14.0,1.0,0.0,39.0,32.6,Ndma,Tourism & Hospitality,44,0.88,2.2,2.9,Iesco,427,4,40.5,4.13,10.3,Critical (High Er Visits),40,Extreme,6.8,17.8,ILO Labor Models (2019/2030); BMJ Global Health (2024),300,,,
murree,2023-06-03,Summer (May-Jul),22.6,0.07,0.72,0.71,2023,6,June,17.4,6.8,12.5,74.0,18.2,1.1,7.2,27.14,0.07,5.6,-5.53,Severe Deficit (Water Loss),,,,,,204.0,81.8,88.1,17.1,70.2,139.0,14.0,1.0,0.0,39.0,32.6,Ndma,Tourism & Hospitality,44,0.88,2.2,2.9,Iesco,427,4,40.5,4.13,10.3,Critical (High Er Visits),40,Extreme,6.8,17.8,ILO Labor Models (2019/2030); BMJ Global Health (2024),300,,,
murree,2023-06-04,Summer (May-Jul),24.3,0.2,0.7,0.7,2023,6,June,19.3,8.6,14.1,66.0,20.3,1.8,10.7,29.62,0.2,5.78,-5.58,Severe Deficit (Water Loss),,,,,,204.0,81.8,88.1,17.1,70.2,139.0,14.0,1.0,0.0,39.0,32.6,Ndma,Tourism & Hospitality,44,0.88,2.2,2.9,Iesco,427,4,40.5,4.13,10.3,Critical (High Er Visits),40,Extreme,6.8,17.8,ILO Labor Models (2019/2030); BMJ Global Health (2024),300,,,
murree,2023-06-05,Summer (May-Jul),24.88,0.05,0.68,0.69,2023,6,June,19.7,9.3,14.7,55.0,19.5,1.2,9.9,30.39,0.05,4.62,-4.57,Severe Deficit (Water Loss),,,,,,204.0,81.8,88.1,17.1,70.2,139.0,14.0,1.0,0.0,39.0,32.6,Ndma,Tourism & Hospitality,44,0.88,2.2,2.9,Iesco,427,4,40.5,4.13,10.3,Critical (High Er Visits),40,Extreme,6.8,17.8,ILO Labor Models (2019/2030); BMJ Global Health (2024),300,,,
murree,2023-06-06,Summer (May-Jul),26.21,3.3,0.68,0.68,2023,6,June,19.4,9.6,15.2,56.0,20.3,0.5,9.3,30.54,3.3,4.55,-1.25,Severe Deficit (Water Loss),,,,,,204.0,81.8,88.1,17.1,70.2,139.0,14.0,1.0,0.0,39.0,32.6,Ndma,Tourism & Hospitality,44,0.88,2.2,2.9,Iesco,427,4,40.5,4.13,10.3,Critical (High Er Visits),40,Extreme,6.8,17.8,ILO Labor Models (2019/2030); BMJ Global Health (2024),300,,,
murree,2023-06-07,Summer (May-Jul),24.31,11.34,0.72,0.69,2023,6,June,18.1,9.3,14.1,72.0,18.3,3.4,7.1,28.44,11.34,3.66,7.68,Surplus (Recharging),,,,,,204.0,81.8,88.1,17.1,70.2,139.0,14.0,1.0,0.0,39.0,32.6,Ndma,Tourism & Hospitality,44,0.88,2.2,2.9,Iesco,427,4,40.5,4.13,10.3,Critical (High Er Visits),40,Extreme,6.8,17.8,ILO Labor Models (2019/2030); BMJ Global Health (2024),300,,,
murree,2023-06-08,Summer (May-Jul),25.49,1.84,0.69,0.69,2023,6,June,21.2,10.4,16.0,68.0,22.2,0.7,6.0,30.59,1.84,4.84,-3.0,Severe Deficit (Water Loss),,,,,,204.0,81.8,88.1,17.1,70.2,139.0,14.0,1.0,0.0,39.0,32.6,Ndma,Tourism & Hospitality,44,0.88,2.2,2.9,Iesco,427,4,40.5,4.13,10.3,Critical (High Er Visits),40,Extreme,6.8,17.8,ILO Labor Models (2019/2030); BMJ Global Health (2024),300,,,
murree,2023-06-09,Summer (May-Jul),27.46,0.0,0.66,0.68,2023,6,June,22.7,12.2,17.4,63.0,24.6,2.2,8.9,32.81,0.0,5.02,-5.02,Severe Deficit (Water Loss),,,,,,204.0,81.8,88.1,17.1,70.2,139.0,14.0,1.0,0.0,39.0,32.6,Ndma,Tourism & Hospitality,44,0.88,2.2,2.9,Iesco,427,4,40.5,4.13,10.3,Critical (High Er Visits),40,Extreme,6.8,17.8,ILO Labor Models (2019/2030); BMJ Global Health (2024),300,,,
murree,2023-06-10,Summer (May-Jul),28.59,9.45,0.69,0.68,2023,6,June,23.6,12.4,18.1,62.0,24.8,1.9,9.8,33.54,9.45,4.51,4.94,Surplus (Recharging),,,,,,204.0,81.8,88.1,17.1,70.2,139.0,14.0,1.0,0.0,39.0,32.6,Ndma,Tourism & Hospitality,44,0.88,2.2,2.9,Iesco,427,4,40.5,4.13,10.3,Critical (High Er Visits),40,Extreme,6.8,17.8,ILO Labor Models (2019/2030); BMJ Global Health (2024),300,,,
murree,2023-06-11,Summer (May-Jul),27.77,2.99,0.68,0.68,2023,6,June,22.4,13.3,17.3,69.0,24.0,1.0,7.6,32.1,2.99,4.8,-1.81,Severe Deficit (Water Loss),,,,,,204.0,81.8,88.1,17.1,70.2,139.0,14.0,1.0,0.0,39.0,32.6,Ndma,Tourism & Hospitality,44,0.88,2.2,2.9,Iesco,427,4,40.5,4.13,10.3,Critical (High Er Visits),40,Extreme,6.8,17.8,ILO Labor Models (2019/2030); BMJ Global Health (2024),300,,,
murree,2023-06-12,Summer (May-Jul),28.07,0.02,0.65,0.67,2023,6,June,22.5,12.2,17.3,66.0,23.7,2.8,8.5,32.72,0.02,4.42,-4.4,Severe Deficit (Water Loss),,,,,,204.0,81.8,88.1,17.1,70.2,139.0,14.0,1.0,0.0,39.0,32.6,Ndma,Tourism & Hospitality,44,0.88,2.2,2.9,Iesco,427,4,40.5,4.13,10.3,Critical (High Er Visits),40,Extreme,6.8,17.8,ILO Labor Models (2019/2030); BMJ Global Health (2024),300,,,
murree,2023-06-13,Summer (May-Jul),28.36,1.79,0.65,0.67,2023,6,June,23.6,13.0,18.1,61.0,25.2,0.7,9.3,32.94,1.79,3.45,-1.66,Severe Deficit (Water Loss),,,,,,204.0,81.8,88.1,17.1,70.2,139.0,14.0,1.0,0.0,39.0,32.6,Ndma,Tourism & Hospitality,44,0.88,2.2,2.9,Iesco,427,4,40.5,4.13,10.3,Critical (High Er Visits),40,Extreme,6.8,17.8,ILO Labor Models (2019/2030); BMJ Global Health (2024),300,,,
murree,2023-06-14,Summer (May-Jul),27.93,10.9,0.69,0.68,2023,6,June,23.5,13.4,17.3,63.0,24.8,0.7,13.0,32.89,10.9,4.78,6.12,Surplus (Recharging),,,,,,204.0,81.8,88.1,17.1,70.2,139.0,14.0,1.0,0.0,39.0,32.6,Ndma,Tourism & Hospitality,44,0.88,2.2,2.9,Iesco,427,4,40.5,4.13,10.3,Critical (High Er Visits),40,Extreme,6.8,17.8,ILO Labor Models (2019/2030); BMJ Global Health (2024),300,,,
murree,2023-06-15,Summer (May-Jul),25.58,12.56,0.71,0.68,2023,6,June,21.2,12.0,16.2,69.0,21.8,4.5,10.9,29.36,12.56,3.22,9.34,Surplus (Recharging),,,,,,204.0,81.8,88.1,17.1,70.2,139.0,14.0,1.0,0.0,39.0,32.6,Ndma,Tourism & Hospitality,44,0.88,2.2,2.9,Iesco,427,4,40.5,4.13,10.3,Critical (High Er Visits),40,Extreme,6.8,17.8,ILO Labor Models (2019/2030); BMJ Global Health (2024),300,,,
murree,2023-06-16,Summer (May-Jul),25.82,0.8,0.67,0.68,2023,6,June,22.1,11.3,16.5,73.0,23.8,3.5,9.7,29.79,0.8,3.56,-2.76,Severe Deficit (Water Loss),,,,,,204.0,81.8,88.1,17.1,70.2,139.0,14.0,1.0,0.0,39.0,32.6,Ndma,Tourism & Hospitality,44,0.88,2.2,2.9,Iesco,427,4,40.5,4.13,10.3,Critical (High Er Visits),40,Extreme,6.8,17.8,ILO Labor Models (2019/2030); BMJ Global Health (2024),300,,,
murree,2023-06-17,Summer (May-Jul),27.48,1.11,0.66,0.67,2023,6,June,23.1,12.5,17.4,71.0,25.0,2.8,10.4,31.85,1.11,3.77,-2.66,Severe Deficit (Water Loss),,,,,,204.0,81.8,88.1,17.1,70.2,139.0,14.0,1.0,0.0,39.0,32.6,Ndma,Tourism & Hospitality,44,0.88,2.2,2.9,Iesco,427,4,40.5,4.13,10.3,Critical (High Er Visits),40,Extreme,6.8,17.8,ILO Labor Models (2019/2030); BMJ Global Health (2024),300,,,
murree,2023-06-18,Summer (May-Jul),28.51,0.43,0.64,0.67,2023,6,June,24.6,13.8,19.4,62.0,26.3,0.4,7.6,32.93,0.43,4.14,-3.71,Severe Deficit (Water Loss),,,,,,204.0,81.8,88.1,17.1,70.2,139.0,14.0,1.0,0.0,39.0,32.6,Ndma,Tourism & Hospitality,44,0.88,2.2,2.9,Iesco,427,4,40.5,4.13,10.3,Critical (High Er Visits),40,Extreme,6.8,17.8,ILO Labor Models (2019/2030); BMJ Global Health (2024),300,,,
murree,2023-06-19,Summer (May-Jul),28.34,0.55,0.63,0.66,2023,6,June,24.2,13.6,19.5,69.0,25.7,4.1,8.8,33.07,0.55,3.31,-2.76,Severe Deficit (Water Loss),,,,,,204.0,81.8,88.1,17.1,70.2,139.0,14.0,1.0,0.0,39.0,32.6,Ndma,Tourism & Hospitality,44,0.88,2.2,2.9,Iesco,427,4,40.5,4.13,10.3,Critical (High Er Visits),40,Extreme,6.8,17.8,ILO Labor Models (2019/2030); BMJ Global Health (2024),300,,,
murree,2023-06-20,Summer (May-Jul),29.44,0.0,0.61,0.65,2023,6,June,25.9,14.4,20.2,64.0,27.2,0.0,9.2,34.32,0.0,3.5,-3.5,Severe Deficit (Water Loss),,,,,,204.0,81.8,88.1,17.1,70.2,139.0,14.0,1.0,0.0,39.0,32.6,Ndma,Tourism & Hospitality,44,0.88,2.2,2.9,Iesco,427,4,40.5,4.13,10.3,Critical (High Er Visits),40,Extreme,6.8,17.8,ILO Labor Models (2019/2030); BMJ Global Health (2024),300,,,
murree,2023-06-21,Summer (May-Jul),29.81,0.0,0.6,0.64,2023,6,June,26.6,15.1,20.9,63.0,27.4,0.4,8.7,35.2,0.0,2.92,-2.92,Severe Deficit (Water Loss),,,,,,204.0,81.8,88.1,17.1,70.2,139.0,14.0,1.0,0.0,39.0,32.6,Ndma,Tourism & Hospitality,44,0.88,2.2,2.9,Iesco,427,4,40.5,4.13,10.3,Critical (High Er Visits),40,Extreme,6.8,17.8,ILO Labor Models (2019/2030); BMJ Global Health (2024),300,,,
murree,2023-06-22,Summer (May-Jul),31.59,0.0,0.59,0.63,2023,6,June,26.9,15.5,21.6,68.0,28.0,0.3,10.8,37.5,0.0,2.73,-2.73,Severe Deficit (Water Loss),,,,,,204.0,81.8,88.1,17.1,70.2,139.0,14.0,1.0,0.0,39.0,32.6,Ndma,Tourism & Hospitality,44,0.88,2.2,2.9,Iesco,427,4,40.5,4.13,10.3,Critical (High Er Visits),40,Extreme,6.8,17.8,ILO Labor Models (2019/2030); BMJ Global Health (2024),300,,,
murree,2023-06-23,Summer (May-Jul),32.07,0.01,0.58,0.62,2023,6,June,25.9,17.0,21.3,76.0,27.9,5.7,11.1,37.63,0.01,2.35,-2.34,Severe Deficit (Water Loss),,,,,,204.0,81.8,88.1,17.1,70.2,139.0,14.0,1.0,0.0,39.0,32.6,Ndma,Tourism & Hospitality,44,0.88,2.2,2.9,Iesco,427,4,40.5,4.13,10.3,Critical (High Er Visits),40,Extreme,6.8,17.8,ILO Labor Models (2019/2030); BMJ Global Health (2024),300,,,
murree,2023-06-24,Summer (May-Jul),30.9,0.93,0.58,0.62,2023,6,June,23.8,16.6,20.3,80.0,27.3,3.8,9.9,35.65,0.93,1.75,-0.82,Severe Deficit (Water Loss),,,,,,204.0,81.8,88.1,17.1,70.2,139.0,14.0,1.0,0.0,39.0,32.6,Ndma,Tourism & Hospitality,44,0.88,2.2,2.9,Iesco,427,4,40.5,4.13,10.3,Critical (High Er Visits),40,Extreme,6.8,17.8,ILO Labor Models (2019/2030); BMJ Global Health (2024),300,,,
murree,2023-06-25,Summer (May-Jul),29.54,18.05,0.67,0.63,2023,6,June,24.0,14.6,19.2,80.0,25.6,22.4,15.7,33.3,18.05,1.43,16.62,Surplus (Recharging),,,,,,204.0,81.8,88.1,17.1,70.2,139.0,14.0,1.0,0.0,39.0,32.6,Ndma,Tourism & Hospitality,44,0.88,2.2,2.9,Iesco,427,4,40.5,4.13,10.3,Critical (High Er Visits),40,Extreme,6.8,17.8,ILO Labor Models (2019/2030); BMJ Global Health (2024),300,,,
murree,2023-06-26,Summer (May-Jul),25.39,25.23,0.74,0.67,2023,6,June,20.3,13.9,16.2,88.0,21.8,25.5,8.1,28.51,25.23,2.05,23.18,Surplus (Recharging),,,,,,204.0,81.8,88.1,17.1,70.2,139.0,14.0,1.0,0.0,39.0,32.6,Ndma,Tourism & Hospitality,44,0.88,2.2,2.9,Iesco,427,4,40.5,4.13,10.3,Critical (High Er Visits),40,Extreme,6.8,17.8,ILO Labor Models (2019/2030); BMJ Global Health (2024),300,,,
murree,2023-06-27,Summer (May-Jul),25.45,8.18,0.7,0.68,2023,6,June,22.1,13.4,17.1,81.0,24.2,6.6,11.0,29.84,8.18,2.97,5.21,Surplus (Recharging),,,,,,204.0,81.8,88.1,17.1,70.2,139.0,14.0,1.0,0.0,39.0,32.6,Ndma,Tourism & Hospitality,44,0.88,2.2,2.9,Iesco,427,4,40.5,4.13,10.3,Critical (High Er Visits),40,Extreme,6.8,17.8,ILO Labor Models (2019/2030); BMJ Global Health (2024),300,,,
murree,2023-06-28,Summer (May-Jul),26.01,12.1,0.71,0.68,2023,6,June,21.6,13.2,17.3,80.0,23.3,5.2,8.3,30.13,12.1,3.1,9.0,Surplus (Recharging),,,,,,204.0,81.8,88.1,17.1,70.2,139.0,14.0,1.0,0.0,39.0,32.6,Ndma,Tourism & Hospitality,44,0.88,2.2,2.9,Iesco,427,4,40.5,4.13,10.3,Critical (High Er Visits),40,Extreme,6.8,17.8,ILO Labor Models (2019/2030); BMJ Global Health (2024),300,,,
murree,2023-06-29,Summer (May-Jul),26.38,12.17,0.74,0.71,2023,6,June,21.0,12.8,16.8,82.0,22.7,5.3,8.7,30.04,12.17,5.6,6.57,Surplus (Recharging),,,,,,204.0,81.8,88.1,17.1,70.2,139.0,14.0,1.0,0.0,39.0,32.6,Ndma,Tourism & Hospitality,44,0.88,2.2,2.9,Iesco,427,4,40.5,4.13,10.3,Critical (High Er Visits),40,Extreme,6.8,17.8,ILO Labor Models (2019/2030); BMJ Global Health (2024),300,,,
murree,2023-06-30,Summer (May-Jul),25.96,19.39,0.77,0.71,2023,6,June,21.6,12.8,16.8,80.0,22.9,9.6,10.2,29.34,19.39,5.34,14.05,Surplus (Recharging),,,,,,204.0,81.8,88.1,17.1,70.2,139.0,14.0,1.0,0.0,39.0,32.6,Ndma,Tourism & Hospitality,44,0.88,2.2,2.9,Iesco,427,4,40.5,4.13,10.3,Critical (High Er Visits),40,Extreme,6.8,17.8,ILO Labor Models (2019/2030); BMJ Global Health (2024),300,,,
murree,2023-07-01,Summer (May-Jul),25.71,0.38,0.72,0.71,2023,7,July,22.6,12.3,17.7,72.0,23.3,0.6,11.3,30.25,0.38,6.98,-6.6,Severe Deficit (Water Loss),,,,,,204.0,81.8,88.1,17.1,70.2,139.0,14.0,1.0,0.0,39.0,32.6,Ndma,Tourism & Hospitality,39,0.79,1.95,2.31,Iesco,380,4,36.5,2.8,7.0,Elevated (Heat Stress),70,Extreme (Humid),6.1,15.9,ILO Labor Models (2019/2030); BMJ Global Health (2024),300,,,
murree,2023-07-02,Summer (May-Jul),27.58,0.07,0.69,0.7,2023,7,July,23.9,12.9,18.6,72.0,26.1,0.3,9.8,32.13,0.07,6.51,-6.44,Severe Deficit (Water Loss),,,,,,204.0,81.8,88.1,17.1,70.2,139.0,14.0,1.0,0.0,39.0,32.6,Ndma,Tourism & Hospitality,39,0.79,1.95,2.31,Iesco,380,4,36.5,2.8,7.0,Elevated (Heat Stress),70,Extreme (Humid),6.1,15.9,ILO Labor Models (2019/2030); BMJ Global Health (2024),300,,,
murree,2023-07-03,Summer (May-Jul),27.37,30.91,0.77,0.71,2023,7,July,23.9,14.2,18.7,79.0,25.2,2.6,10.8,30.55,30.91,4.5,26.41,Surplus (Recharging),,,,,,204.0,81.8,88.1,17.1,70.2,139.0,14.0,1.0,0.0,39.0,32.6,Ndma,Tourism & Hospitality,39,0.79,1.95,2.31,Iesco,380,4,36.5,2.8,7.0,Elevated (Heat Stress),70,Extreme (Humid),6.1,15.9,ILO Labor Models (2019/2030); BMJ Global Health (2024),300,,,
murree,2023-07-04,Summer (May-Jul),27.28,15.2,0.77,0.73,2023,7,July,21.7,13.0,16.9,85.0,25.2,24.8,15.4,31.03,15.2,6.38,8.82,Surplus (Recharging),,,,,,204.0,81.8,88.1,17.1,70.2,139.0,14.0,1.0,0.0,39.0,32.6,Ndma,Tourism & Hospitality,39,0.79,1.95,2.31,Iesco,380,4,36.5,2.8,7.0,Elevated (Heat Stress),70,Extreme (Humid),6.1,15.9,ILO Labor Models (2019/2030); BMJ Global Health (2024),300,,,
murree,2023-07-05,Summer (May-Jul),26.07,4.89,0.77,0.74,2023,7,July,20.1,13.4,16.4,81.0,20.7,8.8,14.7,30.55,4.89,7.88,-2.99,Severe Deficit (Water Loss),,,,,,204.0,81.8,88.1,17.1,70.2,139.0,14.0,1.0,0.0,39.0,32.6,Ndma,Tourism & Hospitality,39,0.79,1.95,2.31,Iesco,380,4,36.5,2.8,7.0,Elevated (Heat Stress),70,Extreme (Humid),6.1,15.9,ILO Labor Models (2019/2030); BMJ Global Health (2024),300,,,
murree,2023-07-06,Summer (May-Jul),25.12,12.05,0.78,0.73,2023,7,July,20.6,13.1,16.4,81.0,22.2,2.7,8.6,28.7,12.05,5.67,6.38,Surplus (Recharging),,,,,,204.0,81.8,88.1,17.1,70.2,139.0,14.0,1.0,0.0,39.0,32.6,Ndma,Tourism & Hospitality,39,0.79,1.95,2.31,Iesco,380,4,36.5,2.8,7.0,Elevated (Heat Stress),70,Extreme (Humid),6.1,15.9,ILO Labor Models (2019/2030); BMJ Global Health (2024),300,,,
murree,2023-07-07,Summer (May-Jul),24.86,35.02,0.86,0.77,2023,7,July,18.7,13.1,15.4,85.0,19.3,18.7,10.2,28.69,35.02,4.82,30.2,Surplus (Recharging),,,,,,204.0,81.8,88.1,17.1,70.2,139.0,14.0,1.0,0.0,39.0,32.6,Ndma,Tourism & Hospitality,39,0.79,1.95,2.31,Iesco,380,4,36.5,2.8,7.0,Elevated (Heat Stress),70,Extreme (Humid),6.1,15.9,ILO Labor Models (2019/2030); BMJ Global Health (2024),300,,,
murree,2023-07-08,Summer (May-Jul),24.15,19.35,0.85,0.79,2023,7,July,19.6,12.4,16.0,79.0,19.5,5.3,8.6,27.82,19.35,4.08,15.27,Surplus (Recharging),,,,,,204.0,81.8,88.1,17.1,70.2,139.0,14.0,1.0,0.0,39.0,32.6,Ndma,Tourism & Hospitality,39,0.79,1.95,2.31,Iesco,380,4,36.5,2.8,7.0,Elevated (Heat Stress),70,Extreme (Humid),6.1,15.9,ILO Labor Models (2019/2030); BMJ Global Health (2024),300,,,
murree,2023-07-09,Summer (May-Jul),24.54,1.18,0.8,0.79,2023,7,July,20.5,12.3,16.5,83.0,22.3,2.4,10.4,29.1,1.18,7.31,-6.13,Severe Deficit (Water Loss),,,,,,204.0,81.8,88.1,17.1,70.2,139.0,14.0,1.0,0.0,39.0,32.6,Ndma,Tourism & Hospitality,39,0.79,1.95,2.31,Iesco,380,4,36.5,2.8,7.0,Elevated (Heat Stress),70,Extreme (Humid),6.1,15.9,ILO Labor Models (2019/2030); BMJ Global Health (2024),300,,,
murree,2023-07-10,Summer (May-Jul),25.34,1.37,0.79,0.78,2023,7,July,21.8,12.1,17.1,76.0,23.0,1.5,9.4,28.98,1.37,6.82,-5.45,Severe Deficit (Water Loss),,,,,,204.0,81.8,88.1,17.1,70.2,139.0,14.0,1.0,0.0,39.0,32.6,Ndma,Tourism & Hospitality,39,0.79,1.95,2.31,Iesco,380,4,36.5,2.8,7.0,Elevated (Heat Stress),70,Extreme (Humid),6.1,15.9,ILO Labor Models (2019/2030); BMJ Global Health (2024),300,,,
murree,2023-07-11,Summer (May-Jul),26.39,0.0,0.78,0.77,2023,7,July,23.1,12.4,18.6,67.0,24.7,0.0,7.8,30.78,0.0,8.43,-8.43,Severe Deficit (Water Loss),,,,,,204.0,81.8,88.1,17.1,70.2,139.0,14.0,1.0,0.0,39.0,32.6,Ndma,Tourism & Hospitality,39,0.79,1.95,2.31,Iesco,380,4,36.5,2.8,7.0,Elevated (Heat Stress),70,Extreme (Humid),6.1,15.9,ILO Labor Models (2019/2030); BMJ Global Health (2024),300,,,
murree,2023-07-12,Summer (May-Jul),26.91,0.01,0.76,0.75,2023,7,July,24.2,15.4,19.6,69.0,26.1,2.1,9.8,30.57,0.01,8.01,-8.0,Severe Deficit (Water Loss),,,,,,204.0,81.8,88.1,17.1,70.2,139.0,14.0,1.0,0.0,39.0,32.6,Ndma,Tourism & Hospitality,39,0.79,1.95,2.31,Iesco,380,4,36.5,2.8,7.0,Elevated (Heat Stress),70,Extreme (Humid),6.1,15.9,ILO Labor Models (2019/2030); BMJ Global Health (2024),300,,,
murree,2023-07-13,Summer (May-Jul),27.39,0.26,0.75,0.74,2023,7,July,21.9,14.2,18.4,83.0,23.3,2.0,10.0,31.4,0.26,7.64,-7.38,Severe Deficit (Water Loss),,,,,,204.0,81.8,88.1,17.1,70.2,139.0,14.0,1.0,0.0,39.0,32.6,Ndma,Tourism & Hospitality,39,0.79,1.95,2.31,Iesco,380,4,36.5,2.8,7.0,Elevated (Heat Stress),70,Extreme (Humid),6.1,15.9,ILO Labor Models (2019/2030); BMJ Global Health (2024),300,,,
murree,2023-07-14,Summer (May-Jul),26.31,1.12,0.75,0.73,2023,7,July,22.0,14.1,17.3,87.0,23.8,2.4,8.7,29.82,1.12,4.4,-3.28,Severe Deficit (Water Loss),,,,,,204.0,81.8,88.1,17.1,70.2,139.0,14.0,1.0,0.0,39.0,32.6,Ndma,Tourism & Hospitality,39,0.79,1.95,2.31,Iesco,380,4,36.5,2.8,7.0,Elevated (Heat Stress),70,Extreme (Humid),6.1,15.9,ILO Labor Models (2019/2030); BMJ Global Health (2024),300,,,
murree,2023-07-15,Summer (May-Jul),24.53,38.41,0.86,0.76,2023,7,July,21.6,14.1,17.7,86.0,24.4,4.6,7.3,26.47,38.41,1.39,37.02,Surplus (Recharging),,,,,,204.0,81.8,88.1,17.1,70.2,139.0,14.0,1.0,0.0,39.0,32.6,Ndma,Tourism & Hospitality,39,0.79,1.95,2.31,Iesco,380,4,36.5,2.8,7.0,Elevated (Heat Stress),70,Extreme (Humid),6.1,15.9,ILO Labor Models (2019/2030); BMJ Global Health (2024),300,,,
murree,2023-07-16,Summer (May-Jul),26.39,18.25,0.84,0.79,2023,7,July,21.0,13.7,17.2,88.0,23.0,16.1,11.8,29.47,18.25,4.89,13.36,Surplus (Recharging),,,,,,204.0,81.8,88.1,17.1,70.2,139.0,14.0,1.0,0.0,39.0,32.6,Ndma,Tourism & Hospitality,39,0.79,1.95,2.31,Iesco,380,4,36.5,2.8,7.0,Elevated (Heat Stress),70,Extreme (Humid),6.1,15.9,ILO Labor Models (2019/2030); BMJ Global Health (2024),300,,,
murree,2023-07-17,Summer (May-Jul),26.82,11.06,0.84,0.81,2023,7,July,23.0,14.0,18.4,82.0,25.5,1.0,9.9,30.58,11.06,6.01,5.05,Surplus (Recharging),,,,,,204.0,81.8,88.1,17.1,70.2,139.0,14.0,1.0,0.0,39.0,32.6,Ndma,Tourism & Hospitality,39,0.79,1.95,2.31,Iesco,380,4,36.5,2.8,7.0,Elevated (Heat Stress),70,Extreme (Humid),6.1,15.9,ILO Labor Models (2019/2030); BMJ Global Health (2024),300,,,
murree,2023-07-18,Summer (May-Jul),26.53,10.6,0.83,0.8,2023,7,July,21.9,14.3,18.3,87.0,23.8,2.0,10.2,29.72,10.6,4.84,5.76,Surplus (Recharging),,,,,,204.0,81.8,88.1,17.1,70.2,139.0,14.0,1.0,0.0,39.0,32.6,Ndma,Tourism & Hospitality,39,0.79,1.95,2.31,Iesco,380,4,36.5,2.8,7.0,Elevated (Heat Stress),70,Extreme (Humid),6.1,15.9,ILO Labor Models (2019/2030); BMJ Global Health (2024),300,,,
murree,2023-07-19,Summer (May-Jul),24.9,54.83,0.93,0.85,2023,7,July,18.9,15.4,16.8,94.0,20.4,18.7,7.1,26.26,54.83,0.65,54.18,Surplus (Recharging),,,,,,204.0,81.8,88.1,17.1,70.2,139.0,14.0,1.0,0.0,39.0,32.6,Ndma,Tourism & Hospitality,39,0.79,1.95,2.31,Iesco,380,4,36.5,2.8,7.0,Elevated (Heat Stress),70,Extreme (Humid),6.1,15.9,ILO Labor Models (2019/2030); BMJ Global Health (2024),300,,,
murree,2023-07-20,Summer (May-Jul),24.97,16.47,0.9,0.88,2023,7,July,22.2,13.7,17.8,85.0,25.1,3.0,8.4,28.11,16.47,2.83,13.64,Surplus (Recharging),,,,,,204.0,81.8,88.1,17.1,70.2,139.0,14.0,1.0,0.0,39.0,32.6,Ndma,Tourism & Hospitality,39,0.79,1.95,2.31,Iesco,380,4,36.5,2.8,7.0,Elevated (Heat Stress),70,Extreme (Humid),6.1,15.9,ILO Labor Models (2019/2030); BMJ Global Health (2024),300,,,
murree,2023-07-21,Summer (May-Jul),25.39,8.32,0.89,0.88,2023,7,July,22.1,15.3,18.0,87.0,24.2,8.0,7.9,28.8,8.32,2.62,5.7,Surplus (Recharging),,,,,,204.0,81.8,88.1,17.1,70.2,139.0,14.0,1.0,0.0,39.0,32.6,Ndma,Tourism & Hospitality,39,0.79,1.95,2.31,Iesco,380,4,36.5,2.8,7.0,Elevated (Heat Stress),70,Extreme (Humid),6.1,15.9,ILO Labor Models (2019/2030); BMJ Global Health (2024),300,,,
murree,2023-07-22,Summer (May-Jul),25.51,32.86,0.91,0.89,2023,7,July,20.6,13.9,16.8,89.0,22.1,17.4,11.6,29.5,32.86,3.34,29.52,Surplus (Recharging),,,,,,204.0,81.8,88.1,17.1,70.2,139.0,14.0,1.0,0.0,39.0,32.6,Ndma,Tourism & Hospitality,39,0.79,1.95,2.31,Iesco,380,4,36.5,2.8,7.0,Elevated (Heat Stress),70,Extreme (Humid),6.1,15.9,ILO Labor Models (2019/2030); BMJ Global Health (2024),300,,,
murree,2023-07-23,Summer (May-Jul),24.85,7.54,0.9,0.91,2023,7,July,20.1,13.8,16.6,85.0,21.1,24.1,11.6,27.57,7.54,3.52,4.02,Surplus (Recharging),,,,,,204.0,81.8,88.1,17.1,70.2,139.0,14.0,1.0,0.0,39.0,32.6,Ndma,Tourism & Hospitality,39,0.79,1.95,2.31,Iesco,380,4,36.5,2.8,7.0,Elevated (Heat Stress),70,Extreme (Humid),6.1,15.9,ILO Labor Models (2019/2030); BMJ Global Health (2024),300,,,
murree,2023-07-24,Summer (May-Jul),24.83,34.35,0.93,0.92,2023,7,July,20.8,13.8,17.3,82.0,22.7,2.9,7.9,27.44,34.35,2.18,32.17,Surplus (Recharging),,,,,,204.0,81.8,88.1,17.1,70.2,139.0,14.0,1.0,0.0,39.0,32.6,Ndma,Tourism & Hospitality,39,0.79,1.95,2.31,Iesco,380,4,36.5,2.8,7.0,Elevated (Heat Stress),70,Extreme (Humid),6.1,15.9,ILO Labor Models (2019/2030); BMJ Global Health (2024),300,,,
murree,2023-07-25,Summer (May-Jul),25.9,8.66,0.92,0.94,2023,7,July,20.8,13.6,17.1,86.0,22.8,7.8,9.3,29.22,8.66,3.99,4.67,Surplus (Recharging),,,,,,204.0,81.8,88.1,17.1,70.2,139.0,14.0,1.0,0.0,39.0,32.6,Ndma,Tourism & Hospitality,39,0.79,1.95,2.31,Iesco,380,4,36.5,2.8,7.0,Elevated (Heat Stress),70,Extreme (Humid),6.1,15.9,ILO Labor Models (2019/2030); BMJ Global Health (2024),300,,,
murree,2023-07-26,Summer (May-Jul),25.67,10.96,0.91,0.93,2023,7,July,21.0,14.3,17.1,88.0,23.3,7.7,8.9,28.92,10.96,4.39,6.57,Surplus (Recharging),,,,,,204.0,81.8,88.1,17.1,70.2,139.0,14.0,1.0,0.0,39.0,32.6,Ndma,Tourism & Hospitality,39,0.79,1.95,2.31,Iesco,380,4,36.5,2.8,7.0,Elevated (Heat Stress),70,Extreme (Humid),6.1,15.9,ILO Labor Models (2019/2030); BMJ Global Health (2024),300,,,
murree,2023-07-27,Summer (May-Jul),24.84,29.55,0.95,0.95,2023,7,July,19.6,14.4,16.7,90.0,21.0,12.3,8.3,27.98,29.55,1.97,27.58,Surplus (Recharging),,,,,,204.0,81.8,88.1,17.1,70.2,139.0,14.0,1.0,0.0,39.0,32.6,Ndma,Tourism & Hospitality,39,0.79,1.95,2.31,Iesco,380,4,36.5,2.8,7.0,Elevated (Heat Stress),70,Extreme (Humid),6.1,15.9,ILO Labor Models (2019/2030); BMJ Global Health (2024),300,,,
murree,2023-07-28,Summer (May-Jul),24.53,22.44,0.95,0.97,2023,7,July,19.8,13.6,16.2,88.0,20.2,13.0,10.0,28.05,22.44,2.52,19.92,Surplus (Recharging),,,,,,204.0,81.8,88.1,17.1,70.2,139.0,14.0,1.0,0.0,39.0,32.6,Ndma,Tourism & Hospitality,39,0.79,1.95,2.31,Iesco,380,4,36.5,2.8,7.0,Elevated (Heat Stress),70,Extreme (Humid),6.1,15.9,ILO Labor Models (2019/2030); BMJ Global Health (2024),300,,,
murree,2023-07-29,Summer (May-Jul),24.73,28.18,0.95,0.98,2023,7,July,19.7,12.6,15.8,87.0,21.2,7.2,11.3,27.72,28.18,2.92,25.26,Surplus (Recharging),,,,,,204.0,81.8,88.1,17.1,70.2,139.0,14.0,1.0,0.0,39.0,32.6,Ndma,Tourism & Hospitality,39,0.79,1.95,2.31,Iesco,380,4,36.5,2.8,7.0,Elevated (Heat Stress),70,Extreme (Humid),6.1,15.9,ILO Labor Models (2019/2030); BMJ Global Health (2024),300,,,
murree,2023-07-30,Summer (May-Jul),24.85,0.17,0.92,0.97,2023,7,July,21.4,12.3,16.9,82.0,23.0,1.1,8.5,28.45,0.17,3.24,-3.07,Severe Deficit (Water Loss),,,,,,204.0,81.8,88.1,17.1,70.2,139.0,14.0,1.0,0.0,39.0,32.6,Ndma,Tourism & Hospitality,39,0.79,1.95,2.31,Iesco,380,4,36.5,2.8,7.0,Elevated (Heat Stress),70,Extreme (Humid),6.1,15.9,ILO Labor Models (2019/2030); BMJ Global Health (2024),300,,,
murree,2023-07-31,Summer (May-Jul),25.62,7.51,0.93,0.96,2023,7,July,21.4,13.1,17.0,83.0,23.3,6.1,10.6,28.47,7.51,4.08,3.43,Surplus (Recharging),,,,,,204.0,81.8,88.1,17.1,70.2,139.0,14.0,1.0,0.0,39.0,32.6,Ndma,Tourism & Hospitality,39,0.79,1.95,2.31,Iesco,380,4,36.5,2.8,7.0,Elevated (Heat Stress),70,Extreme (Humid),6.1,15.9,ILO Labor Models (2019/2030); BMJ Global Health (2024),300,,,
murree,2023-12-01,Winter (Dec-Jan),11.59,1.69,0.74,0.71,2023,12,,,,,,,,,,,,,,,,,,,,,,,,,,,,,,,Tourism & Hospitality,0,0.0,0.0,0.0,Iesco,380,4,20.5,0.0,0.0,Baseline,65,Safe,0.0,0.0,ILO Labor Models (2019/2030); BMJ Global Health (2024),300,,,
murree,2023-12-02,Winter (Dec-Jan),12.23,0.0,0.71,0.71,2023,12,,,,,,,,,,,,,,,,,,,,,,,,,,,,,,,Tourism & Hospitality,0,0.0,0.0,0.0,Iesco,380,4,20.5,0.0,0.0,Baseline,65,Safe,0.0,0.0,ILO Labor Models (2019/2030); BMJ Global Health (2024),300,,,
murree,2023-12-03,Winter (Dec-Jan),12.45,0.0,0.71,0.7,2023,12,,,,,,,,,,,,,,,,,,,,,,,,,,,,,,,Tourism & Hospitality,0,0.0,0.0,0.0,Iesco,380,4,20.5,0.0,0.0,Baseline,65,Safe,0.0,0.0,ILO Labor Models (2019/2030); BMJ Global Health (2024),300,,,
murree,2023-12-04,Winter (Dec-Jan),12.29,0.0,0.71,0.7,2023,12,,,,,,,,,,,,,,,,,,,,,,,,,,,,,,,Tourism & Hospitality,0,0.0,0.0,0.0,Iesco,380,4,20.5,0.0,0.0,Baseline,65,Safe,0.0,0.0,ILO Labor Models (2019/2030); BMJ Global Health (2024),300,,,
murree,2023-12-05,Winter (Dec-Jan),11.74,0.0,0.7,0.7,2023,12,,,,,,,,,,,,,,,,,,,,,,,,,,,,,,,Tourism & Hospitality,0,0.0,0.0,0.0,Iesco,380,4,20.5,0.0,0.0,Baseline,65,Safe,0.0,0.0,ILO Labor Models (2019/2030); BMJ Global Health (2024),300,,,
murree,2023-12-06,Winter (Dec-Jan),11.55,0.0,0.7,0.7,2023,12,,,,,,,,,,,,,,,,,,,,,,,,,,,,,,,Tourism & Hospitality,0,0.0,0.0,0.0,Iesco,380,4,20.5,0.0,0.0,Baseline,65,Safe,0.0,0.0,ILO Labor Models (2019/2030); BMJ Global Health (2024),300,,,
murree,2023-12-07,Winter (Dec-Jan),12.93,0.0,0.7,0.69,2023,12,,,,,,,,,,,,,,,,,,,,,,,,,,,,,,,Tourism & Hospitality,0,0.0,0.0,0.0,Iesco,380,4,20.5,0.0,0.0,Baseline,65,Safe,0.0,0.0,ILO Labor Models (2019/2030); BMJ Global Health (2024),300,,,
murree,2023-12-08,Winter (Dec-Jan),11.75,0.0,0.69,0.69,2023,12,,,,,,,,,,,,,,,,,,,,,,,,,,,,,,,Tourism & Hospitality,0,0.0,0.0,0.0,Iesco,380,4,20.5,0.0,0.0,Baseline,65,Safe,0.0,0.0,ILO Labor Models (2019/2030); BMJ Global Health (2024),300,,,
murree,2023-12-09,Winter (Dec-Jan),11.91,0.0,0.69,0.69,2023,12,,,,,,,,,,,,,,,,,,,,,,,,,,,,,,,Tourism & Hospitality,0,0.0,0.0,0.0,Iesco,380,4,20.5,0.0,0.0,Baseline,65,Safe,0.0,0.0,ILO Labor Models (2019/2030); BMJ Global Health (2024),300,,,
murree,2023-12-10,Winter (Dec-Jan),11.97,0.0,0.69,0.69,2023,12,,,,,,,,,,,,,,,,,,,,,,,,,,,,,,,Tourism & Hospitality,0,0.0,0.0,0.0,Iesco,380,4,20.5,0.0,0.0,Baseline,65,Safe,0.0,0.0,ILO Labor Models (2019/2030); BMJ Global Health (2024),300,,,
murree,2023-12-11,Winter (Dec-Jan),10.95,0.0,0.68,0.68,2023,12,,,,,,,,,,,,,,,,,,,,,,,,,,,,,,,Tourism & Hospitality,0,0.0,0.0,0.0,Iesco,380,4,20.5,0.0,0.0,Baseline,65,Safe,0.0,0.0,ILO Labor Models (2019/2030); BMJ Global Health (2024),300,,,
murree,2023-12-12,Winter (Dec-Jan),9.99,0.0,0.68,0.68,2023,12,,,,,,,,,,,,,,,,,,,,,,,,,,,,,,,Tourism & Hospitality,0,0.0,0.0,0.0,Iesco,380,4,20.5,0.0,0.0,Baseline,65,Safe,0.0,0.0,ILO Labor Models (2019/2030); BMJ Global Health (2024),300,,,
murree,2023-12-13,Winter (Dec-Jan),9.67,0.0,0.68,0.68,2023,12,,,,,,,,,,,,,,,,,,,,,,,,,,,,,,,Tourism & Hospitality,0,0.0,0.0,0.0,Iesco,380,4,20.5,0.0,0.0,Baseline,65,Safe,0.0,0.0,ILO Labor Models (2019/2030); BMJ Global Health (2024),300,,,
murree,2023-12-14,Winter (Dec-Jan),10.33,0.0,0.68,0.68,2023,12,,,,,,,,,,,,,,,,,,,,,,,,,,,,,,,Tourism & Hospitality,0,0.0,0.0,0.0,Iesco,380,4,20.5,0.0,0.0,Baseline,65,Safe,0.0,0.0,ILO Labor Models (2019/2030); BMJ Global Health (2024),300,,,
murree,2023-12-15,Winter (Dec-Jan),10.72,0.0,0.67,0.68,2023,12,,,,,,,,,,,,,,,,,,,,,,,,,,,,,,,Tourism & Hospitality,0,0.0,0.0,0.0,Iesco,380,4,20.5,0.0,0.0,Baseline,65,Safe,0.0,0.0,ILO Labor Models (2019/2030); BMJ Global Health (2024),300,,,
murree,2023-12-16,Winter (Dec-Jan),8.7,0.85,0.67,0.68,2023,12,,,,,,,,,,,,,,,,,,,,,,,,,,,,,,,Tourism & Hospitality,0,0.0,0.0,0.0,Iesco,380,4,20.5,0.0,0.0,Baseline,65,Safe,0.0,0.0,ILO Labor Models (2019/2030); BMJ Global Health (2024),300,,,
murree,2023-12-17,Winter (Dec-Jan),8.24,0.01,0.67,0.68,2023,12,,,,,,,,,,,,,,,,,,,,,,,,,,,,,,,Tourism & Hospitality,0,0.0,0.0,0.0,Iesco,380,4,20.5,0.0,0.0,Baseline,65,Safe,0.0,0.0,ILO Labor Models (2019/2030); BMJ Global Health (2024),300,,,
murree,2023-12-18,Winter (Dec-Jan),9.82,0.0,0.67,0.67,2023,12,,,,,,,,,,,,,,,,,,,,,,,,,,,,,,,Tourism & Hospitality,0,0.0,0.0,0.0,Iesco,380,4,20.5,0.0,0.0,Baseline,65,Safe,0.0,0.0,ILO Labor Models (2019/2030); BMJ Global Health (2024),300,,,
murree,2023-12-19,Winter (Dec-Jan),11.58,0.0,0.66,0.67,2023,12,,,,,,,,,,,,,,,,,,,,,,,,,,,,,,,Tourism & Hospitality,0,0.0,0.0,0.0,Iesco,380,4,20.5,0.0,0.0,Baseline,65,Safe,0.0,0.0,ILO Labor Models (2019/2030); BMJ Global Health (2024),300,,,
murree,2023-12-20,Winter (Dec-Jan),13.08,0.0,0.66,0.67,2023,12,,,,,,,,,,,,,,,,,,,,,,,,,,,,,,,Tourism & Hospitality,0,0.0,0.0,0.0,Iesco,380,4,20.5,0.0,0.0,Baseline,65,Safe,0.0,0.0,ILO Labor Models (2019/2030); BMJ Global Health (2024),300,,,
murree,2023-12-21,Winter (Dec-Jan),13.83,0.0,0.66,0.67,2023,12,,,,,,,,,,,,,,,,,,,,,,,,,,,,,,,Tourism & Hospitality,0,0.0,0.0,0.0,Iesco,380,4,20.5,0.0,0.0,Baseline,65,Safe,0.0,0.0,ILO Labor Models (2019/2030); BMJ Global Health (2024),300,,,
murree,2023-12-22,Winter (Dec-Jan),13.35,0.0,0.65,0.67,2023,12,,,,,,,,,,,,,,,,,,,,,,,,,,,,,,,Tourism & Hospitality,0,0.0,0.0,0.0,Iesco,380,4,20.5,0.0,0.0,Baseline,65,Safe,0.0,0.0,ILO Labor Models (2019/2030); BMJ Global Health (2024),300,,,
murree,2023-12-23,Winter (Dec-Jan),13.11,0.38,0.65,0.66,2023,12,,,,,,,,,,,,,,,,,,,,,,,,,,,,,,,Tourism & Hospitality,0,0.0,0.0,0.0,Iesco,380,4,20.5,0.0,0.0,Baseline,65,Safe,0.0,0.0,ILO Labor Models (2019/2030); BMJ Global Health (2024),300,,,
murree,2023-12-24,Winter (Dec-Jan),12.55,0.5,0.65,0.66,2023,12,,,,,,,,,,,,,,,,,,,,,,,,,,,,,,,Tourism & Hospitality,0,0.0,0.0,0.0,Iesco,380,4,20.5,0.0,0.0,Baseline,65,Safe,0.0,0.0,ILO Labor Models (2019/2030); BMJ Global Health (2024),300,,,
murree,2023-12-25,Winter (Dec-Jan),13.6,0.0,0.65,0.66,2023,12,,,,,,,,,,,,,,,,,,,,,,,,,,,,,,,Tourism & Hospitality,0,0.0,0.0,0.0,Iesco,380,4,20.5,0.0,0.0,Baseline,65,Safe,0.0,0.0,ILO Labor Models (2019/2030); BMJ Global Health (2024),300,,,
murree,2023-12-26,Winter (Dec-Jan),13.16,0.0,0.65,0.66,2023,12,,,,,,,,,,,,,,,,,,,,,,,,,,,,,,,Tourism & Hospitality,0,0.0,0.0,0.0,Iesco,380,4,20.5,0.0,0.0,Baseline,65,Safe,0.0,0.0,ILO Labor Models (2019/2030); BMJ Global Health (2024),300,,,
murree,2023-12-27,Winter (Dec-Jan),13.02,0.0,0.64,0.66,2023,12,,,,,,,,,,,,,,,,,,,,,,,,,,,,,,,Tourism & Hospitality,0,0.0,0.0,0.0,Iesco,380,4,20.5,0.0,0.0,Baseline,65,Safe,0.0,0.0,ILO Labor Models (2019/2030); BMJ Global Health (2024),300,,,
murree,2023-12-28,Winter (Dec-Jan),12.99,0.0,0.64,0.66,2023,12,,,,,,,,,,,,,,,,,,,,,,,,,,,,,,,Tourism & Hospitality,0,0.0,0.0,0.0,Iesco,380,4,20.5,0.0,0.0,Baseline,65,Safe,0.0,0.0,ILO Labor Models (2019/2030); BMJ Global Health (2024),300,,,
murree,2023-12-29,Winter (Dec-Jan),11.66,0.0,0.64,0.65,2023,12,,,,,,,,,,,,,,,,,,,,,,,,,,,,,,,Tourism & Hospitality,0,0.0,0.0,0.0,Iesco,380,4,20.5,0.0,0.0,Baseline,65,Safe,0.0,0.0,ILO Labor Models (2019/2030); BMJ Global Health (2024),300,,,
murree,2023-12-30,Winter (Dec-Jan),10.47,0.0,0.64,0.65,2023,12,,,,,,,,,,,,,,,,,,,,,,,,,,,,,,,Tourism & Hospitality,0,0.0,0.0,0.0,Iesco,380,4,20.5,0.0,0.0,Baseline,65,Safe,0.0,0.0,ILO Labor Models (2019/2030); BMJ Global Health (2024),300,,,
murree,2023-12-31,Winter (Dec-Jan),11.37,0.0,0.64,0.65,2023,12,,,,,,,,,,,,,,,,,,,,,,,,,,,,,,,Tourism & Hospitality,0,0.0,0.0,0.0,Iesco,380,4,20.5,0.0,0.0,Baseline,65,Safe,0.0,0.0,ILO Labor Models (2019/2030); BMJ Global Health (2024),300,,,
murree,2024-01-01,Winter (Dec-Jan),10.37,0.0,0.64,0.65,2024,1,,,,,,,,,,,,,,,,,,,,,,,,,,,,,,,Tourism & Hospitality,0,0.0,0.0,0.0,Iesco,385,4,19.5,0.0,0.0,Baseline,65,Safe,0.0,0.0,ILO Labor Models (2019/2030); BMJ Global Health (2024),400,,,
murree,2024-01-02,Winter (Dec-Jan),9.86,0.0,0.64,0.65,2024,1,,,,,,,,,,,,,,,,,,,,,,,,,,,,,,,Tourism & Hospitality,0,0.0,0.0,0.0,Iesco,385,4,19.5,0.0,0.0,Baseline,65,Safe,0.0,0.0,ILO Labor Models (2019/2030); BMJ Global Health (2024),400,,,
murree,2024-01-03,Winter (Dec-Jan),9.49,0.0,0.63,0.65,2024,1,,,,,,,,,,,,,,,,,,,,,,,,,,,,,,,Tourism & Hospitality,0,0.0,0.0,0.0,Iesco,385,4,19.5,0.0,0.0,Baseline,65,Safe,0.0,0.0,ILO Labor Models (2019/2030); BMJ Global Health (2024),400,,,
murree,2024-01-04,Winter (Dec-Jan),10.37,0.0,0.63,0.65,2024,1,,,,,,,,,,,,,,,,,,,,,,,,,,,,,,,Tourism & Hospitality,0,0.0,0.0,0.0,Iesco,385,4,19.5,0.0,0.0,Baseline,65,Safe,0.0,0.0,ILO Labor Models (2019/2030); BMJ Global Health (2024),400,,,
murree,2024-01-05,Winter (Dec-Jan),9.26,0.0,0.63,0.65,2024,1,,,,,,,,,,,,,,,,,,,,,,,,,,,,,,,Tourism & Hospitality,0,0.0,0.0,0.0,Iesco,385,4,19.5,0.0,0.0,Baseline,65,Safe,0.0,0.0,ILO Labor Models (2019/2030); BMJ Global Health (2024),400,,,
murree,2024-01-06,Winter (Dec-Jan),9.21,0.0,0.63,0.65,2024,1,,,,,,,,,,,,,,,,,,,,,,,,,,,,,,,Tourism & Hospitality,0,0.0,0.0,0.0,Iesco,385,4,19.5,0.0,0.0,Baseline,65,Safe,0.0,0.0,ILO Labor Models (2019/2030); BMJ Global Health (2024),400,,,
murree,2024-01-07,Winter (Dec-Jan),9.77,0.0,0.63,0.64,2024,1,,,,,,,,,,,,,,,,,,,,,,,,,,,,,,,Tourism & Hospitality,0,0.0,0.0,0.0,Iesco,385,4,19.5,0.0,0.0,Baseline,65,Safe,0.0,0.0,ILO Labor Models (2019/2030); BMJ Global Health (2024),400,,,
murree,2024-01-08,Winter (Dec-Jan),9.01,0.0,0.63,0.64,2024,1,,,,,,,,,,,,,,,,,,,,,,,,,,,,,,,Tourism & Hospitality,0,0.0,0.0,0.0,Iesco,385,4,19.5,0.0,0.0,Baseline,65,Safe,0.0,0.0,ILO Labor Models (2019/2030); BMJ Global Health (2024),400,,,
murree,2024-01-09,Winter (Dec-Jan),10.12,0.0,0.62,0.64,2024,1,,,,,,,,,,,,,,,,,,,,,,,,,,,,,,,Tourism & Hospitality,0,0.0,0.0,0.0,Iesco,385,4,19.5,0.0,0.0,Baseline,65,Safe,0.0,0.0,ILO Labor Models (2019/2030); BMJ Global Health (2024),400,,,
murree,2024-01-10,Winter (Dec-Jan),10.13,0.0,0.62,0.64,2024,1,,,,,,,,,,,,,,,,,,,,,,,,,,,,,,,Tourism & Hospitality,0,0.0,0.0,0.0,Iesco,385,4,19.5,0.0,0.0,Baseline,65,Safe,0.0,0.0,ILO Labor Models (2019/2030); BMJ Global Health (2024),400,,,
murree,2024-01-11,Winter (Dec-Jan),10.54,0.0,0.62,0.64,2024,1,,,,,,,,,,,,,,,,,,,,,,,,,,,,,,,Tourism & Hospitality,0,0.0,0.0,0.0,Iesco,385,4,19.5,0.0,0.0,Baseline,65,Safe,0.0,0.0,ILO Labor Models (2019/2030); BMJ Global Health (2024),400,,,
murree,2024-01-12,Winter (Dec-Jan),12.12,0.0,0.62,0.64,2024,1,,,,,,,,,,,,,,,,,,,,,,,,,,,,,,,Tourism & Hospitality,0,0.0,0.0,0.0,Iesco,385,4,19.5,0.0,0.0,Baseline,65,Safe,0.0,0.0,ILO Labor Models (2019/2030); BMJ Global Health (2024),400,,,
murree,2024-01-13,Winter (Dec-Jan),12.07,0.0,0.62,0.64,2024,1,,,,,,,,,,,,,,,,,,,,,,,,,,,,,,,Tourism & Hospitality,0,0.0,0.0,0.0,Iesco,385,4,19.5,0.0,0.0,Baseline,65,Safe,0.0,0.0,ILO Labor Models (2019/2030); BMJ Global Health (2024),400,,,
murree,2024-01-14,Winter (Dec-Jan),11.17,0.0,0.61,0.63,2024,1,,,,,,,,,,,,,,,,,,,,,,,,,,,,,,,Tourism & Hospitality,0,0.0,0.0,0.0,Iesco,385,4,19.5,0.0,0.0,Baseline,65,Safe,0.0,0.0,ILO Labor Models (2019/2030); BMJ Global Health (2024),400,,,
murree,2024-01-15,Winter (Dec-Jan),10.57,0.0,0.61,0.63,2024,1,,,,,,,,,,,,,,,,,,,,,,,,,,,,,,,Tourism & Hospitality,0,0.0,0.0,0.0,Iesco,385,4,19.5,0.0,0.0,Baseline,65,Safe,0.0,0.0,ILO Labor Models (2019/2030); BMJ Global Health (2024),400,,,
murree,2024-01-16,Winter (Dec-Jan),9.1,0.0,0.61,0.63,2024,1,,,,,,,,,,,,,,,,,,,,,,,,,,,,,,,Tourism & Hospitality,0,0.0,0.0,0.0,Iesco,385,4,19.5,0.0,0.0,Baseline,65,Safe,0.0,0.0,ILO Labor Models (2019/2030); BMJ Global Health (2024),400,,,
murree,2024-01-17,Winter (Dec-Jan),9.37,0.0,0.61,0.63,2024,1,,,,,,,,,,,,,,,,,,,,,,,,,,,,,,,Tourism & Hospitality,0,0.0,0.0,0.0,Iesco,385,4,19.5,0.0,0.0,Baseline,65,Safe,0.0,0.0,ILO Labor Models (2019/2030); BMJ Global Health (2024),400,,,
murree,2024-01-18,Winter (Dec-Jan),9.96,0.0,0.61,0.63,2024,1,,,,,,,,,,,,,,,,,,,,,,,,,,,,,,,Tourism & Hospitality,0,0.0,0.0,0.0,Iesco,385,4,19.5,0.0,0.0,Baseline,65,Safe,0.0,0.0,ILO Labor Models (2019/2030); BMJ Global Health (2024),400,,,
murree,2024-01-19,Winter (Dec-Jan),9.98,0.0,0.61,0.63,2024,1,,,,,,,,,,,,,,,,,,,,,,,,,,,,,,,Tourism & Hospitality,0,0.0,0.0,0.0,Iesco,385,4,19.5,0.0,0.0,Baseline,65,Safe,0.0,0.0,ILO Labor Models (2019/2030); BMJ Global Health (2024),400,,,
murree,2024-01-20,Winter (Dec-Jan),8.81,0.0,0.61,0.63,2024,1,,,,,,,,,,,,,,,,,,,,,,,,,,,,,,,Tourism & Hospitality,0,0.0,0.0,0.0,Iesco,385,4,19.5,0.0,0.0,Baseline,65,Safe,0.0,0.0,ILO Labor Models (2019/2030); BMJ Global Health (2024),400,,,
murree,2024-01-21,Winter (Dec-Jan),9.37,0.0,0.61,0.62,2024,1,,,,,,,,,,,,,,,,,,,,,,,,,,,,,,,Tourism & Hospitality,0,0.0,0.0,0.0,Iesco,385,4,19.5,0.0,0.0,Baseline,65,Safe,0.0,0.0,ILO Labor Models (2019/2030); BMJ Global Health (2024),400,,,
murree,2024-01-22,Winter (Dec-Jan),8.77,0.0,0.6,0.62,2024,1,,,,,,,,,,,,,,,,,,,,,,,,,,,,,,,Tourism & Hospitality,0,0.0,0.0,0.0,Iesco,385,4,19.5,0.0,0.0,Baseline,65,Safe,0.0,0.0,ILO Labor Models (2019/2030); BMJ Global Health (2024),400,,,
murree,2024-01-23,Winter (Dec-Jan),8.13,0.0,0.6,0.62,2024,1,,,,,,,,,,,,,,,,,,,,,,,,,,,,,,,Tourism & Hospitality,0,0.0,0.0,0.0,Iesco,385,4,19.5,0.0,0.0,Baseline,65,Safe,0.0,0.0,ILO Labor Models (2019/2030); BMJ Global Health (2024),400,,,
murree,2024-01-24,Winter (Dec-Jan),7.75,0.0,0.6,0.62,2024,1,,,,,,,,,,,,,,,,,,,,,,,,,,,,,,,Tourism & Hospitality,0,0.0,0.0,0.0,Iesco,385,4,19.5,0.0,0.0,Baseline,65,Safe,0.0,0.0,ILO Labor Models (2019/2030); BMJ Global Health (2024),400,,,
murree,2024-01-25,Winter (Dec-Jan),8.67,0.0,0.6,0.62,2024,1,,,,,,,,,,,,,,,,,,,,,,,,,,,,,,,Tourism & Hospitality,0,0.0,0.0,0.0,Iesco,385,4,19.5,0.0,0.0,Baseline,65,Safe,0.0,0.0,ILO Labor Models (2019/2030); BMJ Global Health (2024),400,,,
murree,2024-01-26,Winter (Dec-Jan),7.96,0.01,0.6,0.62,2024,1,,,,,,,,,,,,,,,,,,,,,,,,,,,,,,,Tourism & Hospitality,0,0.0,0.0,0.0,Iesco,385,4,19.5,0.0,0.0,Baseline,65,Safe,0.0,0.0,ILO Labor Models (2019/2030); BMJ Global Health (2024),400,,,
murree,2024-01-27,Winter (Dec-Jan),10.48,0.0,0.6,0.62,2024,1,,,,,,,,,,,,,,,,,,,,,,,,,,,,,,,Tourism & Hospitality,0,0.0,0.0,0.0,Iesco,385,4,19.5,0.0,0.0,Baseline,65,Safe,0.0,0.0,ILO Labor Models (2019/2030); BMJ Global Health (2024),400,,,
murree,2024-01-28,Winter (Dec-Jan),9.45,4.78,0.62,0.62,2024,1,,,,,,,,,,,,,,,,,,,,,,,,,,,,,,,Tourism & Hospitality,0,0.0,0.0,0.0,Iesco,385,4,19.5,0.0,0.0,Baseline,65,Safe,0.0,0.0,ILO Labor Models (2019/2030); BMJ Global Health (2024),400,,,
murree,2024-01-29,Winter (Dec-Jan),9.08,2.75,0.63,0.63,2024,1,,,,,,,,,,,,,,,,,,,,,,,,,,,,,,,Tourism & Hospitality,0,0.0,0.0,0.0,Iesco,385,4,19.5,0.0,0.0,Baseline,65,Safe,0.0,0.0,ILO Labor Models (2019/2030); BMJ Global Health (2024),400,,,
murree,2024-01-30,Winter (Dec-Jan),9.74,6.97,0.63,0.63,2024,1,,,,,,,,,,,,,,,,,,,,,,,,,,,,,,,Tourism & Hospitality,0,0.0,0.0,0.0,Iesco,385,4,19.5,0.0,0.0,Baseline,65,Safe,0.0,0.0,ILO Labor Models (2019/2030); BMJ Global Health (2024),400,,,
murree,2024-01-31,Winter (Dec-Jan),8.2,19.66,0.7,0.65,2024,1,,,,,,,,,,,,,,,,,,,,,,,,,,,,,,,Tourism & Hospitality,0,0.0,0.0,0.0,Iesco,385,4,19.5,0.0,0.0,Baseline,65,Safe,0.0,0.0,ILO Labor Models (2019/2030); BMJ Global Health (2024),400,,,
murree,2024-05-01,Summer (May-Jul),17.29,0.07,0.84,0.84,2024,5,,,,,,,,,22.73,0.07,3.68,-3.61,Severe Deficit (Water Loss),,,,,,,,,,,,,,,,,,Tourism & Hospitality,43,0.86,2.15,2.77,Iesco,275,3,39.0,3.62,9.1,Critical (High Er Visits),30,Extreme,5.2,13.5,ILO Labor Models (2019/2030); BMJ Global Health (2024),400,,,
murree,2024-05-02,Summer (May-Jul),19.77,0.0,0.83,0.83,2024,5,,,,,,,,,25.36,0.0,4.45,-4.45,Severe Deficit (Water Loss),,,,,,,,,,,,,,,,,,Tourism & Hospitality,43,0.86,2.15,2.77,Iesco,275,3,39.0,3.62,9.1,Critical (High Er Visits),30,Extreme,5.2,13.5,ILO Labor Models (2019/2030); BMJ Global Health (2024),400,,,
murree,2024-05-03,Summer (May-Jul),19.95,0.42,0.83,0.82,2024,5,,,,,,,,,25.45,0.42,3.07,-2.65,Severe Deficit (Water Loss),,,,,,,,,,,,,,,,,,Tourism & Hospitality,43,0.86,2.15,2.77,Iesco,275,3,39.0,3.62,9.1,Critical (High Er Visits),30,Extreme,5.2,13.5,ILO Labor Models (2019/2030); BMJ Global Health (2024),400,,,
murree,2024-05-04,Summer (May-Jul),19.58,0.08,0.82,0.82,2024,5,,,,,,,,,25.83,0.08,2.75,-2.67,Severe Deficit (Water Loss),,,,,,,,,,,,,,,,,,Tourism & Hospitality,43,0.86,2.15,2.77,Iesco,275,3,39.0,3.62,9.1,Critical (High Er Visits),30,Extreme,5.2,13.5,ILO Labor Models (2019/2030); BMJ Global Health (2024),400,,,
murree,2024-05-05,Summer (May-Jul),21.48,0.0,0.81,0.81,2024,5,,,,,,,,,26.72,0.0,5.05,-5.05,Severe Deficit (Water Loss),,,,,,,,,,,,,,,,,,Tourism & Hospitality,43,0.86,2.15,2.77,Iesco,275,3,39.0,3.62,9.1,Critical (High Er Visits),30,Extreme,5.2,13.5,ILO Labor Models (2019/2030); BMJ Global Health (2024),400,,,
murree,2024-05-06,Summer (May-Jul),23.78,0.0,0.8,0.8,2024,5,,,,,,,,,29.68,0.0,6.06,-6.06,Severe Deficit (Water Loss),,,,,,,,,,,,,,,,,,Tourism & Hospitality,43,0.86,2.15,2.77,Iesco,275,3,39.0,3.62,9.1,Critical (High Er Visits),30,Extreme,5.2,13.5,ILO Labor Models (2019/2030); BMJ Global Health (2024),400,,,
murree,2024-05-07,Summer (May-Jul),24.88,0.0,0.79,0.79,2024,5,,,,,,,,,30.67,0.0,6.23,-6.23,Severe Deficit (Water Loss),,,,,,,,,,,,,,,,,,Tourism & Hospitality,43,0.86,2.15,2.77,Iesco,275,3,39.0,3.62,9.1,Critical (High Er Visits),30,Extreme,5.2,13.5,ILO Labor Models (2019/2030); BMJ Global Health (2024),400,,,
murree,2024-05-08,Summer (May-Jul),25.91,0.0,0.78,0.78,2024,5,,,,,,,,,32.1,0.0,6.28,-6.28,Severe Deficit (Water Loss),,,,,,,,,,,,,,,,,,Tourism & Hospitality,43,0.86,2.15,2.77,Iesco,275,3,39.0,3.62,9.1,Critical (High Er Visits),30,Extreme,5.2,13.5,ILO Labor Models (2019/2030); BMJ Global Health (2024),400,,,
murree,2024-05-09,Summer (May-Jul),25.86,0.37,0.77,0.77,2024,5,,,,,,,,,31.75,0.37,6.1,-5.73,Severe Deficit (Water Loss),,,,,,,,,,,,,,,,,,Tourism & Hospitality,43,0.86,2.15,2.77,Iesco,275,3,39.0,3.62,9.1,Critical (High Er Visits),30,Extreme,5.2,13.5,ILO Labor Models (2019/2030); BMJ Global Health (2024),400,,,
murree,2024-05-10,Summer (May-Jul),25.02,13.33,0.8,0.77,2024,5,,,,,,,,,30.58,13.33,4.61,8.72,Surplus (Recharging),,,,,,,,,,,,,,,,,,Tourism & Hospitality,43,0.86,2.15,2.77,Iesco,275,3,39.0,3.62,9.1,Critical (High Er Visits),30,Extreme,5.2,13.5,ILO Labor Models (2019/2030); BMJ Global Health (2024),400,,,
murree,2024-05-11,Summer (May-Jul),24.6,1.86,0.78,0.77,2024,5,,,,,,,,,28.63,1.86,4.36,-2.5,Severe Deficit (Water Loss),,,,,,,,,,,,,,,,,,Tourism & Hospitality,43,0.86,2.15,2.77,Iesco,275,3,39.0,3.62,9.1,Critical (High Er Visits),30,Extreme,5.2,13.5,ILO Labor Models (2019/2030); BMJ Global Health (2024),400,,,
murree,2024-05-12,Summer (May-Jul),21.32,16.76,0.82,0.78,2024,5,,,,,,,,,25.54,16.76,2.91,13.85,Surplus (Recharging),,,,,,,,,,,,,,,,,,Tourism & Hospitality,43,0.86,2.15,2.77,Iesco,275,3,39.0,3.62,9.1,Critical (High Er Visits),30,Extreme,5.2,13.5,ILO Labor Models (2019/2030); BMJ Global Health (2024),400,,,
murree,2024-05-13,Summer (May-Jul),21.5,0.0,0.79,0.78,2024,5,,,,,,,,,27.22,0.0,5.92,-5.92,Severe Deficit (Water Loss),,,,,,,,,,,,,,,,,,Tourism & Hospitality,43,0.86,2.15,2.77,Iesco,275,3,39.0,3.62,9.1,Critical (High Er Visits),30,Extreme,5.2,13.5,ILO Labor Models (2019/2030); BMJ Global Health (2024),400,,,
murree,2024-05-14,Summer (May-Jul),23.73,0.0,0.77,0.77,2024,5,,,,,,,,,28.98,0.0,5.98,-5.98,Severe Deficit (Water Loss),,,,,,,,,,,,,,,,,,Tourism & Hospitality,43,0.86,2.15,2.77,Iesco,275,3,39.0,3.62,9.1,Critical (High Er Visits),30,Extreme,5.2,13.5,ILO Labor Models (2019/2030); BMJ Global Health (2024),400,,,
murree,2024-05-15,Summer (May-Jul),25.78,0.0,0.75,0.75,2024,5,,,,,,,,,31.69,0.0,6.29,-6.29,Severe Deficit (Water Loss),,,,,,,,,,,,,,,,,,Tourism & Hospitality,43,0.86,2.15,2.77,Iesco,275,3,39.0,3.62,9.1,Critical (High Er Visits),30,Extreme,5.2,13.5,ILO Labor Models (2019/2030); BMJ Global Health (2024),400,,,
murree,2024-05-16,Summer (May-Jul),26.05,0.0,0.74,0.74,2024,5,,,,,,,,,32.2,0.0,6.05,-6.05,Severe Deficit (Water Loss),,,,,,,,,,,,,,,,,,Tourism & Hospitality,43,0.86,2.15,2.77,Iesco,275,3,39.0,3.62,9.1,Critical (High Er Visits),30,Extreme,5.2,13.5,ILO Labor Models (2019/2030); BMJ Global Health (2024),400,,,
murree,2024-05-17,Summer (May-Jul),26.91,0.0,0.73,0.73,2024,5,,,,,,,,,32.87,0.0,6.06,-6.06,Severe Deficit (Water Loss),,,,,,,,,,,,,,,,,,Tourism & Hospitality,43,0.86,2.15,2.77,Iesco,275,3,39.0,3.62,9.1,Critical (High Er Visits),30,Extreme,5.2,13.5,ILO Labor Models (2019/2030); BMJ Global Health (2024),400,,,
murree,2024-05-18,Summer (May-Jul),26.44,0.03,0.71,0.72,2024,5,,,,,,,,,31.8,0.03,5.97,-5.94,Severe Deficit (Water Loss),,,,,,,,,,,,,,,,,,Tourism & Hospitality,43,0.86,2.15,2.77,Iesco,275,3,39.0,3.62,9.1,Critical (High Er Visits),30,Extreme,5.2,13.5,ILO Labor Models (2019/2030); BMJ Global Health (2024),400,,,
murree,2024-05-19,Summer (May-Jul),26.71,0.27,0.7,0.71,2024,5,,,,,,,,,31.76,0.27,6.15,-5.88,Severe Deficit (Water Loss),,,,,,,,,,,,,,,,,,Tourism & Hospitality,43,0.86,2.15,2.77,Iesco,275,3,39.0,3.62,9.1,Critical (High Er Visits),30,Extreme,5.2,13.5,ILO Labor Models (2019/2030); BMJ Global Health (2024),400,,,
murree,2024-05-20,Summer (May-Jul),27.26,0.01,0.69,0.7,2024,5,,,,,,,,,33.4,0.01,6.24,-6.23,Severe Deficit (Water Loss),,,,,,,,,,,,,,,,,,Tourism & Hospitality,43,0.86,2.15,2.77,Iesco,275,3,39.0,3.62,9.1,Critical (High Er Visits),30,Extreme,5.2,13.5,ILO Labor Models (2019/2030); BMJ Global Health (2024),400,,,
murree,2024-05-21,Summer (May-Jul),26.64,0.0,0.68,0.69,2024,5,,,,,,,,,32.46,0.0,5.92,-5.92,Severe Deficit (Water Loss),,,,,,,,,,,,,,,,,,Tourism & Hospitality,43,0.86,2.15,2.77,Iesco,275,3,39.0,3.62,9.1,Critical (High Er Visits),30,Extreme,5.2,13.5,ILO Labor Models (2019/2030); BMJ Global Health (2024),400,,,
murree,2024-05-22,Summer (May-Jul),28.41,0.0,0.66,0.68,2024,5,,,,,,,,,34.97,0.0,5.54,-5.54,Severe Deficit (Water Loss),,,,,,,,,,,,,,,,,,Tourism & Hospitality,43,0.86,2.15,2.77,Iesco,275,3,39.0,3.62,9.1,Critical (High Er Visits),30,Extreme,5.2,13.5,ILO Labor Models (2019/2030); BMJ Global Health (2024),400,,,
murree,2024-05-23,Summer (May-Jul),27.93,0.0,0.65,0.67,2024,5,,,,,,,,,34.75,0.0,4.48,-4.48,Severe Deficit (Water Loss),,,,,,,,,,,,,,,,,,Tourism & Hospitality,43,0.86,2.15,2.77,Iesco,275,3,39.0,3.62,9.1,Critical (High Er Visits),30,Extreme,5.2,13.5,ILO Labor Models (2019/2030); BMJ Global Health (2024),400,,,
murree,2024-05-24,Summer (May-Jul),27.5,1.19,0.64,0.66,2024,5,,,,,,,,,33.72,1.19,3.89,-2.7,Severe Deficit (Water Loss),,,,,,,,,,,,,,,,,,Tourism & Hospitality,43,0.86,2.15,2.77,Iesco,275,3,39.0,3.62,9.1,Critical (High Er Visits),30,Extreme,5.2,13.5,ILO Labor Models (2019/2030); BMJ Global Health (2024),400,,,
murree,2024-05-25,Summer (May-Jul),27.32,0.06,0.62,0.65,2024,5,,,,,,,,,33.51,0.06,3.74,-3.68,Severe Deficit (Water Loss),,,,,,,,,,,,,,,,,,Tourism & Hospitality,43,0.86,2.15,2.77,Iesco,275,3,39.0,3.62,9.1,Critical (High Er Visits),30,Extreme,5.2,13.5,ILO Labor Models (2019/2030); BMJ Global Health (2024),400,,,
murree,2024-05-26,Summer (May-Jul),28.36,0.0,0.61,0.65,2024,5,,,,,,,,,34.86,0.0,3.45,-3.45,Severe Deficit (Water Loss),,,,,,,,,,,,,,,,,,Tourism & Hospitality,43,0.86,2.15,2.77,Iesco,275,3,39.0,3.62,9.1,Critical (High Er Visits),30,Extreme,5.2,13.5,ILO Labor Models (2019/2030); BMJ Global Health (2024),400,,,
murree,2024-05-27,Summer (May-Jul),29.52,0.0,0.6,0.64,2024,5,,,,,,,,,35.94,0.0,3.12,-3.12,Severe Deficit (Water Loss),,,,,,,,,,,,,,,,,,Tourism & Hospitality,43,0.86,2.15,2.77,Iesco,275,3,39.0,3.62,9.1,Critical (High Er Visits),30,Extreme,5.2,13.5,ILO Labor Models (2019/2030); BMJ Global Health (2024),400,,,
murree,2024-05-28,Summer (May-Jul),29.28,0.0,0.59,0.63,2024,5,,,,,,,,,36.38,0.0,2.64,-2.64,Severe Deficit (Water Loss),,,,,,,,,,,,,,,,,,Tourism & Hospitality,43,0.86,2.15,2.77,Iesco,275,3,39.0,3.62,9.1,Critical (High Er Visits),30,Extreme,5.2,13.5,ILO Labor Models (2019/2030); BMJ Global Health (2024),400,,,
murree,2024-05-29,Summer (May-Jul),28.91,0.0,0.58,0.62,2024,5,,,,,,,,,36.34,0.0,2.17,-2.17,Severe Deficit (Water Loss),,,,,,,,,,,,,,,,,,Tourism & Hospitality,43,0.86,2.15,2.77,Iesco,275,3,39.0,3.62,9.1,Critical (High Er Visits),30,Extreme,5.2,13.5,ILO Labor Models (2019/2030); BMJ Global Health (2024),400,,,
murree,2024-05-30,Summer (May-Jul),28.82,0.0,0.57,0.61,2024,5,,,,,,,,,35.49,0.0,1.92,-1.92,Severe Deficit (Water Loss),,,,,,,,,,,,,,,,,,Tourism & Hospitality,43,0.86,2.15,2.77,Iesco,275,3,39.0,3.62,9.1,Critical (High Er Visits),30,Extreme,5.2,13.5,ILO Labor Models (2019/2030); BMJ Global Health (2024),400,,,
murree,2024-05-31,Summer (May-Jul),28.45,0.01,0.56,0.61,2024,5,,,,,,,,,35.99,0.01,1.56,-1.55,Severe Deficit (Water Loss),,,,,,,,,,,,,,,,,,Tourism & Hospitality,43,0.86,2.15,2.77,Iesco,275,3,39.0,3.62,9.1,Critical (High Er Visits),30,Extreme,5.2,13.5,ILO Labor Models (2019/2030); BMJ Global Health (2024),400,,,
murree,2024-06-01,Summer (May-Jul),28.19,0.1,0.55,0.6,2024,6,June,26.3,14.0,19.7,26.0,25.2,0.0,13.5,36.34,0.1,1.37,-1.27,Severe Deficit (Water Loss),,,,,,206.0,82.7,88.7,16.7,70.8,137.0,16.0,1.0,1.0,45.0,33.1,Ndma,Tourism & Hospitality,72,1.44,3.6,7.78,Iesco,495,5,40.5,4.13,10.3,Critical (High Er Visits),40,Extreme,6.8,17.8,ILO Labor Models (2019/2030); BMJ Global Health (2024),400,,,
murree,2024-06-02,Summer (May-Jul),28.21,0.0,0.55,0.59,2024,6,June,27.6,13.2,20.5,23.0,25.5,0.0,15.5,36.07,0.0,1.12,-1.12,Severe Deficit (Water Loss),,,,,,206.0,82.7,88.7,16.7,70.8,137.0,16.0,1.0,1.0,45.0,33.1,Ndma,Tourism & Hospitality,72,1.44,3.6,7.78,Iesco,495,5,40.5,4.13,10.3,Critical (High Er Visits),40,Extreme,6.8,17.8,ILO Labor Models (2019/2030); BMJ Global Health (2024),400,,,
murree,2024-06-03,Summer (May-Jul),29.26,0.0,0.54,0.59,2024,6,June,28.2,14.7,20.6,30.0,26.7,2.5,13.5,37.04,0.0,0.94,-0.94,Severe Deficit (Water Loss),,,,,,206.0,82.7,88.7,16.7,70.8,137.0,16.0,1.0,1.0,45.0,33.1,Ndma,Tourism & Hospitality,72,1.44,3.6,7.78,Iesco,495,5,40.5,4.13,10.3,Critical (High Er Visits),40,Extreme,6.8,17.8,ILO Labor Models (2019/2030); BMJ Global Health (2024),400,,,
murree,2024-06-04,Summer (May-Jul),28.59,0.07,0.54,0.58,2024,6,June,25.2,13.8,18.4,43.0,24.0,5.8,16.3,35.62,0.07,0.65,-0.58,Severe Deficit (Water Loss),,,,,,206.0,82.7,88.7,16.7,70.8,137.0,16.0,1.0,1.0,45.0,33.1,Ndma,Tourism & Hospitality,72,1.44,3.6,7.78,Iesco,495,5,40.5,4.13,10.3,Critical (High Er Visits),40,Extreme,6.8,17.8,ILO Labor Models (2019/2030); BMJ Global Health (2024),400,,,
murree,2024-06-05,Summer (May-Jul),28.73,10.7,0.57,0.58,2024,6,June,23.7,11.4,15.5,53.0,22.8,8.5,15.1,35.22,10.7,0.55,10.15,Surplus (Recharging),,,,,,206.0,82.7,88.7,16.7,70.8,137.0,16.0,1.0,1.0,45.0,33.1,Ndma,Tourism & Hospitality,72,1.44,3.6,7.78,Iesco,495,5,40.5,4.13,10.3,Critical (High Er Visits),40,Extreme,6.8,17.8,ILO Labor Models (2019/2030); BMJ Global Health (2024),400,,,
murree,2024-06-06,Summer (May-Jul),25.27,3.22,0.59,0.59,2024,6,June,19.8,10.9,14.2,61.0,19.2,11.4,15.5,31.12,3.22,0.75,2.47,Surplus (Recharging),,,,,,206.0,82.7,88.7,16.7,70.8,137.0,16.0,1.0,1.0,45.0,33.1,Ndma,Tourism & Hospitality,72,1.44,3.6,7.78,Iesco,495,5,40.5,4.13,10.3,Critical (High Er Visits),40,Extreme,6.8,17.8,ILO Labor Models (2019/2030); BMJ Global Health (2024),400,,,
murree,2024-06-07,Summer (May-Jul),25.67,0.82,0.57,0.59,2024,6,June,20.3,10.1,14.7,57.0,20.2,3.5,10.7,30.89,0.82,0.87,-0.05,Severe Deficit (Water Loss),,,,,,206.0,82.7,88.7,16.7,70.8,137.0,16.0,1.0,1.0,45.0,33.1,Ndma,Tourism & Hospitality,72,1.44,3.6,7.78,Iesco,495,5,40.5,4.13,10.3,Critical (High Er Visits),40,Extreme,6.8,17.8,ILO Labor Models (2019/2030); BMJ Global Health (2024),400,,,
murree,2024-06-08,Summer (May-Jul),26.0,0.5,0.55,0.59,2024,6,June,22.3,11.3,15.9,47.0,21.9,1.7,15.8,33.0,0.5,0.83,-0.33,Severe Deficit (Water Loss),,,,,,206.0,82.7,88.7,16.7,70.8,137.0,16.0,1.0,1.0,45.0,33.1,Ndma,Tourism & Hospitality,72,1.44,3.6,7.78,Iesco,495,5,40.5,4.13,10.3,Critical (High Er Visits),40,Extreme,6.8,17.8,ILO Labor Models (2019/2030); BMJ Global Health (2024),400,,,
murree,2024-06-09,Summer (May-Jul),26.79,0.02,0.54,0.58,2024,6,June,23.9,10.5,16.9,44.0,24.0,1.1,10.1,33.73,0.02,0.71,-0.69,Severe Deficit (Water Loss),,,,,,206.0,82.7,88.7,16.7,70.8,137.0,16.0,1.0,1.0,45.0,33.1,Ndma,Tourism & Hospitality,72,1.44,3.6,7.78,Iesco,495,5,40.5,4.13,10.3,Critical (High Er Visits),40,Extreme,6.8,17.8,ILO Labor Models (2019/2030); BMJ Global Health (2024),400,,,
murree,2024-06-10,Summer (May-Jul),28.07,0.04,0.53,0.58,2024,6,June,25.6,11.7,18.1,38.0,25.1,0.4,20.9,35.67,0.04,0.61,-0.57,Severe Deficit (Water Loss),,,,,,206.0,82.7,88.7,16.7,70.8,137.0,16.0,1.0,1.0,45.0,33.1,Ndma,Tourism & Hospitality,72,1.44,3.6,7.78,Iesco,495,5,40.5,4.13,10.3,Critical (High Er Visits),40,Extreme,6.8,17.8,ILO Labor Models (2019/2030); BMJ Global Health (2024),400,,,
murree,2024-06-11,Summer (May-Jul),28.98,3.04,0.55,0.57,2024,6,June,26.7,12.5,19.1,37.0,26.7,1.7,17.9,35.94,3.04,0.6,2.44,Surplus (Recharging),,,,,,206.0,82.7,88.7,16.7,70.8,137.0,16.0,1.0,1.0,45.0,33.1,Ndma,Tourism & Hospitality,72,1.44,3.6,7.78,Iesco,495,5,40.5,4.13,10.3,Critical (High Er Visits),40,Extreme,6.8,17.8,ILO Labor Models (2019/2030); BMJ Global Health (2024),400,,,
murree,2024-06-12,Summer (May-Jul),30.34,0.11,0.52,0.57,2024,6,June,28.1,14.0,20.6,36.0,26.9,0.4,12.2,38.11,0.11,0.51,-0.4,Severe Deficit (Water Loss),,,,,,206.0,82.7,88.7,16.7,70.8,137.0,16.0,1.0,1.0,45.0,33.1,Ndma,Tourism & Hospitality,72,1.44,3.6,7.78,Iesco,495,5,40.5,4.13,10.3,Critical (High Er Visits),40,Extreme,6.8,17.8,ILO Labor Models (2019/2030); BMJ Global Health (2024),400,,,
murree,2024-06-13,Summer (May-Jul),30.43,0.07,0.5,0.56,2024,6,June,27.3,13.6,20.1,38.0,27.6,1.8,14.2,38.55,0.07,0.39,-0.32,Severe Deficit (Water Loss),,,,,,206.0,82.7,88.7,16.7,70.8,137.0,16.0,1.0,1.0,45.0,33.1,Ndma,Tourism & Hospitality,72,1.44,3.6,7.78,Iesco,495,5,40.5,4.13,10.3,Critical (High Er Visits),40,Extreme,6.8,17.8,ILO Labor Models (2019/2030); BMJ Global Health (2024),400,,,
murree,2024-06-14,Summer (May-Jul),30.39,0.99,0.48,0.56,2024,6,June,24.3,14.5,19.0,45.0,23.8,3.3,12.7,37.95,0.99,0.3,0.69,Surplus (Recharging),,,,,,206.0,82.7,88.7,16.7,70.8,137.0,16.0,1.0,1.0,45.0,33.1,Ndma,Tourism & Hospitality,72,1.44,3.6,7.78,Iesco,495,5,40.5,4.13,10.3,Critical (High Er Visits),40,Extreme,6.8,17.8,ILO Labor Models (2019/2030); BMJ Global Health (2024),400,,,
murree,2024-06-15,Summer (May-Jul),30.96,0.04,0.46,0.55,2024,6,June,28.3,13.8,20.6,38.0,27.4,0.1,14.3,38.15,0.04,0.22,-0.18,Severe Deficit (Water Loss),,,,,,206.0,82.7,88.7,16.7,70.8,137.0,16.0,1.0,1.0,45.0,33.1,Ndma,Tourism & Hospitality,72,1.44,3.6,7.78,Iesco,495,5,40.5,4.13,10.3,Critical (High Er Visits),40,Extreme,6.8,17.8,ILO Labor Models (2019/2030); BMJ Global Health (2024),400,,,
murree,2024-06-16,Summer (May-Jul),31.97,0.0,0.44,0.55,2024,6,June,29.4,15.3,22.0,34.0,27.8,0.0,12.7,39.25,0.0,0.16,-0.16,Severe Deficit (Water Loss),,,,,,206.0,82.7,88.7,16.7,70.8,137.0,16.0,1.0,1.0,45.0,33.1,Ndma,Tourism & Hospitality,72,1.44,3.6,7.78,Iesco,495,5,40.5,4.13,10.3,Critical (High Er Visits),40,Extreme,6.8,17.8,ILO Labor Models (2019/2030); BMJ Global Health (2024),400,,,
murree,2024-06-17,Summer (May-Jul),32.22,0.07,0.42,0.54,2024,6,June,29.9,16.2,22.2,35.0,30.0,2.2,7.9,39.97,0.07,0.1,-0.03,Severe Deficit (Water Loss),,,,,,206.0,82.7,88.7,16.7,70.8,137.0,16.0,1.0,1.0,45.0,33.1,Ndma,Tourism & Hospitality,72,1.44,3.6,7.78,Iesco,495,5,40.5,4.13,10.3,Critical (High Er Visits),40,Extreme,6.8,17.8,ILO Labor Models (2019/2030); BMJ Global Health (2024),400,,,
murree,2024-06-18,Summer (May-Jul),31.72,6.7,0.51,0.55,2024,6,June,28.3,17.0,21.8,33.0,28.0,0.6,18.0,38.42,6.7,0.15,6.55,Surplus (Recharging),,,,,,206.0,82.7,88.7,16.7,70.8,137.0,16.0,1.0,1.0,45.0,33.1,Ndma,Tourism & Hospitality,72,1.44,3.6,7.78,Iesco,495,5,40.5,4.13,10.3,Critical (High Er Visits),40,Extreme,6.8,17.8,ILO Labor Models (2019/2030); BMJ Global Health (2024),400,,,
murree,2024-06-19,Summer (May-Jul),31.46,0.14,0.47,0.55,2024,6,June,27.3,15.2,20.4,39.0,26.2,1.4,11.5,38.45,0.14,0.11,0.03,Surplus (Recharging),,,,,,206.0,82.7,88.7,16.7,70.8,137.0,16.0,1.0,1.0,45.0,33.1,Ndma,Tourism & Hospitality,72,1.44,3.6,7.78,Iesco,495,5,40.5,4.13,10.3,Critical (High Er Visits),40,Extreme,6.8,17.8,ILO Labor Models (2019/2030); BMJ Global Health (2024),400,,,
murree,2024-06-20,Summer (May-Jul),30.87,0.46,0.44,0.54,2024,6,June,24.4,14.9,18.7,49.0,23.5,4.1,13.6,37.65,0.46,0.06,0.4,Surplus (Recharging),,,,,,206.0,82.7,88.7,16.7,70.8,137.0,16.0,1.0,1.0,45.0,33.1,Ndma,Tourism & Hospitality,72,1.44,3.6,7.78,Iesco,495,5,40.5,4.13,10.3,Critical (High Er Visits),40,Extreme,6.8,17.8,ILO Labor Models (2019/2030); BMJ Global Health (2024),400,,,
murree,2024-06-21,Summer (May-Jul),26.17,10.91,0.54,0.55,2024,6,June,19.6,12.5,15.7,69.0,19.1,6.3,12.0,31.44,10.91,0.03,10.88,Surplus (Recharging),,,,,,206.0,82.7,88.7,16.7,70.8,137.0,16.0,1.0,1.0,45.0,33.1,Ndma,Tourism & Hospitality,72,1.44,3.6,7.78,Iesco,495,5,40.5,4.13,10.3,Critical (High Er Visits),40,Extreme,6.8,17.8,ILO Labor Models (2019/2030); BMJ Global Health (2024),400,,,
murree,2024-06-22,Summer (May-Jul),27.85,4.54,0.56,0.56,2024,6,June,24.1,12.2,17.7,51.0,23.4,1.9,9.2,34.17,4.54,0.19,4.35,Surplus (Recharging),,,,,,206.0,82.7,88.7,16.7,70.8,137.0,16.0,1.0,1.0,45.0,33.1,Ndma,Tourism & Hospitality,72,1.44,3.6,7.78,Iesco,495,5,40.5,4.13,10.3,Critical (High Er Visits),40,Extreme,6.8,17.8,ILO Labor Models (2019/2030); BMJ Global Health (2024),400,,,
murree,2024-06-23,Summer (May-Jul),29.72,1.3,0.54,0.56,2024,6,June,25.4,13.6,18.6,53.0,25.5,3.8,9.4,35.58,1.3,0.21,1.09,Surplus (Recharging),,,,,,206.0,82.7,88.7,16.7,70.8,137.0,16.0,1.0,1.0,45.0,33.1,Ndma,Tourism & Hospitality,72,1.44,3.6,7.78,Iesco,495,5,40.5,4.13,10.3,Critical (High Er Visits),40,Extreme,6.8,17.8,ILO Labor Models (2019/2030); BMJ Global Health (2024),400,,,
murree,2024-06-24,Summer (May-Jul),30.63,1.43,0.52,0.56,2024,6,June,25.9,13.4,19.5,52.0,26.2,0.0,11.5,37.13,1.43,0.18,1.25,Surplus (Recharging),,,,,,206.0,82.7,88.7,16.7,70.8,137.0,16.0,1.0,1.0,45.0,33.1,Ndma,Tourism & Hospitality,72,1.44,3.6,7.78,Iesco,495,5,40.5,4.13,10.3,Critical (High Er Visits),40,Extreme,6.8,17.8,ILO Labor Models (2019/2030); BMJ Global Health (2024),400,,,
murree,2024-06-25,Summer (May-Jul),31.29,0.01,0.49,0.55,2024,6,June,26.8,15.0,20.6,45.0,26.1,0.1,8.2,38.39,0.01,0.12,-0.11,Severe Deficit (Water Loss),,,,,,206.0,82.7,88.7,16.7,70.8,137.0,16.0,1.0,1.0,45.0,33.1,Ndma,Tourism & Hospitality,72,1.44,3.6,7.78,Iesco,495,5,40.5,4.13,10.3,Critical (High Er Visits),40,Extreme,6.8,17.8,ILO Labor Models (2019/2030); BMJ Global Health (2024),400,,,
murree,2024-06-26,Summer (May-Jul),31.31,2.27,0.49,0.55,2024,6,June,28.4,15.3,21.8,44.0,28.5,0.0,10.2,37.03,2.27,0.06,2.21,Surplus (Recharging),,,,,,206.0,82.7,88.7,16.7,70.8,137.0,16.0,1.0,1.0,45.0,33.1,Ndma,Tourism & Hospitality,72,1.44,3.6,7.78,Iesco,495,5,40.5,4.13,10.3,Critical (High Er Visits),40,Extreme,6.8,17.8,ILO Labor Models (2019/2030); BMJ Global Health (2024),400,,,
murree,2024-06-27,Summer (May-Jul),32.04,0.56,0.48,0.54,2024,6,June,26.6,17.2,21.1,58.0,27.2,0.2,13.2,38.66,0.56,0.05,0.51,Surplus (Recharging),,,,,,206.0,82.7,88.7,16.7,70.8,137.0,16.0,1.0,1.0,45.0,33.1,Ndma,Tourism & Hospitality,72,1.44,3.6,7.78,Iesco,495,5,40.5,4.13,10.3,Critical (High Er Visits),40,Extreme,6.8,17.8,ILO Labor Models (2019/2030); BMJ Global Health (2024),400,,,
murree,2024-06-28,Summer (May-Jul),30.55,9.5,0.56,0.55,2024,6,June,24.7,14.8,19.0,78.0,25.9,3.6,10.7,36.02,9.5,0.08,9.42,Surplus (Recharging),,,,,,206.0,82.7,88.7,16.7,70.8,137.0,16.0,1.0,1.0,45.0,33.1,Ndma,Tourism & Hospitality,72,1.44,3.6,7.78,Iesco,495,5,40.5,4.13,10.3,Critical (High Er Visits),40,Extreme,6.8,17.8,ILO Labor Models (2019/2030); BMJ Global Health (2024),400,,,
murree,2024-06-29,Summer (May-Jul),30.7,0.54,0.52,0.55,2024,6,June,24.7,14.6,19.0,77.0,26.0,3.4,11.3,36.52,0.54,0.11,0.43,Surplus (Recharging),,,,,,206.0,82.7,88.7,16.7,70.8,137.0,16.0,1.0,1.0,45.0,33.1,Ndma,Tourism & Hospitality,72,1.44,3.6,7.78,Iesco,495,5,40.5,4.13,10.3,Critical (High Er Visits),40,Extreme,6.8,17.8,ILO Labor Models (2019/2030); BMJ Global Health (2024),400,,,
murree,2024-06-30,Summer (May-Jul),31.51,0.01,0.49,0.55,2024,6,June,24.0,14.9,19.2,78.0,25.1,0.9,10.8,37.15,0.01,0.06,-0.05,Severe Deficit (Water Loss),,,,,,206.0,82.7,88.7,16.7,70.8,137.0,16.0,1.0,1.0,45.0,33.1,Ndma,Tourism & Hospitality,72,1.44,3.6,7.78,Iesco,495,5,40.5,4.13,10.3,Critical (High Er Visits),40,Extreme,6.8,17.8,ILO Labor Models (2019/2030); BMJ Global Health (2024),400,,,
murree,2024-07-01,Summer (May-Jul),32.22,0.06,0.46,0.54,2024,7,July,25.4,15.1,20.2,77.0,26.9,3.1,11.8,37.98,0.06,0.03,0.03,Surplus (Recharging),,,,,,206.0,82.7,88.7,16.7,70.8,137.0,16.0,1.0,1.0,45.0,33.1,Ndma,Tourism & Hospitality,64,1.3,3.2,6.24,Iesco,440,4,36.5,2.8,7.0,Elevated (Heat Stress),70,Extreme (Humid),6.1,15.9,ILO Labor Models (2019/2030); BMJ Global Health (2024),400,,,
murree,2024-07-02,Summer (May-Jul),32.1,8.7,0.54,0.55,2024,7,July,24.8,15.8,19.9,81.0,27.6,5.8,10.9,38.17,8.7,0.1,8.6,Surplus (Recharging),,,,,,206.0,82.7,88.7,16.7,70.8,137.0,16.0,1.0,1.0,45.0,33.1,Ndma,Tourism & Hospitality,64,1.3,3.2,6.24,Iesco,440,4,36.5,2.8,7.0,Elevated (Heat Stress),70,Extreme (Humid),6.1,15.9,ILO Labor Models (2019/2030); BMJ Global Health (2024),400,,,
murree,2024-07-03,Summer (May-Jul),32.97,0.01,0.5,0.55,2024,7,July,26.6,15.9,21.3,73.0,27.6,2.6,12.7,39.42,0.01,0.07,-0.06,Severe Deficit (Water Loss),,,,,,206.0,82.7,88.7,16.7,70.8,137.0,16.0,1.0,1.0,45.0,33.1,Ndma,Tourism & Hospitality,64,1.3,3.2,6.24,Iesco,440,4,36.5,2.8,7.0,Elevated (Heat Stress),70,Extreme (Humid),6.1,15.9,ILO Labor Models (2019/2030); BMJ Global Health (2024),400,,,
murree,2024-07-04,Summer (May-Jul),30.52,11.57,0.58,0.56,2024,7,July,21.4,16.9,18.5,91.0,23.0,12.6,8.9,35.56,11.57,0.17,11.4,Surplus (Recharging),,,,,,206.0,82.7,88.7,16.7,70.8,137.0,16.0,1.0,1.0,45.0,33.1,Ndma,Tourism & Hospitality,64,1.3,3.2,6.24,Iesco,440,4,36.5,2.8,7.0,Elevated (Heat Stress),70,Extreme (Humid),6.1,15.9,ILO Labor Models (2019/2030); BMJ Global Health (2024),400,,,
murree,2024-07-05,Summer (May-Jul),28.75,5.46,0.57,0.56,2024,7,July,18.9,14.4,16.4,93.0,19.7,25.4,6.6,33.92,5.46,0.18,5.28,Surplus (Recharging),,,,,,206.0,82.7,88.7,16.7,70.8,137.0,16.0,1.0,1.0,45.0,33.1,Ndma,Tourism & Hospitality,64,1.3,3.2,6.24,Iesco,440,4,36.5,2.8,7.0,Elevated (Heat Stress),70,Extreme (Humid),6.1,15.9,ILO Labor Models (2019/2030); BMJ Global Health (2024),400,,,
murree,2024-07-06,Summer (May-Jul),27.35,23.1,0.65,0.59,2024,7,July,21.1,12.4,16.5,84.0,23.0,9.5,9.7,31.95,23.1,0.78,22.32,Surplus (Recharging),,,,,,206.0,82.7,88.7,16.7,70.8,137.0,16.0,1.0,1.0,45.0,33.1,Ndma,Tourism & Hospitality,64,1.3,3.2,6.24,Iesco,440,4,36.5,2.8,7.0,Elevated (Heat Stress),70,Extreme (Humid),6.1,15.9,ILO Labor Models (2019/2030); BMJ Global Health (2024),400,,,
murree,2024-07-07,Summer (May-Jul),26.78,19.51,0.67,0.62,2024,7,July,21.4,13.1,17.3,75.0,22.5,2.5,10.2,30.99,19.51,1.45,18.06,Surplus (Recharging),,,,,,206.0,82.7,88.7,16.7,70.8,137.0,16.0,1.0,1.0,45.0,33.1,Ndma,Tourism & Hospitality,64,1.3,3.2,6.24,Iesco,440,4,36.5,2.8,7.0,Elevated (Heat Stress),70,Extreme (Humid),6.1,15.9,ILO Labor Models (2019/2030); BMJ Global Health (2024),400,,,
murree,2024-07-08,Summer (May-Jul),28.79,0.04,0.58,0.62,2024,7,July,23.1,12.7,18.7,75.0,24.7,0.9,9.7,34.8,0.04,2.0,-1.96,Severe Deficit (Water Loss),,,,,,206.0,82.7,88.7,16.7,70.8,137.0,16.0,1.0,1.0,45.0,33.1,Ndma,Tourism & Hospitality,64,1.3,3.2,6.24,Iesco,440,4,36.5,2.8,7.0,Elevated (Heat Stress),70,Extreme (Humid),6.1,15.9,ILO Labor Models (2019/2030); BMJ Global Health (2024),400,,,
murree,2024-07-09,Summer (May-Jul),27.89,1.46,0.58,0.61,2024,7,July,23.3,14.5,18.9,78.0,25.1,1.2,11.3,32.25,1.46,1.09,0.37,Surplus (Recharging),,,,,,206.0,82.7,88.7,16.7,70.8,137.0,16.0,1.0,1.0,45.0,33.1,Ndma,Tourism & Hospitality,64,1.3,3.2,6.24,Iesco,440,4,36.5,2.8,7.0,Elevated (Heat Stress),70,Extreme (Humid),6.1,15.9,ILO Labor Models (2019/2030); BMJ Global Health (2024),400,,,
murree,2024-07-10,Summer (May-Jul),28.73,13.61,0.65,0.62,2024,7,July,22.8,14.6,18.8,77.0,26.2,1.5,11.0,32.65,13.61,1.54,12.07,Surplus (Recharging),,,,,,206.0,82.7,88.7,16.7,70.8,137.0,16.0,1.0,1.0,45.0,33.1,Ndma,Tourism & Hospitality,64,1.3,3.2,6.24,Iesco,440,4,36.5,2.8,7.0,Elevated (Heat Stress),70,Extreme (Humid),6.1,15.9,ILO Labor Models (2019/2030); BMJ Global Health (2024),400,,,
murree,2024-07-11,Summer (May-Jul),29.27,5.36,0.62,0.62,2024,7,July,22.9,14.7,18.3,81.0,25.3,5.5,10.7,33.33,5.36,2.06,3.3,Surplus (Recharging),,,,,,206.0,82.7,88.7,16.7,70.8,137.0,16.0,1.0,1.0,45.0,33.1,Ndma,Tourism & Hospitality,64,1.3,3.2,6.24,Iesco,440,4,36.5,2.8,7.0,Elevated (Heat Stress),70,Extreme (Humid),6.1,15.9,ILO Labor Models (2019/2030); BMJ Global Health (2024),400,,,
murree,2024-07-12,Summer (May-Jul),28.98,8.54,0.62,0.63,2024,7,July,22.1,14.1,17.7,79.0,23.4,3.4,11.2,34.59,8.54,2.38,6.16,Surplus (Recharging),,,,,,206.0,82.7,88.7,16.7,70.8,137.0,16.0,1.0,1.0,45.0,33.1,Ndma,Tourism & Hospitality,64,1.3,3.2,6.24,Iesco,440,4,36.5,2.8,7.0,Elevated (Heat Stress),70,Extreme (Humid),6.1,15.9,ILO Labor Models (2019/2030); BMJ Global Health (2024),400,,,
murree,2024-07-13,Summer (May-Jul),27.3,13.34,0.67,0.64,2024,7,July,21.7,13.1,17.8,74.0,23.0,0.8,7.4,31.98,13.34,2.93,10.41,Surplus (Recharging),,,,,,206.0,82.7,88.7,16.7,70.8,137.0,16.0,1.0,1.0,45.0,33.1,Ndma,Tourism & Hospitality,64,1.3,3.2,6.24,Iesco,440,4,36.5,2.8,7.0,Elevated (Heat Stress),70,Extreme (Humid),6.1,15.9,ILO Labor Models (2019/2030); BMJ Global Health (2024),400,,,
murree,2024-07-14,Summer (May-Jul),27.36,0.17,0.61,0.64,2024,7,July,22.1,13.5,17.3,73.0,23.5,3.7,10.9,31.45,0.17,2.25,-2.08,Severe Deficit (Water Loss),,,,,,206.0,82.7,88.7,16.7,70.8,137.0,16.0,1.0,1.0,45.0,33.1,Ndma,Tourism & Hospitality,64,1.3,3.2,6.24,Iesco,440,4,36.5,2.8,7.0,Elevated (Heat Stress),70,Extreme (Humid),6.1,15.9,ILO Labor Models (2019/2030); BMJ Global Health (2024),400,,,
murree,2024-07-15,Summer (May-Jul),29.13,0.41,0.59,0.63,2024,7,July,24.4,14.2,19.3,66.0,25.6,0.2,9.4,34.32,0.41,2.91,-2.5,Severe Deficit (Water Loss),,,,,,206.0,82.7,88.7,16.7,70.8,137.0,16.0,1.0,1.0,45.0,33.1,Ndma,Tourism & Hospitality,64,1.3,3.2,6.24,Iesco,440,4,36.5,2.8,7.0,Elevated (Heat Stress),70,Extreme (Humid),6.1,15.9,ILO Labor Models (2019/2030); BMJ Global Health (2024),400,,,
murree,2024-07-16,Summer (May-Jul),29.35,0.08,0.58,0.62,2024,7,July,24.4,15.6,20.2,65.0,26.6,0.0,8.8,35.0,0.08,2.16,-2.08,Severe Deficit (Water Loss),,,,,,206.0,82.7,88.7,16.7,70.8,137.0,16.0,1.0,1.0,45.0,33.1,Ndma,Tourism & Hospitality,64,1.3,3.2,6.24,Iesco,440,4,36.5,2.8,7.0,Elevated (Heat Stress),70,Extreme (Humid),6.1,15.9,ILO Labor Models (2019/2030); BMJ Global Health (2024),400,,,
murree,2024-07-17,Summer (May-Jul),28.23,0.01,0.58,0.62,2024,7,July,24.2,15.7,20.5,65.0,25.4,0.8,12.8,32.91,0.01,1.18,-1.17,Severe Deficit (Water Loss),,,,,,206.0,82.7,88.7,16.7,70.8,137.0,16.0,1.0,1.0,45.0,33.1,Ndma,Tourism & Hospitality,64,1.3,3.2,6.24,Iesco,440,4,36.5,2.8,7.0,Elevated (Heat Stress),70,Extreme (Humid),6.1,15.9,ILO Labor Models (2019/2030); BMJ Global Health (2024),400,,,
murree,2024-07-18,Summer (May-Jul),27.14,7.56,0.62,0.62,2024,7,July,22.9,14.8,18.0,81.0,25.9,6.0,10.7,32.14,7.56,1.54,6.02,Surplus (Recharging),,,,,,206.0,82.7,88.7,16.7,70.8,137.0,16.0,1.0,1.0,45.0,33.1,Ndma,Tourism & Hospitality,64,1.3,3.2,6.24,Iesco,440,4,36.5,2.8,7.0,Elevated (Heat Stress),70,Extreme (Humid),6.1,15.9,ILO Labor Models (2019/2030); BMJ Global Health (2024),400,,,
murree,2024-07-19,Summer (May-Jul),29.22,0.02,0.58,0.62,2024,7,July,23.9,14.2,19.1,78.0,25.8,0.2,10.2,34.45,0.02,2.1,-2.08,Severe Deficit (Water Loss),,,,,,206.0,82.7,88.7,16.7,70.8,137.0,16.0,1.0,1.0,45.0,33.1,Ndma,Tourism & Hospitality,64,1.3,3.2,6.24,Iesco,440,4,36.5,2.8,7.0,Elevated (Heat Stress),70,Extreme (Humid),6.1,15.9,ILO Labor Models (2019/2030); BMJ Global Health (2024),400,,,
murree,2024-07-20,Summer (May-Jul),29.98,0.15,0.57,0.61,2024,7,July,24.4,14.8,19.5,79.0,27.0,0.6,9.6,34.8,0.15,1.47,-1.32,Severe Deficit (Water Loss),,,,,,206.0,82.7,88.7,16.7,70.8,137.0,16.0,1.0,1.0,45.0,33.1,Ndma,Tourism & Hospitality,64,1.3,3.2,6.24,Iesco,440,4,36.5,2.8,7.0,Elevated (Heat Stress),70,Extreme (Humid),6.1,15.9,ILO Labor Models (2019/2030); BMJ Global Health (2024),400,,,
murree,2024-07-21,Summer (May-Jul),30.82,0.58,0.57,0.61,2024,7,July,24.4,15.2,20.1,75.0,25.7,1.1,12.4,36.52,0.58,1.62,-1.04,Severe Deficit (Water Loss),,,,,,206.0,82.7,88.7,16.7,70.8,137.0,16.0,1.0,1.0,45.0,33.1,Ndma,Tourism & Hospitality,64,1.3,3.2,6.24,Iesco,440,4,36.5,2.8,7.0,Elevated (Heat Stress),70,Extreme (Humid),6.1,15.9,ILO Labor Models (2019/2030); BMJ Global Health (2024),400,,,
murree,2024-07-22,Summer (May-Jul),29.53,4.1,0.59,0.6,2024,7,July,23.8,15.6,19.7,81.0,25.8,1.5,10.4,34.97,4.1,1.29,2.81,Surplus (Recharging),,,,,,206.0,82.7,88.7,16.7,70.8,137.0,16.0,1.0,1.0,45.0,33.1,Ndma,Tourism & Hospitality,64,1.3,3.2,6.24,Iesco,440,4,36.5,2.8,7.0,Elevated (Heat Stress),70,Extreme (Humid),6.1,15.9,ILO Labor Models (2019/2030); BMJ Global Health (2024),400,,,
murree,2024-07-23,Summer (May-Jul),29.81,36.82,0.65,0.62,2024,7,July,21.9,14.9,18.5,87.0,24.2,8.6,8.9,34.5,36.82,1.93,34.89,Surplus (Recharging),,,,,,206.0,82.7,88.7,16.7,70.8,137.0,16.0,1.0,1.0,45.0,33.1,Ndma,Tourism & Hospitality,64,1.3,3.2,6.24,Iesco,440,4,36.5,2.8,7.0,Elevated (Heat Stress),70,Extreme (Humid),6.1,15.9,ILO Labor Models (2019/2030); BMJ Global Health (2024),400,,,
murree,2024-07-24,Summer (May-Jul),28.4,426.6,0.77,0.7,2024,7,July,23.6,14.5,19.1,83.0,26.2,1.5,10.0,31.56,426.6,6.56,420.04,Surplus (Recharging),,,,,,206.0,82.7,88.7,16.7,70.8,137.0,16.0,1.0,1.0,45.0,33.1,Ndma,Tourism & Hospitality,64,1.3,3.2,6.24,Iesco,440,4,36.5,2.8,7.0,Elevated (Heat Stress),70,Extreme (Humid),6.1,15.9,ILO Labor Models (2019/2030); BMJ Global Health (2024),400,,,
murree,2024-07-25,Summer (May-Jul),28.22,18.77,0.75,0.7,2024,7,July,23.6,15.2,19.5,81.0,25.6,4.2,10.0,31.69,18.77,4.38,14.39,Surplus (Recharging),,,,,,206.0,82.7,88.7,16.7,70.8,137.0,16.0,1.0,1.0,45.0,33.1,Ndma,Tourism & Hospitality,64,1.3,3.2,6.24,Iesco,440,4,36.5,2.8,7.0,Elevated (Heat Stress),70,Extreme (Humid),6.1,15.9,ILO Labor Models (2019/2030); BMJ Global Health (2024),400,,,
murree,2024-07-26,Summer (May-Jul),28.36,5.68,0.73,0.7,2024,7,July,24.4,15.6,19.6,83.0,26.8,2.1,10.9,31.89,5.68,6.72,-1.04,Severe Deficit (Water Loss),,,,,,206.0,82.7,88.7,16.7,70.8,137.0,16.0,1.0,1.0,45.0,33.1,Ndma,Tourism & Hospitality,64,1.3,3.2,6.24,Iesco,440,4,36.5,2.8,7.0,Elevated (Heat Stress),70,Extreme (Humid),6.1,15.9,ILO Labor Models (2019/2030); BMJ Global Health (2024),400,,,
murree,2024-07-27,Summer (May-Jul),28.23,0.1,0.69,0.7,2024,7,July,22.7,16.0,19.6,88.0,24.8,6.2,10.0,32.14,0.1,6.63,-6.53,Severe Deficit (Water Loss),,,,,,206.0,82.7,88.7,16.7,70.8,137.0,16.0,1.0,1.0,45.0,33.1,Ndma,Tourism & Hospitality,64,1.3,3.2,6.24,Iesco,440,4,36.5,2.8,7.0,Elevated (Heat Stress),70,Extreme (Humid),6.1,15.9,ILO Labor Models (2019/2030); BMJ Global Health (2024),400,,,
murree,2024-07-28,Summer (May-Jul),26.85,28.77,0.78,0.71,2024,7,July,21.6,16.8,18.9,92.0,23.8,9.2,7.2,29.31,28.77,2.25,26.52,Surplus (Recharging),,,,,,206.0,82.7,88.7,16.7,70.8,137.0,16.0,1.0,1.0,45.0,33.1,Ndma,Tourism & Hospitality,64,1.3,3.2,6.24,Iesco,440,4,36.5,2.8,7.0,Elevated (Heat Stress),70,Extreme (Humid),6.1,15.9,ILO Labor Models (2019/2030); BMJ Global Health (2024),400,,,
murree,2024-07-29,Summer (May-Jul),26.64,34.65,0.85,0.75,2024,7,July,21.6,16.6,18.8,91.0,23.6,8.1,9.7,29.68,34.65,2.74,31.91,Surplus (Recharging),,,,,,206.0,82.7,88.7,16.7,70.8,137.0,16.0,1.0,1.0,45.0,33.1,Ndma,Tourism & Hospitality,64,1.3,3.2,6.24,Iesco,440,4,36.5,2.8,7.0,Elevated (Heat Stress),70,Extreme (Humid),6.1,15.9,ILO Labor Models (2019/2030); BMJ Global Health (2024),400,,,
murree,2024-07-30,Summer (May-Jul),26.83,44.14,0.9,0.81,2024,7,July,22.6,16.8,19.1,89.0,25.1,14.3,7.3,29.43,44.14,1.85,42.29,Surplus (Recharging),,,,,,206.0,82.7,88.7,16.7,70.8,137.0,16.0,1.0,1.0,45.0,33.1,Ndma,Tourism & Hospitality,64,1.3,3.2,6.24,Iesco,440,4,36.5,2.8,7.0,Elevated (Heat Stress),70,Extreme (Humid),6.1,15.9,ILO Labor Models (2019/2030); BMJ Global Health (2024),400,,,
murree,2024-07-31,Summer (May-Jul),27.25,21.35,0.88,0.83,2024,7,July,23.7,15.8,19.9,82.0,26.1,3.7,10.9,29.99,21.35,3.25,18.1,Surplus (Recharging),,,,,,206.0,82.7,88.7,16.7,70.8,137.0,16.0,1.0,1.0,45.0,33.1,Ndma,Tourism & Hospitality,64,1.3,3.2,6.24,Iesco,440,4,36.5,2.8,7.0,Elevated (Heat Stress),70,Extreme (Humid),6.1,15.9,ILO Labor Models (2019/2030); BMJ Global Health (2024),400,,,
murree,2024-12-01,Winter (Dec-Jan),13.09,0.0,0.62,0.64,2024,12,,,,,,,,,,,,,,,,,,,,,,,,,,,,,,,Tourism & Hospitality,0,0.0,0.0,0.0,Iesco,440,4,20.5,0.0,0.0,Baseline,65,Safe,0.0,0.0,ILO Labor Models (2019/2030); BMJ Global Health (2024),400,,,
murree,2024-12-02,Winter (Dec-Jan),12.45,0.02,0.62,0.64,2024,12,,,,,,,,,,,,,,,,,,,,,,,,,,,,,,,Tourism & Hospitality,0,0.0,0.0,0.0,Iesco,440,4,20.5,0.0,0.0,Baseline,65,Safe,0.0,0.0,ILO Labor Models (2019/2030); BMJ Global Health (2024),400,,,
murree,2024-12-03,Winter (Dec-Jan),12.69,0.27,0.62,0.64,2024,12,,,,,,,,,,,,,,,,,,,,,,,,,,,,,,,Tourism & Hospitality,0,0.0,0.0,0.0,Iesco,440,4,20.5,0.0,0.0,Baseline,65,Safe,0.0,0.0,ILO Labor Models (2019/2030); BMJ Global Health (2024),400,,,
murree,2024-12-04,Winter (Dec-Jan),11.9,0.0,0.62,0.63,2024,12,,,,,,,,,,,,,,,,,,,,,,,,,,,,,,,Tourism & Hospitality,0,0.0,0.0,0.0,Iesco,440,4,20.5,0.0,0.0,Baseline,65,Safe,0.0,0.0,ILO Labor Models (2019/2030); BMJ Global Health (2024),400,,,
murree,2024-12-05,Winter (Dec-Jan),11.61,0.0,0.61,0.63,2024,12,,,,,,,,,,,,,,,,,,,,,,,,,,,,,,,Tourism & Hospitality,0,0.0,0.0,0.0,Iesco,440,4,20.5,0.0,0.0,Baseline,65,Safe,0.0,0.0,ILO Labor Models (2019/2030); BMJ Global Health (2024),400,,,
murree,2024-12-06,Winter (Dec-Jan),10.96,0.0,0.61,0.63,2024,12,,,,,,,,,,,,,,,,,,,,,,,,,,,,,,,Tourism & Hospitality,0,0.0,0.0,0.0,Iesco,440,4,20.5,0.0,0.0,Baseline,65,Safe,0.0,0.0,ILO Labor Models (2019/2030); BMJ Global Health (2024),400,,,
murree,2024-12-07,Winter (Dec-Jan),10.79,0.0,0.61,0.63,2024,12,,,,,,,,,,,,,,,,,,,,,,,,,,,,,,,Tourism & Hospitality,0,0.0,0.0,0.0,Iesco,440,4,20.5,0.0,0.0,Baseline,65,Safe,0.0,0.0,ILO Labor Models (2019/2030); BMJ Global Health (2024),400,,,
murree,2024-12-08,Winter (Dec-Jan),9.23,0.05,0.61,0.63,2024,12,,,,,,,,,,,,,,,,,,,,,,,,,,,,,,,Tourism & Hospitality,0,0.0,0.0,0.0,Iesco,440,4,20.5,0.0,0.0,Baseline,65,Safe,0.0,0.0,ILO Labor Models (2019/2030); BMJ Global Health (2024),400,,,
murree,2024-12-09,Winter (Dec-Jan),7.05,0.01,0.61,0.63,2024,12,,,,,,,,,,,,,,,,,,,,,,,,,,,,,,,Tourism & Hospitality,0,0.0,0.0,0.0,Iesco,440,4,20.5,0.0,0.0,Baseline,65,Safe,0.0,0.0,ILO Labor Models (2019/2030); BMJ Global Health (2024),400,,,
murree,2024-12-10,Winter (Dec-Jan),7.11,0.0,0.61,0.63,2024,12,,,,,,,,,,,,,,,,,,,,,,,,,,,,,,,Tourism & Hospitality,0,0.0,0.0,0.0,Iesco,440,4,20.5,0.0,0.0,Baseline,65,Safe,0.0,0.0,ILO Labor Models (2019/2030); BMJ Global Health (2024),400,,,
murree,2024-12-11,Winter (Dec-Jan),9.17,0.0,0.61,0.62,2024,12,,,,,,,,,,,,,,,,,,,,,,,,,,,,,,,Tourism & Hospitality,0,0.0,0.0,0.0,Iesco,440,4,20.5,0.0,0.0,Baseline,65,Safe,0.0,0.0,ILO Labor Models (2019/2030); BMJ Global Health (2024),400,,,
murree,2024-12-12,Winter (Dec-Jan),7.89,0.1,0.61,0.62,2024,12,,,,,,,,,,,,,,,,,,,,,,,,,,,,,,,Tourism & Hospitality,0,0.0,0.0,0.0,Iesco,440,4,20.5,0.0,0.0,Baseline,65,Safe,0.0,0.0,ILO Labor Models (2019/2030); BMJ Global Health (2024),400,,,
murree,2024-12-13,Winter (Dec-Jan),8.84,0.0,0.6,0.62,2024,12,,,,,,,,,,,,,,,,,,,,,,,,,,,,,,,Tourism & Hospitality,0,0.0,0.0,0.0,Iesco,440,4,20.5,0.0,0.0,Baseline,65,Safe,0.0,0.0,ILO Labor Models (2019/2030); BMJ Global Health (2024),400,,,
murree,2024-12-14,Winter (Dec-Jan),10.34,0.0,0.6,0.62,2024,12,,,,,,,,,,,,,,,,,,,,,,,,,,,,,,,Tourism & Hospitality,0,0.0,0.0,0.0,Iesco,440,4,20.5,0.0,0.0,Baseline,65,Safe,0.0,0.0,ILO Labor Models (2019/2030); BMJ Global Health (2024),400,,,
murree,2024-12-15,Winter (Dec-Jan),11.36,0.0,0.6,0.62,2024,12,,,,,,,,,,,,,,,,,,,,,,,,,,,,,,,Tourism & Hospitality,0,0.0,0.0,0.0,Iesco,440,4,20.5,0.0,0.0,Baseline,65,Safe,0.0,0.0,ILO Labor Models (2019/2030); BMJ Global Health (2024),400,,,
murree,2024-12-16,Winter (Dec-Jan),10.85,0.0,0.6,0.62,2024,12,,,,,,,,,,,,,,,,,,,,,,,,,,,,,,,Tourism & Hospitality,0,0.0,0.0,0.0,Iesco,440,4,20.5,0.0,0.0,Baseline,65,Safe,0.0,0.0,ILO Labor Models (2019/2030); BMJ Global Health (2024),400,,,
murree,2024-12-17,Winter (Dec-Jan),10.44,0.0,0.6,0.62,2024,12,,,,,,,,,,,,,,,,,,,,,,,,,,,,,,,Tourism & Hospitality,0,0.0,0.0,0.0,Iesco,440,4,20.5,0.0,0.0,Baseline,65,Safe,0.0,0.0,ILO Labor Models (2019/2030); BMJ Global Health (2024),400,,,
murree,2024-12-18,Winter (Dec-Jan),9.41,0.0,0.6,0.62,2024,12,,,,,,,,,,,,,,,,,,,,,,,,,,,,,,,Tourism & Hospitality,0,0.0,0.0,0.0,Iesco,440,4,20.5,0.0,0.0,Baseline,65,Safe,0.0,0.0,ILO Labor Models (2019/2030); BMJ Global Health (2024),400,,,
murree,2024-12-19,Winter (Dec-Jan),9.43,0.0,0.6,0.61,2024,12,,,,,,,,,,,,,,,,,,,,,,,,,,,,,,,Tourism & Hospitality,0,0.0,0.0,0.0,Iesco,440,4,20.5,0.0,0.0,Baseline,65,Safe,0.0,0.0,ILO Labor Models (2019/2030); BMJ Global Health (2024),400,,,
murree,2024-12-20,Winter (Dec-Jan),9.49,0.0,0.6,0.61,2024,12,,,,,,,,,,,,,,,,,,,,,,,,,,,,,,,Tourism & Hospitality,0,0.0,0.0,0.0,Iesco,440,4,20.5,0.0,0.0,Baseline,65,Safe,0.0,0.0,ILO Labor Models (2019/2030); BMJ Global Health (2024),400,,,
murree,2024-12-21,Winter (Dec-Jan),9.54,0.0,0.6,0.61,2024,12,,,,,,,,,,,,,,,,,,,,,,,,,,,,,,,Tourism & Hospitality,0,0.0,0.0,0.0,Iesco,440,4,20.5,0.0,0.0,Baseline,65,Safe,0.0,0.0,ILO Labor Models (2019/2030); BMJ Global Health (2024),400,,,
murree,2024-12-22,Winter (Dec-Jan),9.83,0.0,0.6,0.61,2024,12,,,,,,,,,,,,,,,,,,,,,,,,,,,,,,,Tourism & Hospitality,0,0.0,0.0,0.0,Iesco,440,4,20.5,0.0,0.0,Baseline,65,Safe,0.0,0.0,ILO Labor Models (2019/2030); BMJ Global Health (2024),400,,,
murree,2024-12-23,Winter (Dec-Jan),8.48,1.23,0.6,0.61,2024,12,,,,,,,,,,,,,,,,,,,,,,,,,,,,,,,Tourism & Hospitality,0,0.0,0.0,0.0,Iesco,440,4,20.5,0.0,0.0,Baseline,65,Safe,0.0,0.0,ILO Labor Models (2019/2030); BMJ Global Health (2024),400,,,
murree,2024-12-24,Winter (Dec-Jan),7.43,0.03,0.6,0.61,2024,12,,,,,,,,,,,,,,,,,,,,,,,,,,,,,,,Tourism & Hospitality,0,0.0,0.0,0.0,Iesco,440,4,20.5,0.0,0.0,Baseline,65,Safe,0.0,0.0,ILO Labor Models (2019/2030); BMJ Global Health (2024),400,,,
murree,2024-12-25,Winter (Dec-Jan),8.57,0.0,0.59,0.61,2024,12,,,,,,,,,,,,,,,,,,,,,,,,,,,,,,,Tourism & Hospitality,0,0.0,0.0,0.0,Iesco,440,4,20.5,0.0,0.0,Baseline,65,Safe,0.0,0.0,ILO Labor Models (2019/2030); BMJ Global Health (2024),400,,,
murree,2024-12-26,Winter (Dec-Jan),9.76,0.0,0.59,0.61,2024,12,,,,,,,,,,,,,,,,,,,,,,,,,,,,,,,Tourism & Hospitality,0,0.0,0.0,0.0,Iesco,440,4,20.5,0.0,0.0,Baseline,65,Safe,0.0,0.0,ILO Labor Models (2019/2030); BMJ Global Health (2024),400,,,
murree,2024-12-27,Winter (Dec-Jan),9.61,0.58,0.59,0.61,2024,12,,,,,,,,,,,,,,,,,,,,,,,,,,,,,,,Tourism & Hospitality,0,0.0,0.0,0.0,Iesco,440,4,20.5,0.0,0.0,Baseline,65,Safe,0.0,0.0,ILO Labor Models (2019/2030); BMJ Global Health (2024),400,,,
murree,2024-12-28,Winter (Dec-Jan),8.3,0.37,0.59,0.61,2024,12,,,,,,,,,,,,,,,,,,,,,,,,,,,,,,,Tourism & Hospitality,0,0.0,0.0,0.0,Iesco,440,4,20.5,0.0,0.0,Baseline,65,Safe,0.0,0.0,ILO Labor Models (2019/2030); BMJ Global Health (2024),400,,,
murree,2024-12-29,Winter (Dec-Jan),9.63,0.0,0.59,0.61,2024,12,,,,,,,,,,,,,,,,,,,,,,,,,,,,,,,Tourism & Hospitality,0,0.0,0.0,0.0,Iesco,440,4,20.5,0.0,0.0,Baseline,65,Safe,0.0,0.0,ILO Labor Models (2019/2030); BMJ Global Health (2024),400,,,
murree,2024-12-30,Winter (Dec-Jan),10.71,0.0,0.59,0.61,2024,12,,,,,,,,,,,,,,,,,,,,,,,,,,,,,,,Tourism & Hospitality,0,0.0,0.0,0.0,Iesco,440,4,20.5,0.0,0.0,Baseline,65,Safe,0.0,0.0,ILO Labor Models (2019/2030); BMJ Global Health (2024),400,,,
murree,2024-12-31,Winter (Dec-Jan),10.27,0.0,0.59,0.6,2024,12,,,,,,,,,,,,,,,,,,,,,,,,,,,,,,,Tourism & Hospitality,0,0.0,0.0,0.0,Iesco,440,4,20.5,0.0,0.0,Baseline,65,Safe,0.0,0.0,ILO Labor Models (2019/2030); BMJ Global Health (2024),400,,,
murree,2025-01-01,Winter (Dec-Jan),9.78,0.71,0.59,0.6,2025,1,,,,,,,,,,,,,,,,,,,,,,,,,,,,,,,Tourism & Hospitality,0,0.0,0.0,0.0,Iesco,350,4,19.5,0.0,0.0,Baseline,65,Safe,0.0,0.0,,250,,,
murree,2025-01-02,Winter (Dec-Jan),10.88,1.71,0.6,0.61,2025,1,,,,,,,,,,,,,,,,,,,,,,,,,,,,,,,Tourism & Hospitality,0,0.0,0.0,0.0,Iesco,350,4,19.5,0.0,0.0,Baseline,65,Safe,0.0,0.0,,250,,,
murree,2025-01-03,Winter (Dec-Jan),12.38,0.01,0.59,0.61,2025,1,,,,,,,,,,,,,,,,,,,,,,,,,,,,,,,Tourism & Hospitality,0,0.0,0.0,0.0,Iesco,350,4,19.5,0.0,0.0,Baseline,65,Safe,0.0,0.0,,250,,,
murree,2025-01-04,Winter (Dec-Jan),11.85,0.59,0.59,0.6,2025,1,,,,,,,,,,,,,,,,,,,,,,,,,,,,,,,Tourism & Hospitality,0,0.0,0.0,0.0,Iesco,350,4,19.5,0.0,0.0,Baseline,65,Safe,0.0,0.0,,250,,,
murree,2025-01-05,Winter (Dec-Jan),10.26,1.4,0.59,0.6,2025,1,,,,,,,,,,,,,,,,,,,,,,,,,,,,,,,Tourism & Hospitality,0,0.0,0.0,0.0,Iesco,350,4,19.5,0.0,0.0,Baseline,65,Safe,0.0,0.0,,250,,,
murree,2025-01-06,Winter (Dec-Jan),9.07,4.42,0.62,0.61,2025,1,,,,,,,,,,,,,,,,,,,,,,,,,,,,,,,Tourism & Hospitality,0,0.0,0.0,0.0,Iesco,350,4,19.5,0.0,0.0,Baseline,65,Safe,0.0,0.0,,250,,,
murree,2025-01-07,Winter (Dec-Jan),9.13,0.17,0.59,0.61,2025,1,,,,,,,,,,,,,,,,,,,,,,,,,,,,,,,Tourism & Hospitality,0,0.0,0.0,0.0,Iesco,350,4,19.5,0.0,0.0,Baseline,65,Safe,0.0,0.0,,250,,,
murree,2025-01-08,Winter (Dec-Jan),10.56,0.0,0.59,0.61,2025,1,,,,,,,,,,,,,,,,,,,,,,,,,,,,,,,Tourism & Hospitality,0,0.0,0.0,0.0,Iesco,350,4,19.5,0.0,0.0,Baseline,65,Safe,0.0,0.0,,250,,,
murree,2025-01-09,Winter (Dec-Jan),9.78,0.0,0.59,0.61,2025,1,,,,,,,,,,,,,,,,,,,,,,,,,,,,,,,Tourism & Hospitality,0,0.0,0.0,0.0,Iesco,350,4,19.5,0.0,0.0,Baseline,65,Safe,0.0,0.0,,250,,,
murree,2025-01-10,Winter (Dec-Jan),9.76,0.0,0.58,0.61,2025,1,,,,,,,,,,,,,,,,,,,,,,,,,,,,,,,Tourism & Hospitality,0,0.0,0.0,0.0,Iesco,350,4,19.5,0.0,0.0,Baseline,65,Safe,0.0,0.0,,250,,,
murree,2025-01-11,Winter (Dec-Jan),8.68,0.0,0.59,0.6,2025,1,,,,,,,,,,,,,,,,,,,,,,,,,,,,,,,Tourism & Hospitality,0,0.0,0.0,0.0,Iesco,350,4,19.5,0.0,0.0,Baseline,65,Safe,0.0,0.0,,250,,,
murree,2025-01-12,Winter (Dec-Jan),8.63,0.0,0.58,0.6,2025,1,,,,,,,,,,,,,,,,,,,,,,,,,,,,,,,Tourism & Hospitality,0,0.0,0.0,0.0,Iesco,350,4,19.5,0.0,0.0,Baseline,65,Safe,0.0,0.0,,250,,,
murree,2025-01-13,Winter (Dec-Jan),8.34,0.0,0.58,0.6,2025,1,,,,,,,,,,,,,,,,,,,,,,,,,,,,,,,Tourism & Hospitality,0,0.0,0.0,0.0,Iesco,350,4,19.5,0.0,0.0,Baseline,65,Safe,0.0,0.0,,250,,,
murree,2025-01-14,Winter (Dec-Jan),9.47,0.0,0.58,0.6,2025,1,,,,,,,,,,,,,,,,,,,,,,,,,,,,,,,Tourism & Hospitality,0,0.0,0.0,0.0,Iesco,350,4,19.5,0.0,0.0,Baseline,65,Safe,0.0,0.0,,250,,,
murree,2025-01-15,Winter (Dec-Jan),9.79,0.0,0.58,0.6,2025,1,,,,,,,,,,,,,,,,,,,,,,,,,,,,,,,Tourism & Hospitality,0,0.0,0.0,0.0,Iesco,350,4,19.5,0.0,0.0,Baseline,65,Safe,0.0,0.0,,250,,,
murree,2025-01-16,Winter (Dec-Jan),7.57,0.59,0.58,0.6,2025,1,,,,,,,,,,,,,,,,,,,,,,,,,,,,,,,Tourism & Hospitality,0,0.0,0.0,0.0,Iesco,350,4,19.5,0.0,0.0,Baseline,65,Safe,0.0,0.0,,250,,,
murree,2025-01-17,Winter (Dec-Jan),8.28,0.01,0.58,0.6,2025,1,,,,,,,,,,,,,,,,,,,,,,,,,,,,,,,Tourism & Hospitality,0,0.0,0.0,0.0,Iesco,350,4,19.5,0.0,0.0,Baseline,65,Safe,0.0,0.0,,250,,,
murree,2025-01-18,Winter (Dec-Jan),10.38,0.0,0.58,0.6,2025,1,,,,,,,,,,,,,,,,,,,,,,,,,,,,,,,Tourism & Hospitality,0,0.0,0.0,0.0,Iesco,350,4,19.5,0.0,0.0,Baseline,65,Safe,0.0,0.0,,250,,,
murree,2025-01-19,Winter (Dec-Jan),8.74,0.95,0.58,0.6,2025,1,,,,,,,,,,,,,,,,,,,,,,,,,,,,,,,Tourism & Hospitality,0,0.0,0.0,0.0,Iesco,350,4,19.5,0.0,0.0,Baseline,65,Safe,0.0,0.0,,250,,,
murree,2025-01-20,Winter (Dec-Jan),9.4,3.12,0.59,0.6,2025,1,,,,,,,,,,,,,,,,,,,,,,,,,,,,,,,Tourism & Hospitality,0,0.0,0.0,0.0,Iesco,350,4,19.5,0.0,0.0,Baseline,65,Safe,0.0,0.0,,250,,,
murree,2025-01-21,Winter (Dec-Jan),9.96,0.15,0.58,0.6,2025,1,,,,,,,,,,,,,,,,,,,,,,,,,,,,,,,Tourism & Hospitality,0,0.0,0.0,0.0,Iesco,350,4,19.5,0.0,0.0,Baseline,65,Safe,0.0,0.0,,250,,,
murree,2025-01-22,Winter (Dec-Jan),9.5,0.04,0.58,0.6,2025,1,,,,,,,,,,,,,,,,,,,,,,,,,,,,,,,Tourism & Hospitality,0,0.0,0.0,0.0,Iesco,350,4,19.5,0.0,0.0,Baseline,65,Safe,0.0,0.0,,250,,,
murree,2025-01-23,Winter (Dec-Jan),10.05,0.0,0.58,0.6,2025,1,,,,,,,,,,,,,,,,,,,,,,,,,,,,,,,Tourism & Hospitality,0,0.0,0.0,0.0,Iesco,350,4,19.5,0.0,0.0,Baseline,65,Safe,0.0,0.0,,250,,,
murree,2025-01-24,Winter (Dec-Jan),9.84,0.0,0.57,0.59,2025,1,,,,,,,,,,,,,,,,,,,,,,,,,,,,,,,Tourism & Hospitality,0,0.0,0.0,0.0,Iesco,350,4,19.5,0.0,0.0,Baseline,65,Safe,0.0,0.0,,250,,,
murree,2025-01-25,Winter (Dec-Jan),9.74,0.0,0.57,0.59,2025,1,,,,,,,,,,,,,,,,,,,,,,,,,,,,,,,Tourism & Hospitality,0,0.0,0.0,0.0,Iesco,350,4,19.5,0.0,0.0,Baseline,65,Safe,0.0,0.0,,250,,,
murree,2025-01-26,Winter (Dec-Jan),11.81,0.0,0.57,0.59,2025,1,,,,,,,,,,,,,,,,,,,,,,,,,,,,,,,Tourism & Hospitality,0,0.0,0.0,0.0,Iesco,350,4,19.5,0.0,0.0,Baseline,65,Safe,0.0,0.0,,250,,,
murree,2025-01-27,Winter (Dec-Jan),12.61,0.0,0.57,0.59,2025,1,,,,,,,,,,,,,,,,,,,,,,,,,,,,,,,Tourism & Hospitality,0,0.0,0.0,0.0,Iesco,350,4,19.5,0.0,0.0,Baseline,65,Safe,0.0,0.0,,250,,,
murree,2025-01-28,Winter (Dec-Jan),12.74,0.0,0.56,0.59,2025,1,,,,,,,,,,,,,,,,,,,,,,,,,,,,,,,Tourism & Hospitality,0,0.0,0.0,0.0,Iesco,350,4,19.5,0.0,0.0,Baseline,65,Safe,0.0,0.0,,250,,,
murree,2025-01-29,Winter (Dec-Jan),8.78,0.67,0.57,0.59,2025,1,,,,,,,,,,,,,,,,,,,,,,,,,,,,,,,Tourism & Hospitality,0,0.0,0.0,0.0,Iesco,350,4,19.5,0.0,0.0,Baseline,65,Safe,0.0,0.0,,250,,,
murree,2025-01-30,Winter (Dec-Jan),8.38,0.04,0.57,0.59,2025,1,,,,,,,,,,,,,,,,,,,,,,,,,,,,,,,Tourism & Hospitality,0,0.0,0.0,0.0,Iesco,350,4,19.5,0.0,0.0,Baseline,65,Safe,0.0,0.0,,250,,,
murree,2025-01-31,Winter (Dec-Jan),9.62,0.08,0.57,0.58,2025,1,,,,,,,,,,,,,,,,,,,,,,,,,,,,,,,Tourism & Hospitality,0,0.0,0.0,0.0,Iesco,350,4,19.5,0.0,0.0,Baseline,65,Safe,0.0,0.0,,250,,,
murree,2025-05-01,Summer (May-Jul),23.73,11.36,0.61,0.59,2025,5,,,,,,,,,32.0,11.36,0.27,11.09,Surplus (Recharging),,,,,,,,,,,,,,,,,,Tourism & Hospitality,28,0.58,1.4,1.22,Iesco,250,2,39.0,3.62,9.1,Critical (High Er Visits),30,Extreme,5.2,13.5,,250,,,
murree,2025-05-02,Summer (May-Jul),23.25,0.5,0.58,0.6,2025,5,,,,,,,,,29.1,0.5,0.35,0.15,Surplus (Recharging),,,,,,,,,,,,,,,,,,Tourism & Hospitality,28,0.58,1.4,1.22,Iesco,250,2,39.0,3.62,9.1,Critical (High Er Visits),30,Extreme,5.2,13.5,,250,,,
murree,2025-05-03,Summer (May-Jul),20.85,0.47,0.58,0.6,2025,5,,,,,,,,,22.9,0.47,0.13,0.34,Surplus (Recharging),,,,,,,,,,,,,,,,,,Tourism & Hospitality,28,0.58,1.4,1.22,Iesco,250,2,39.0,3.62,9.1,Critical (High Er Visits),30,Extreme,5.2,13.5,,250,,,
murree,2025-05-04,Summer (May-Jul),20.64,6.12,0.61,0.6,2025,5,,,,,,,,,24.64,6.12,0.18,5.94,Surplus (Recharging),,,,,,,,,,,,,,,,,,Tourism & Hospitality,28,0.58,1.4,1.22,Iesco,250,2,39.0,3.62,9.1,Critical (High Er Visits),30,Extreme,5.2,13.5,,250,,,
murree,2025-05-05,Summer (May-Jul),20.28,2.36,0.6,0.61,2025,5,,,,,,,,,25.13,2.36,0.18,2.18,Surplus (Recharging),,,,,,,,,,,,,,,,,,Tourism & Hospitality,28,0.58,1.4,1.22,Iesco,250,2,39.0,3.62,9.1,Critical (High Er Visits),30,Extreme,5.2,13.5,,250,,,
murree,2025-05-06,Summer (May-Jul),23.56,0.05,0.57,0.61,2025,5,,,,,,,,,28.86,0.05,0.74,-0.69,Severe Deficit (Water Loss),,,,,,,,,,,,,,,,,,Tourism & Hospitality,28,0.58,1.4,1.22,Iesco,250,2,39.0,3.62,9.1,Critical (High Er Visits),30,Extreme,5.2,13.5,,250,,,
murree,2025-05-07,Summer (May-Jul),24.27,1.7,0.58,0.6,2025,5,,,,,,,,,28.27,1.7,0.52,1.18,Surplus (Recharging),,,,,,,,,,,,,,,,,,Tourism & Hospitality,28,0.58,1.4,1.22,Iesco,250,2,39.0,3.62,9.1,Critical (High Er Visits),30,Extreme,5.2,13.5,,250,,,
murree,2025-05-08,Summer (May-Jul),22.58,13.58,0.65,0.61,2025,5,,,,,,,,,24.55,13.58,0.2,13.38,Surplus (Recharging),,,,,,,,,,,,,,,,,,Tourism & Hospitality,28,0.58,1.4,1.22,Iesco,250,2,39.0,3.62,9.1,Critical (High Er Visits),30,Extreme,5.2,13.5,,250,,,
murree,2025-05-09,Summer (May-Jul),22.81,17.8,0.7,0.65,2025,5,,,,,,,,,27.43,17.8,1.13,16.67,Surplus (Recharging),,,,,,,,,,,,,,,,,,Tourism & Hospitality,28,0.58,1.4,1.22,Iesco,250,2,39.0,3.62,9.1,Critical (High Er Visits),30,Extreme,5.2,13.5,,250,,,
murree,2025-05-10,Summer (May-Jul),25.45,0.76,0.62,0.65,2025,5,,,,,,,,,31.27,0.76,2.6,-1.84,Severe Deficit (Water Loss),,,,,,,,,,,,,,,,,,Tourism & Hospitality,28,0.58,1.4,1.22,Iesco,250,2,39.0,3.62,9.1,Critical (High Er Visits),30,Extreme,5.2,13.5,,250,,,
murree,2025-05-11,Summer (May-Jul),26.11,3.06,0.62,0.64,2025,5,,,,,,,,,31.83,3.06,2.19,0.87,Surplus (Recharging),,,,,,,,,,,,,,,,,,Tourism & Hospitality,28,0.58,1.4,1.22,Iesco,250,2,39.0,3.62,9.1,Critical (High Er Visits),30,Extreme,5.2,13.5,,250,,,
murree,2025-05-12,Summer (May-Jul),24.54,12.24,0.67,0.65,2025,5,,,,,,,,,29.17,12.24,2.03,10.21,Surplus (Recharging),,,,,,,,,,,,,,,,,,Tourism & Hospitality,28,0.58,1.4,1.22,Iesco,250,2,39.0,3.62,9.1,Critical (High Er Visits),30,Extreme,5.2,13.5,,250,,,
murree,2025-05-13,Summer (May-Jul),25.77,0.07,0.62,0.65,2025,5,,,,,,,,,31.22,0.07,2.76,-2.69,Severe Deficit (Water Loss),,,,,,,,,,,,,,,,,,Tourism & Hospitality,28,0.58,1.4,1.22,Iesco,250,2,39.0,3.62,9.1,Critical (High Er Visits),30,Extreme,5.2,13.5,,250,,,
murree,2025-05-14,Summer (May-Jul),27.12,0.0,0.6,0.64,2025,5,,,,,,,,,33.73,0.0,2.5,-2.5,Severe Deficit (Water Loss),,,,,,,,,,,,,,,,,,Tourism & Hospitality,28,0.58,1.4,1.22,Iesco,250,2,39.0,3.62,9.1,Critical (High Er Visits),30,Extreme,5.2,13.5,,250,,,
murree,2025-05-15,Summer (May-Jul),28.06,0.0,0.59,0.63,2025,5,,,,,,,,,34.94,0.0,2.19,-2.19,Severe Deficit (Water Loss),,,,,,,,,,,,,,,,,,Tourism & Hospitality,28,0.58,1.4,1.22,Iesco,250,2,39.0,3.62,9.1,Critical (High Er Visits),30,Extreme,5.2,13.5,,250,,,
murree,2025-05-16,Summer (May-Jul),28.98,0.01,0.58,0.62,2025,5,,,,,,,,,35.53,0.01,1.89,-1.88,Severe Deficit (Water Loss),,,,,,,,,,,,,,,,,,Tourism & Hospitality,28,0.58,1.4,1.22,Iesco,250,2,39.0,3.62,9.1,Critical (High Er Visits),30,Extreme,5.2,13.5,,250,,,
murree,2025-05-17,Summer (May-Jul),29.38,0.0,0.57,0.61,2025,5,,,,,,,,,35.82,0.0,1.65,-1.65,Severe Deficit (Water Loss),,,,,,,,,,,,,,,,,,Tourism & Hospitality,28,0.58,1.4,1.22,Iesco,250,2,39.0,3.62,9.1,Critical (High Er Visits),30,Extreme,5.2,13.5,,250,,,
murree,2025-05-18,Summer (May-Jul),29.62,0.43,0.56,0.61,2025,5,,,,,,,,,37.08,0.43,1.4,-0.97,Severe Deficit (Water Loss),,,,,,,,,,,,,,,,,,Tourism & Hospitality,28,0.58,1.4,1.22,Iesco,250,2,39.0,3.62,9.1,Critical (High Er Visits),30,Extreme,5.2,13.5,,250,,,
murree,2025-05-19,Summer (May-Jul),29.16,1.46,0.57,0.6,2025,5,,,,,,,,,35.97,1.46,1.22,0.24,Surplus (Recharging),,,,,,,,,,,,,,,,,,Tourism & Hospitality,28,0.58,1.4,1.22,Iesco,250,2,39.0,3.62,9.1,Critical (High Er Visits),30,Extreme,5.2,13.5,,250,,,
murree,2025-05-20,Summer (May-Jul),29.47,0.0,0.55,0.6,2025,5,,,,,,,,,36.62,0.0,1.04,-1.04,Severe Deficit (Water Loss),,,,,,,,,,,,,,,,,,Tourism & Hospitality,28,0.58,1.4,1.22,Iesco,250,2,39.0,3.62,9.1,Critical (High Er Visits),30,Extreme,5.2,13.5,,250,,,
murree,2025-05-21,Summer (May-Jul),31.1,0.0,0.54,0.59,2025,5,,,,,,,,,37.62,0.0,0.87,-0.87,Severe Deficit (Water Loss),,,,,,,,,,,,,,,,,,Tourism & Hospitality,28,0.58,1.4,1.22,Iesco,250,2,39.0,3.62,9.1,Critical (High Er Visits),30,Extreme,5.2,13.5,,250,,,
murree,2025-05-22,Summer (May-Jul),31.42,0.0,0.54,0.58,2025,5,,,,,,,,,38.66,0.0,0.74,-0.74,Severe Deficit (Water Loss),,,,,,,,,,,,,,,,,,Tourism & Hospitality,28,0.58,1.4,1.22,Iesco,250,2,39.0,3.62,9.1,Critical (High Er Visits),30,Extreme,5.2,13.5,,250,,,
murree,2025-05-23,Summer (May-Jul),29.23,0.0,0.53,0.58,2025,5,,,,,,,,,35.59,0.0,0.48,-0.48,Severe Deficit (Water Loss),,,,,,,,,,,,,,,,,,Tourism & Hospitality,28,0.58,1.4,1.22,Iesco,250,2,39.0,3.62,9.1,Critical (High Er Visits),30,Extreme,5.2,13.5,,250,,,
murree,2025-05-24,Summer (May-Jul),28.67,14.94,0.61,0.58,2025,5,,,,,,,,,34.33,14.94,0.37,14.57,Surplus (Recharging),,,,,,,,,,,,,,,,,,Tourism & Hospitality,28,0.58,1.4,1.22,Iesco,250,2,39.0,3.62,9.1,Critical (High Er Visits),30,Extreme,5.2,13.5,,250,,,
murree,2025-05-25,Summer (May-Jul),26.83,4.49,0.6,0.6,2025,5,,,,,,,,,32.41,4.49,1.03,3.46,Surplus (Recharging),,,,,,,,,,,,,,,,,,Tourism & Hospitality,28,0.58,1.4,1.22,Iesco,250,2,39.0,3.62,9.1,Critical (High Er Visits),30,Extreme,5.2,13.5,,250,,,
murree,2025-05-26,Summer (May-Jul),27.6,0.0,0.55,0.6,2025,5,,,,,,,,,33.79,0.0,0.95,-0.95,Severe Deficit (Water Loss),,,,,,,,,,,,,,,,,,Tourism & Hospitality,28,0.58,1.4,1.22,Iesco,250,2,39.0,3.62,9.1,Critical (High Er Visits),30,Extreme,5.2,13.5,,250,,,
murree,2025-05-27,Summer (May-Jul),28.85,9.23,0.58,0.59,2025,5,,,,,,,,,35.04,9.23,0.74,8.49,Surplus (Recharging),,,,,,,,,,,,,,,,,,Tourism & Hospitality,28,0.58,1.4,1.22,Iesco,250,2,39.0,3.62,9.1,Critical (High Er Visits),30,Extreme,5.2,13.5,,250,,,
murree,2025-05-28,Summer (May-Jul),28.65,2.42,0.59,0.6,2025,5,,,,,,,,,35.18,2.42,1.34,1.08,Surplus (Recharging),,,,,,,,,,,,,,,,,,Tourism & Hospitality,28,0.58,1.4,1.22,Iesco,250,2,39.0,3.62,9.1,Critical (High Er Visits),30,Extreme,5.2,13.5,,250,,,
murree,2025-05-29,Summer (May-Jul),28.81,0.07,0.55,0.6,2025,5,,,,,,,,,35.18,0.07,0.98,-0.91,Severe Deficit (Water Loss),,,,,,,,,,,,,,,,,,Tourism & Hospitality,28,0.58,1.4,1.22,Iesco,250,2,39.0,3.62,9.1,Critical (High Er Visits),30,Extreme,5.2,13.5,,250,,,
murree,2025-05-30,Summer (May-Jul),27.02,12.67,0.62,0.6,2025,5,,,,,,,,,32.61,12.67,1.19,11.48,Surplus (Recharging),,,,,,,,,,,,,,,,,,Tourism & Hospitality,28,0.58,1.4,1.22,Iesco,250,2,39.0,3.62,9.1,Critical (High Er Visits),30,Extreme,5.2,13.5,,250,,,
murree,2025-05-31,Summer (May-Jul),24.08,10.03,0.64,0.62,2025,5,,,,,,,,,28.57,10.03,1.0,9.03,Surplus (Recharging),,,,,,,,,,,,,,,,,,Tourism & Hospitality,28,0.58,1.4,1.22,Iesco,250,2,39.0,3.62,9.1,Critical (High Er Visits),30,Extreme,5.2,13.5,,250,,,
murree,2025-06-01,Summer (May-Jul),24.92,0.41,0.58,0.62,2025,6,,,,,,,,,30.59,0.41,1.46,-1.05,Severe Deficit (Water Loss),,,,,,,,,,,,,,,,,,Tourism & Hospitality,48,0.96,2.4,3.46,Iesco,450,4,40.5,4.13,10.3,Critical (High Er Visits),40,Extreme,6.8,17.8,,250,,,
murree,2025-06-02,Summer (May-Jul),25.85,0.58,0.57,0.61,2025,6,,,,,,,,,32.46,0.58,1.44,-0.86,Severe Deficit (Water Loss),,,,,,,,,,,,,,,,,,Tourism & Hospitality,48,0.96,2.4,3.46,Iesco,450,4,40.5,4.13,10.3,Critical (High Er Visits),40,Extreme,6.8,17.8,,250,,,
murree,2025-06-03,Summer (May-Jul),24.39,7.25,0.61,0.61,2025,6,,,,,,,,,30.37,7.25,1.09,6.16,Surplus (Recharging),,,,,,,,,,,,,,,,,,Tourism & Hospitality,48,0.96,2.4,3.46,Iesco,450,4,40.5,4.13,10.3,Critical (High Er Visits),40,Extreme,6.8,17.8,,250,,,
murree,2025-06-04,Summer (May-Jul),23.99,1.56,0.58,0.61,2025,6,,,,,,,,,29.21,1.56,0.99,0.57,Surplus (Recharging),,,,,,,,,,,,,,,,,,Tourism & Hospitality,48,0.96,2.4,3.46,Iesco,450,4,40.5,4.13,10.3,Critical (High Er Visits),40,Extreme,6.8,17.8,,250,,,
murree,2025-06-05,Summer (May-Jul),26.58,0.01,0.56,0.6,2025,6,,,,,,,,,31.22,0.01,1.04,-1.03,Severe Deficit (Water Loss),,,,,,,,,,,,,,,,,,Tourism & Hospitality,48,0.96,2.4,3.46,Iesco,450,4,40.5,4.13,10.3,Critical (High Er Visits),40,Extreme,6.8,17.8,,250,,,
murree,2025-06-06,Summer (May-Jul),29.24,0.0,0.56,0.6,2025,6,,,,,,,,,35.63,0.0,1.1,-1.1,Severe Deficit (Water Loss),,,,,,,,,,,,,,,,,,Tourism & Hospitality,48,0.96,2.4,3.46,Iesco,450,4,40.5,4.13,10.3,Critical (High Er Visits),40,Extreme,6.8,17.8,,250,,,
murree,2025-06-07,Summer (May-Jul),29.98,1.04,0.55,0.59,2025,6,,,,,,,,,36.8,1.04,0.97,0.07,Surplus (Recharging),,,,,,,,,,,,,,,,,,Tourism & Hospitality,48,0.96,2.4,3.46,Iesco,450,4,40.5,4.13,10.3,Critical (High Er Visits),40,Extreme,6.8,17.8,,250,,,
murree,2025-06-08,Summer (May-Jul),30.5,0.26,0.54,0.59,2025,6,,,,,,,,,37.25,0.26,0.85,-0.59,Severe Deficit (Water Loss),,,,,,,,,,,,,,,,,,Tourism & Hospitality,48,0.96,2.4,3.46,Iesco,450,4,40.5,4.13,10.3,Critical (High Er Visits),40,Extreme,6.8,17.8,,250,,,
murree,2025-06-09,Summer (May-Jul),31.92,0.0,0.53,0.58,2025,6,,,,,,,,,39.0,0.0,0.73,-0.73,Severe Deficit (Water Loss),,,,,,,,,,,,,,,,,,Tourism & Hospitality,48,0.96,2.4,3.46,Iesco,450,4,40.5,4.13,10.3,Critical (High Er Visits),40,Extreme,6.8,17.8,,250,,,
murree,2025-06-10,Summer (May-Jul),31.99,0.0,0.53,0.57,2025,6,,,,,,,,,39.69,0.0,0.55,-0.55,Severe Deficit (Water Loss),,,,,,,,,,,,,,,,,,Tourism & Hospitality,48,0.96,2.4,3.46,Iesco,450,4,40.5,4.13,10.3,Critical (High Er Visits),40,Extreme,6.8,17.8,,250,,,
murree,2025-06-11,Summer (May-Jul),32.6,0.0,0.52,0.57,2025,6,,,,,,,,,40.67,0.0,0.4,-0.4,Severe Deficit (Water Loss),,,,,,,,,,,,,,,,,,Tourism & Hospitality,48,0.96,2.4,3.46,Iesco,450,4,40.5,4.13,10.3,Critical (High Er Visits),40,Extreme,6.8,17.8,,250,,,
murree,2025-06-12,Summer (May-Jul),32.87,0.0,0.51,0.56,2025,6,,,,,,,,,39.53,0.0,0.27,-0.27,Severe Deficit (Water Loss),,,,,,,,,,,,,,,,,,Tourism & Hospitality,48,0.96,2.4,3.46,Iesco,450,4,40.5,4.13,10.3,Critical (High Er Visits),40,Extreme,6.8,17.8,,250,,,
murree,2025-06-13,Summer (May-Jul),32.5,0.03,0.51,0.55,2025,6,,,,,,,,,38.79,0.03,0.16,-0.13,Severe Deficit (Water Loss),,,,,,,,,,,,,,,,,,Tourism & Hospitality,48,0.96,2.4,3.46,Iesco,450,4,40.5,4.13,10.3,Critical (High Er Visits),40,Extreme,6.8,17.8,,250,,,
murree,2025-06-14,Summer (May-Jul),31.62,0.15,0.5,0.55,2025,6,,,,,,,,,37.53,0.15,0.1,0.05,Surplus (Recharging),,,,,,,,,,,,,,,,,,Tourism & Hospitality,48,0.96,2.4,3.46,Iesco,450,4,40.5,4.13,10.3,Critical (High Er Visits),40,Extreme,6.8,17.8,,250,,,
murree,2025-06-15,Summer (May-Jul),31.67,0.31,0.48,0.54,2025,6,,,,,,,,,39.24,0.31,0.06,0.25,Surplus (Recharging),,,,,,,,,,,,,,,,,,Tourism & Hospitality,48,0.96,2.4,3.46,Iesco,450,4,40.5,4.13,10.3,Critical (High Er Visits),40,Extreme,6.8,17.8,,250,,,
murree,2025-06-16,Summer (May-Jul),30.94,0.05,0.45,0.54,2025,6,,,,,,,,,36.56,0.05,0.02,0.03,Surplus (Recharging),,,,,,,,,,,,,,,,,,Tourism & Hospitality,48,0.96,2.4,3.46,Iesco,450,4,40.5,4.13,10.3,Critical (High Er Visits),40,Extreme,6.8,17.8,,250,,,
murree,2025-06-17,Summer (May-Jul),30.3,0.08,0.43,0.54,2025,6,,,,,,,,,36.69,0.08,0.01,0.07,Surplus (Recharging),,,,,,,,,,,,,,,,,,Tourism & Hospitality,48,0.96,2.4,3.46,Iesco,450,4,40.5,4.13,10.3,Critical (High Er Visits),40,Extreme,6.8,17.8,,250,,,
murree,2025-06-18,Summer (May-Jul),30.68,0.01,0.41,0.54,2025,6,,,,,,,,,37.57,0.01,0.0,0.01,Surplus (Recharging),,,,,,,,,,,,,,,,,,Tourism & Hospitality,48,0.96,2.4,3.46,Iesco,450,4,40.5,4.13,10.3,Critical (High Er Visits),40,Extreme,6.8,17.8,,250,,,
murree,2025-06-19,Summer (May-Jul),33.11,0.0,0.38,0.53,2025,6,,,,,,,,,40.4,0.0,0.0,0.0,Surplus (Recharging),,,,,,,,,,,,,,,,,,Tourism & Hospitality,48,0.96,2.4,3.46,Iesco,450,4,40.5,4.13,10.3,Critical (High Er Visits),40,Extreme,6.8,17.8,,250,,,
murree,2025-06-20,Summer (May-Jul),34.06,0.07,0.35,0.53,2025,6,,,,,,,,,40.64,0.07,0.0,0.07,Surplus (Recharging),,,,,,,,,,,,,,,,,,Tourism & Hospitality,48,0.96,2.4,3.46,Iesco,450,4,40.5,4.13,10.3,Critical (High Er Visits),40,Extreme,6.8,17.8,,250,,,
murree,2025-06-21,Summer (May-Jul),33.4,4.42,0.4,0.53,2025,6,,,,,,,,,38.65,4.42,0.0,4.42,Surplus (Recharging),,,,,,,,,,,,,,,,,,Tourism & Hospitality,48,0.96,2.4,3.46,Iesco,450,4,40.5,4.13,10.3,Critical (High Er Visits),40,Extreme,6.8,17.8,,250,,,
murree,2025-06-22,Summer (May-Jul),29.88,17.99,0.61,0.56,2025,6,,,,,,,,,34.54,17.99,0.2,17.79,Surplus (Recharging),,,,,,,,,,,,,,,,,,Tourism & Hospitality,48,0.96,2.4,3.46,Iesco,450,4,40.5,4.13,10.3,Critical (High Er Visits),40,Extreme,6.8,17.8,,250,,,
murree,2025-06-23,Summer (May-Jul),30.6,1.16,0.54,0.56,2025,6,,,,,,,,,36.9,1.16,0.23,0.93,Surplus (Recharging),,,,,,,,,,,,,,,,,,Tourism & Hospitality,48,0.96,2.4,3.46,Iesco,450,4,40.5,4.13,10.3,Critical (High Er Visits),40,Extreme,6.8,17.8,,250,,,
murree,2025-06-24,Summer (May-Jul),31.25,0.1,0.52,0.56,2025,6,,,,,,,,,37.39,0.1,0.15,-0.05,Severe Deficit (Water Loss),,,,,,,,,,,,,,,,,,Tourism & Hospitality,48,0.96,2.4,3.46,Iesco,450,4,40.5,4.13,10.3,Critical (High Er Visits),40,Extreme,6.8,17.8,,250,,,
murree,2025-06-25,Summer (May-Jul),28.15,41.69,0.7,0.59,2025,6,,,,,,,,,30.81,41.69,0.43,41.26,Surplus (Recharging),,,,,,,,,,,,,,,,,,Tourism & Hospitality,48,0.96,2.4,3.46,Iesco,450,4,40.5,4.13,10.3,Critical (High Er Visits),40,Extreme,6.8,17.8,,250,,,
murree,2025-06-26,Summer (May-Jul),26.14,26.15,0.72,0.65,2025,6,,,,,,,,,28.85,26.15,1.02,25.13,Surplus (Recharging),,,,,,,,,,,,,,,,,,Tourism & Hospitality,48,0.96,2.4,3.46,Iesco,450,4,40.5,4.13,10.3,Critical (High Er Visits),40,Extreme,6.8,17.8,,250,,,
murree,2025-06-27,Summer (May-Jul),26.38,16.29,0.71,0.66,2025,6,,,,,,,,,30.63,16.29,1.97,14.32,Surplus (Recharging),,,,,,,,,,,,,,,,,,Tourism & Hospitality,48,0.96,2.4,3.46,Iesco,450,4,40.5,4.13,10.3,Critical (High Er Visits),40,Extreme,6.8,17.8,,250,,,
murree,2025-06-28,Summer (May-Jul),27.0,7.4,0.7,0.68,2025,6,,,,,,,,,30.66,7.4,2.97,4.43,Surplus (Recharging),,,,,,,,,,,,,,,,,,Tourism & Hospitality,48,0.96,2.4,3.46,Iesco,450,4,40.5,4.13,10.3,Critical (High Er Visits),40,Extreme,6.8,17.8,,250,,,
murree,2025-06-29,Summer (May-Jul),28.73,3.02,0.66,0.67,2025,6,,,,,,,,,33.57,3.02,4.14,-1.12,Severe Deficit (Water Loss),,,,,,,,,,,,,,,,,,Tourism & Hospitality,48,0.96,2.4,3.46,Iesco,450,4,40.5,4.13,10.3,Critical (High Er Visits),40,Extreme,6.8,17.8,,250,,,
murree,2025-06-30,Summer (May-Jul),28.37,8.73,0.68,0.67,2025,6,,,,,,,,,32.77,8.73,4.24,4.49,Surplus (Recharging),,,,,,,,,,,,,,,,,,Tourism & Hospitality,48,0.96,2.4,3.46,Iesco,450,4,40.5,4.13,10.3,Critical (High Er Visits),40,Extreme,6.8,17.8,,250,,,
murree,2025-07-01,Summer (May-Jul),27.95,14.99,0.73,0.69,2025,7,,,,,,,,,31.94,14.99,3.94,11.05,Surplus (Recharging),,,,,,,,,,,,,,,,,,Tourism & Hospitality,43,0.86,2.15,2.77,Iesco,400,4,36.5,2.8,7.0,Elevated (Heat Stress),70,Extreme (Humid),6.1,15.9,,250,,,
murree,2025-07-02,Summer (May-Jul),27.09,22.2,0.78,0.71,2025,7,,,,,,,,,31.01,22.2,4.43,17.77,Surplus (Recharging),,,,,,,,,,,,,,,,,,Tourism & Hospitality,43,0.86,2.15,2.77,Iesco,400,4,36.5,2.8,7.0,Elevated (Heat Stress),70,Extreme (Humid),6.1,15.9,,250,,,
murree,2025-07-03,Summer (May-Jul),26.91,8.29,0.75,0.72,2025,7,,,,,,,,,31.03,8.29,4.86,3.43,Surplus (Recharging),,,,,,,,,,,,,,,,,,Tourism & Hospitality,43,0.86,2.15,2.77,Iesco,400,4,36.5,2.8,7.0,Elevated (Heat Stress),70,Extreme (Humid),6.1,15.9,,250,,,
murree,2025-07-04,Summer (May-Jul),27.17,8.55,0.75,0.72,2025,7,,,,,,,,,31.08,8.55,5.26,3.29,Surplus (Recharging),,,,,,,,,,,,,,,,,,Tourism & Hospitality,43,0.86,2.15,2.77,Iesco,400,4,36.5,2.8,7.0,Elevated (Heat Stress),70,Extreme (Humid),6.1,15.9,,250,,,
murree,2025-07-05,Summer (May-Jul),27.63,10.33,0.76,0.72,2025,7,,,,,,,,,29.64,10.33,2.23,8.1,Surplus (Recharging),,,,,,,,,,,,,,,,,,Tourism & Hospitality,43,0.86,2.15,2.77,Iesco,400,4,36.5,2.8,7.0,Elevated (Heat Stress),70,Extreme (Humid),6.1,15.9,,250,,,
murree,2025-07-06,Summer (May-Jul),27.42,16.18,0.81,0.75,2025,7,,,,,,,,,29.47,16.18,1.91,14.27,Surplus (Recharging),,,,,,,,,,,,,,,,,,Tourism & Hospitality,43,0.86,2.15,2.77,Iesco,400,4,36.5,2.8,7.0,Elevated (Heat Stress),70,Extreme (Humid),6.1,15.9,,250,,,
murree,2025-07-07,Summer (May-Jul),26.25,10.21,0.8,0.75,2025,7,,,,,,,,,29.62,10.21,2.58,7.63,Surplus (Recharging),,,,,,,,,,,,,,,,,,Tourism & Hospitality,43,0.86,2.15,2.77,Iesco,400,4,36.5,2.8,7.0,Elevated (Heat Stress),70,Extreme (Humid),6.1,15.9,,250,,,
murree,2025-07-08,Summer (May-Jul),26.63,6.06,0.8,0.76,2025,7,,,,,,,,,29.59,6.06,3.23,2.83,Surplus (Recharging),,,,,,,,,,,,,,,,,,Tourism & Hospitality,43,0.86,2.15,2.77,Iesco,400,4,36.5,2.8,7.0,Elevated (Heat Stress),70,Extreme (Humid),6.1,15.9,,250,,,
murree,2025-07-09,Summer (May-Jul),25.35,37.85,0.85,0.79,2025,7,,,,,,,,,28.33,37.85,1.57,36.28,Surplus (Recharging),,,,,,,,,,,,,,,,,,Tourism & Hospitality,43,0.86,2.15,2.77,Iesco,400,4,36.5,2.8,7.0,Elevated (Heat Stress),70,Extreme (Humid),6.1,15.9,,250,,,
murree,2025-07-10,Summer (May-Jul),24.69,21.15,0.87,0.81,2025,7,,,,,,,,,28.13,21.15,2.83,18.32,Surplus (Recharging),,,,,,,,,,,,,,,,,,Tourism & Hospitality,43,0.86,2.15,2.77,Iesco,400,4,36.5,2.8,7.0,Elevated (Heat Stress),70,Extreme (Humid),6.1,15.9,,250,,,
murree,2025-07-11,Summer (May-Jul),24.77,2.9,0.83,0.81,2025,7,,,,,,,,,29.27,2.9,6.36,-3.46,Severe Deficit (Water Loss),,,,,,,,,,,,,,,,,,Tourism & Hospitality,43,0.86,2.15,2.77,Iesco,400,4,36.5,2.8,7.0,Elevated (Heat Stress),70,Extreme (Humid),6.1,15.9,,250,,,
murree,2025-07-12,Summer (May-Jul),26.42,0.03,0.81,0.8,2025,7,,,,,,,,,30.23,0.03,6.52,-6.49,Severe Deficit (Water Loss),,,,,,,,,,,,,,,,,,Tourism & Hospitality,43,0.86,2.15,2.77,Iesco,400,4,36.5,2.8,7.0,Elevated (Heat Stress),70,Extreme (Humid),6.1,15.9,,250,,,
murree,2025-07-13,Summer (May-Jul),26.84,1.7,0.8,0.79,2025,7,,,,,,,,,29.82,1.7,6.1,-4.4,Severe Deficit (Water Loss),,,,,,,,,,,,,,,,,,Tourism & Hospitality,43,0.86,2.15,2.77,Iesco,400,4,36.5,2.8,7.0,Elevated (Heat Stress),70,Extreme (Humid),6.1,15.9,,250,,,
murree,2025-07-14,Summer (May-Jul),26.04,9.95,0.83,0.79,2025,7,,,,,,,,,29.42,9.95,5.88,4.07,Surplus (Recharging),,,,,,,,,,,,,,,,,,Tourism & Hospitality,43,0.86,2.15,2.77,Iesco,400,4,36.5,2.8,7.0,Elevated (Heat Stress),70,Extreme (Humid),6.1,15.9,,250,,,
murree,2025-07-15,Summer (May-Jul),24.6,13.55,0.84,0.8,2025,7,,,,,,,,,28.5,13.55,3.48,10.07,Surplus (Recharging),,,,,,,,,,,,,,,,,,Tourism & Hospitality,43,0.86,2.15,2.77,Iesco,400,4,36.5,2.8,7.0,Elevated (Heat Stress),70,Extreme (Humid),6.1,15.9,,250,,,
murree,2025-07-16,Summer (May-Jul),24.05,59.75,0.91,0.83,2025,7,,,,,,,,,27.94,59.75,2.61,57.14,Surplus (Recharging),,,,,,,,,,,,,,,,,,Tourism & Hospitality,43,0.86,2.15,2.77,Iesco,400,4,36.5,2.8,7.0,Elevated (Heat Stress),70,Extreme (Humid),6.1,15.9,,250,,,
murree,2025-07-17,Summer (May-Jul),23.98,20.29,0.91,0.88,2025,7,,,,,,,,,26.68,20.29,1.72,18.57,Surplus (Recharging),,,,,,,,,,,,,,,,,,Tourism & Hospitality,43,0.86,2.15,2.77,Iesco,400,4,36.5,2.8,7.0,Elevated (Heat Stress),70,Extreme (Humid),6.1,15.9,,250,,,
murree,2025-07-18,Summer (May-Jul),25.65,17.28,0.91,0.89,2025,7,,,,,,,,,29.18,17.28,3.63,13.65,Surplus (Recharging),,,,,,,,,,,,,,,,,,Tourism & Hospitality,43,0.86,2.15,2.77,Iesco,400,4,36.5,2.8,7.0,Elevated (Heat Stress),70,Extreme (Humid),6.1,15.9,,250,,,
murree,2025-07-19,Summer (May-Jul),26.7,0.0,0.88,0.89,2025,7,,,,,,,,,29.95,0.0,3.75,-3.75,Severe Deficit (Water Loss),,,,,,,,,,,,,,,,,,Tourism & Hospitality,43,0.86,2.15,2.77,Iesco,400,4,36.5,2.8,7.0,Elevated (Heat Stress),70,Extreme (Humid),6.1,15.9,,250,,,
murree,2025-07-20,Summer (May-Jul),27.3,3.48,0.87,0.88,2025,7,,,,,,,,,30.93,3.48,5.82,-2.34,Severe Deficit (Water Loss),,,,,,,,,,,,,,,,,,Tourism & Hospitality,43,0.86,2.15,2.77,Iesco,400,4,36.5,2.8,7.0,Elevated (Heat Stress),70,Extreme (Humid),6.1,15.9,,250,,,
murree,2025-07-21,Summer (May-Jul),26.8,11.12,0.88,0.88,2025,7,,,,,,,,,29.9,11.12,4.06,7.06,Surplus (Recharging),,,,,,,,,,,,,,,,,,Tourism & Hospitality,43,0.86,2.15,2.77,Iesco,400,4,36.5,2.8,7.0,Elevated (Heat Stress),70,Extreme (Humid),6.1,15.9,,250,,,
murree,2025-07-22,Summer (May-Jul),26.0,33.8,0.92,0.91,2025,7,,,,,,,,,29.62,33.8,3.68,30.12,Surplus (Recharging),,,,,,,,,,,,,,,,,,Tourism & Hospitality,43,0.86,2.15,2.77,Iesco,400,4,36.5,2.8,7.0,Elevated (Heat Stress),70,Extreme (Humid),6.1,15.9,,250,,,
murree,2025-07-23,Summer (May-Jul),25.64,16.53,0.91,0.92,2025,7,,,,,,,,,28.77,16.53,4.04,12.49,Surplus (Recharging),,,,,,,,,,,,,,,,,,Tourism & Hospitality,43,0.86,2.15,2.77,Iesco,400,4,36.5,2.8,7.0,Elevated (Heat Stress),70,Extreme (Humid),6.1,15.9,,250,,,
murree,2025-07-24,Summer (May-Jul),25.68,6.62,0.9,0.91,2025,7,,,,,,,,,28.82,6.62,3.66,2.96,Surplus (Recharging),,,,,,,,,,,,,,,,,,Tourism & Hospitality,43,0.86,2.15,2.77,Iesco,400,4,36.5,2.8,7.0,Elevated (Heat Stress),70,Extreme (Humid),6.1,15.9,,250,,,
murree,2025-07-25,Summer (May-Jul),26.77,1.23,0.89,0.91,2025,7,,,,,,,,,30.25,1.23,5.92,-4.69,Severe Deficit (Water Loss),,,,,,,,,,,,,,,,,,Tourism & Hospitality,43,0.86,2.15,2.77,Iesco,400,4,36.5,2.8,7.0,Elevated (Heat Stress),70,Extreme (Humid),6.1,15.9,,250,,,
murree,2025-07-26,Summer (May-Jul),27.83,4.11,0.89,0.9,2025,7,,,,,,,,,31.21,4.11,5.93,-1.82,Severe Deficit (Water Loss),,,,,,,,,,,,,,,,,,Tourism & Hospitality,43,0.86,2.15,2.77,Iesco,400,4,36.5,2.8,7.0,Elevated (Heat Stress),70,Extreme (Humid),6.1,15.9,,250,,,
murree,2025-07-27,Summer (May-Jul),28.04,1.14,0.88,0.89,2025,7,,,,,,,,,31.16,1.14,6.28,-5.14,Severe Deficit (Water Loss),,,,,,,,,,,,,,,,,,Tourism & Hospitality,43,0.86,2.15,2.77,Iesco,400,4,36.5,2.8,7.0,Elevated (Heat Stress),70,Extreme (Humid),6.1,15.9,,250,,,
murree,2025-07-28,Summer (May-Jul),27.9,0.08,0.87,0.88,2025,7,,,,,,,,,31.25,0.08,6.91,-6.83,Severe Deficit (Water Loss),,,,,,,,,,,,,,,,,,Tourism & Hospitality,43,0.86,2.15,2.77,Iesco,400,4,36.5,2.8,7.0,Elevated (Heat Stress),70,Extreme (Humid),6.1,15.9,,250,,,
murree,2025-07-29,Summer (May-Jul),27.4,3.15,0.87,0.88,2025,7,,,,,,,,,30.82,3.15,5.64,-2.49,Severe Deficit (Water Loss),,,,,,,,,,,,,,,,,,Tourism & Hospitality,43,0.86,2.15,2.77,Iesco,400,4,36.5,2.8,7.0,Elevated (Heat Stress),70,Extreme (Humid),6.1,15.9,,250,,,
murree,2025-07-30,Summer (May-Jul),25.81,22.21,0.9,0.88,2025,7,,,,,,,,,29.07,22.21,4.26,17.95,Surplus (Recharging),,,,,,,,,,,,,,,,,,Tourism & Hospitality,43,0.86,2.15,2.77,Iesco,400,4,36.5,2.8,7.0,Elevated (Heat Stress),70,Extreme (Humid),6.1,15.9,,250,,,
murree,2025-07-31,Summer (May-Jul),25.87,1.72,0.87,0.89,2025,7,,,,,,,,,29.32,1.72,5.85,-4.13,Severe Deficit (Water Loss),,,,,,,,,,,,,,,,,,Tourism & Hospitality,43,0.86,2.15,2.77,Iesco,400,4,36.5,2.8,7.0,Elevated (Heat Stress),70,Extreme (Humid),6.1,15.9,,250,,,
murree,2025-12-01,Winter (Dec-Jan),11.91,0.0,0.64,0.65,2025,12,,,,,,,,,,,,,,,,,,,,,,,,,,,,,,,Tourism & Hospitality,0,0.0,0.0,0.0,Iesco,400,4,20.5,0.0,0.0,Baseline,65,Safe,0.0,0.0,,250,,,
murree,2025-12-02,Winter (Dec-Jan),11.19,0.0,0.64,0.65,2025,12,,,,,,,,,,,,,,,,,,,,,,,,,,,,,,,Tourism & Hospitality,0,0.0,0.0,0.0,Iesco,400,4,20.5,0.0,0.0,Baseline,65,Safe,0.0,0.0,,250,,,
murree,2025-12-03,Winter (Dec-Jan),11.43,0.0,0.64,0.65,2025,12,,,,,,,,,,,,,,,,,,,,,,,,,,,,,,,Tourism & Hospitality,0,0.0,0.0,0.0,Iesco,400,4,20.5,0.0,0.0,Baseline,65,Safe,0.0,0.0,,250,,,
murree,2025-12-04,Winter (Dec-Jan),12.82,0.0,0.63,0.65,2025,12,,,,,,,,,,,,,,,,,,,,,,,,,,,,,,,Tourism & Hospitality,0,0.0,0.0,0.0,Iesco,400,4,20.5,0.0,0.0,Baseline,65,Safe,0.0,0.0,,250,,,
murree,2025-12-05,Winter (Dec-Jan),12.31,0.0,0.63,0.65,2025,12,,,,,,,,,,,,,,,,,,,,,,,,,,,,,,,Tourism & Hospitality,0,0.0,0.0,0.0,Iesco,400,4,20.5,0.0,0.0,Baseline,65,Safe,0.0,0.0,,250,,,
murree,2025-12-06,Winter (Dec-Jan),11.99,0.0,0.63,0.64,2025,12,,,,,,,,,,,,,,,,,,,,,,,,,,,,,,,Tourism & Hospitality,0,0.0,0.0,0.0,Iesco,400,4,20.5,0.0,0.0,Baseline,65,Safe,0.0,0.0,,250,,,
murree,2025-12-07,Winter (Dec-Jan),11.96,0.0,0.63,0.64,2025,12,,,,,,,,,,,,,,,,,,,,,,,,,,,,,,,Tourism & Hospitality,0,0.0,0.0,0.0,Iesco,400,4,20.5,0.0,0.0,Baseline,65,Safe,0.0,0.0,,250,,,
murree,2025-12-08,Winter (Dec-Jan),12.33,0.0,0.62,0.64,2025,12,,,,,,,,,,,,,,,,,,,,,,,,,,,,,,,Tourism & Hospitality,0,0.0,0.0,0.0,Iesco,400,4,20.5,0.0,0.0,Baseline,65,Safe,0.0,0.0,,250,,,
murree,2025-12-09,Winter (Dec-Jan),13.81,0.0,0.62,0.64,2025,12,,,,,,,,,,,,,,,,,,,,,,,,,,,,,,,Tourism & Hospitality,0,0.0,0.0,0.0,Iesco,400,4,20.5,0.0,0.0,Baseline,65,Safe,0.0,0.0,,250,,,
murree,2025-12-10,Winter (Dec-Jan),14.88,0.0,0.62,0.64,2025,12,,,,,,,,,,,,,,,,,,,,,,,,,,,,,,,Tourism & Hospitality,0,0.0,0.0,0.0,Iesco,400,4,20.5,0.0,0.0,Baseline,65,Safe,0.0,0.0,,250,,,
murree,2025-12-11,Winter (Dec-Jan),15.13,0.0,0.61,0.63,2025,12,,,,,,,,,,,,,,,,,,,,,,,,,,,,,,,Tourism & Hospitality,0,0.0,0.0,0.0,Iesco,400,4,20.5,0.0,0.0,Baseline,65,Safe,0.0,0.0,,250,,,
murree,2025-12-12,Winter (Dec-Jan),15.33,0.0,0.61,0.63,2025,12,,,,,,,,,,,,,,,,,,,,,,,,,,,,,,,Tourism & Hospitality,0,0.0,0.0,0.0,Iesco,400,4,20.5,0.0,0.0,Baseline,65,Safe,0.0,0.0,,250,,,
murree,2025-12-13,Winter (Dec-Jan),13.39,0.0,0.61,0.63,2025,12,,,,,,,,,,,,,,,,,,,,,,,,,,,,,,,Tourism & Hospitality,0,0.0,0.0,0.0,Iesco,400,4,20.5,0.0,0.0,Baseline,65,Safe,0.0,0.0,,250,,,
murree,2025-12-14,Winter (Dec-Jan),13.55,0.0,0.61,0.63,2025,12,,,,,,,,,,,,,,,,,,,,,,,,,,,,,,,Tourism & Hospitality,0,0.0,0.0,0.0,Iesco,400,4,20.5,0.0,0.0,Baseline,65,Safe,0.0,0.0,,250,,,
murree,2025-12-15,Winter (Dec-Jan),13.77,0.0,0.61,0.63,2025,12,,,,,,,,,,,,,,,,,,,,,,,,,,,,,,,Tourism & Hospitality,0,0.0,0.0,0.0,Iesco,400,4,20.5,0.0,0.0,Baseline,65,Safe,0.0,0.0,,250,,,
murree,2025-12-16,Winter (Dec-Jan),15.4,0.0,0.61,0.63,2025,12,,,,,,,,,,,,,,,,,,,,,,,,,,,,,,,Tourism & Hospitality,0,0.0,0.0,0.0,Iesco,400,4,20.5,0.0,0.0,Baseline,65,Safe,0.0,0.0,,250,,,
murree,2025-12-17,Winter (Dec-Jan),16.28,0.0,0.61,0.62,2025,12,,,,,,,,,,,,,,,,,,,,,,,,,,,,,,,Tourism & Hospitality,0,0.0,0.0,0.0,Iesco,400,4,20.5,0.0,0.0,Baseline,65,Safe,0.0,0.0,,250,,,
murree,2025-12-18,Winter (Dec-Jan),14.93,0.0,0.61,0.62,2025,12,,,,,,,,,,,,,,,,,,,,,,,,,,,,,,,Tourism & Hospitality,0,0.0,0.0,0.0,Iesco,400,4,20.5,0.0,0.0,Baseline,65,Safe,0.0,0.0,,250,,,
murree,2025-12-19,Winter (Dec-Jan),14.81,0.0,0.6,0.62,2025,12,,,,,,,,,,,,,,,,,,,,,,,,,,,,,,,Tourism & Hospitality,0,0.0,0.0,0.0,Iesco,400,4,20.5,0.0,0.0,Baseline,65,Safe,0.0,0.0,,250,,,
murree,2025-12-20,Winter (Dec-Jan),14.08,0.29,0.61,0.62,2025,12,,,,,,,,,,,,,,,,,,,,,,,,,,,,,,,Tourism & Hospitality,0,0.0,0.0,0.0,Iesco,400,4,20.5,0.0,0.0,Baseline,65,Safe,0.0,0.0,,250,,,
murree,2025-12-21,Winter (Dec-Jan),10.0,7.04,0.65,0.63,2025,12,,,,,,,,,,,,,,,,,,,,,,,,,,,,,,,Tourism & Hospitality,0,0.0,0.0,0.0,Iesco,400,4,20.5,0.0,0.0,Baseline,65,Safe,0.0,0.0,,250,,,
murree,2025-12-22,Winter (Dec-Jan),10.43,14.2,0.7,0.65,2025,12,,,,,,,,,,,,,,,,,,,,,,,,,,,,,,,Tourism & Hospitality,0,0.0,0.0,0.0,Iesco,400,4,20.5,0.0,0.0,Baseline,65,Safe,0.0,0.0,,250,,,
murree,2025-12-23,Winter (Dec-Jan),11.66,0.01,0.65,0.65,2025,12,,,,,,,,,,,,,,,,,,,,,,,,,,,,,,,Tourism & Hospitality,0,0.0,0.0,0.0,Iesco,400,4,20.5,0.0,0.0,Baseline,65,Safe,0.0,0.0,,250,,,
murree,2025-12-24,Winter (Dec-Jan),12.18,0.0,0.64,0.65,2025,12,,,,,,,,,,,,,,,,,,,,,,,,,,,,,,,Tourism & Hospitality,0,0.0,0.0,0.0,Iesco,400,4,20.5,0.0,0.0,Baseline,65,Safe,0.0,0.0,,250,,,
murree,2025-12-25,Winter (Dec-Jan),11.75,0.0,0.63,0.65,2025,12,,,,,,,,,,,,,,,,,,,,,,,,,,,,,,,Tourism & Hospitality,0,0.0,0.0,0.0,Iesco,400,4,20.5,0.0,0.0,Baseline,65,Safe,0.0,0.0,,250,,,
murree,2025-12-26,Winter (Dec-Jan),12.47,0.0,0.63,0.65,2025,12,,,,,,,,,,,,,,,,,,,,,,,,,,,,,,,Tourism & Hospitality,0,0.0,0.0,0.0,Iesco,400,4,20.5,0.0,0.0,Baseline,65,Safe,0.0,0.0,,250,,,
murree,2025-12-27,Winter (Dec-Jan),11.99,0.0,0.63,0.64,2025,12,,,,,,,,,,,,,,,,,,,,,,,,,,,,,,,Tourism & Hospitality,0,0.0,0.0,0.0,Iesco,400,4,20.5,0.0,0.0,Baseline,65,Safe,0.0,0.0,,250,,,
murree,2025-12-28,Winter (Dec-Jan),10.64,0.0,0.63,0.64,2025,12,,,,,,,,,,,,,,,,,,,,,,,,,,,,,,,Tourism & Hospitality,0,0.0,0.0,0.0,Iesco,400,4,20.5,0.0,0.0,Baseline,65,Safe,0.0,0.0,,250,,,
murree,2025-12-29,Winter (Dec-Jan),12.5,0.0,0.62,0.64,2025,12,,,,,,,,,,,,,,,,,,,,,,,,,,,,,,,Tourism & Hospitality,0,0.0,0.0,0.0,Iesco,400,4,20.5,0.0,0.0,Baseline,65,Safe,0.0,0.0,,250,,,
murree,2025-12-30,Winter (Dec-Jan),10.14,0.34,0.63,0.64,2025,12,,,,,,,,,,,,,,,,,,,,,,,,,,,,,,,Tourism & Hospitality,0,0.0,0.0,0.0,Iesco,400,4,20.5,0.0,0.0,Baseline,65,Safe,0.0,0.0,,250,,,
murree,2025-12-31,Winter (Dec-Jan),7.22,9.99,0.67,0.64,2025,12,,,,,,,,,,,,,,,,,,,,,,,,,,,,,,,Tourism & Hospitality,0,0.0,0.0,0.0,Iesco,400,4,20.5,0.0,0.0,Baseline,65,Safe,0.0,0.0,,250,,,
